"kapitola";"věta";"rozsudek";"komentář"
"I";"Holé nohy měla drze položené na jídelním stole.";"PONECHAT";"Silný úvodní obraz, ""drze"" přesně nese charakter Klárky bez zbytečného vysvětlování."
"I";"Nepřekážel jí v tom ani talíř s dvakrát ukousnutou houskou, do kterého ťukala spodkem paty.";"PONECHAT";"Konkrétní, tělesný detail, dobrý rytmus, žádný nadbytečný přívlastek."
"I";"Kolem talíře ležela zrnka soli a máku, která před jídlem z pečiva důkladně smetla hřbetem ruky, jak měla poslední dobou ve zvyku.";"UPRAVIT";"""Důkladně"" je nadbytečný přívlastek k už popisnému ""smetla hřbetem ruky"" - škrtnout. ""Jak měla poslední dobou ve zvyku"" naznačuje změnu chování (relevantní k jejímu smutku) - ponechat."
"I";"Nešikovným pohybem se jí podařilo převrhnout vysoký kelímek bílého jogurtu i s lžící a zamazat tak desku stolu.";"UPRAVIT";"""Nešikovným"", ""vysoký"" a ""bílého"" jsou tři přívlastky navíc k jedné akci - jogurt je definičně bílý. Zredukovat na ""převrhla kelímek jogurtu i s lžící""."
"I";"Tomáš tušil, že si spíš vymáchá nohy v jogurtu a roznese ho po celém domě, než aby si ukrojila dvě minuty ze svého pohodlí, vzala navlhčený hadr a otřela tu spoušť stejně pečlivě jako housku od zrníček.";"PONECHAT";"Klíčová věta - ustavuje Tomášovu pozorovatelskou, bezmocnou roli a Klárčinu lhostejnost. Nese charakterizaci obou postav najednou, nekrátit."
"I";"Už se málem chtěl sebrat a ten nepořádek po Klárce uklidit.";"PONECHAT";"Ukazuje Tomášovu neschopnost přestat pečovat i po smrti - důležitý motiv duchovské bezmoci."
"I";"„Nesmysl,“ připomněl si.";"PONECHAT";"Úsporný dialogový zlom, dobré tempo."
"I";"Stál v protějším rohu kuchyně a věděl, že nic nezmůže.";"PONECHAT";"Uzavírá odstavec potvrzením bezmoci a scénickou kotvou (roh kuchyně)."
"I";"Patou lehce strčila do ležícího kelímku.";"UPRAVIT";"""Lehce"" je nadbytečný přívlastek - ""strčila"" už naznačuje míru síly, škrtnout."
"I";"Odkutálel se a zastavil až na samém okraji stolu.";"PONECHAT";"Konkrétní pohyb, dobrý detail napětí."
"I";"Škoda.";"PONECHAT";"Úsporný, ironický Tomášův komentář - přesně ten minimalismus, co chceš."
"I";"Tomáše zajímalo, jak by na pád na zem reagovala.";"PONECHAT";"Ukazuje jeho odtažitý, skoro experimentální pohled na Klárku."
"I";"Klárka odsunula nohy od jogurtové kaluže, což mu dodalo trochu naděje.";"UPRAVIT";"""Trochu"" je slabá vycpávka, oslabuje emoci místo aby ji zpřesnila - škrtnout nebo nahradit konkrétnějším výrazem."
"I";"I přes svou hudební hluchotu a její hudební němotu dokázal brzy a bezpečně identifikovat melodii, kterou si broukala, a to díky nezaměnitelnému refrénu „da-da-da“.";"UPRAVIT";"""Brzy a bezpečně"" a ""nezaměnitelnému"" jsou přívlastky navíc - stačí ""dokázal identifikovat melodii"". Detail (da-da-da) navazuje na finále knihy v kap. XII - spojnici ponechat, opis zkrátit."
"I";"Popcorn od Gershona Kingsleyho.";"PONECHAT";"Konkrétní, věcná pointa vtipu - dobrý minimalistický úder."
"I";"Tomáš se odvážil opustit svůj kout, obešel stůl tou nejdelší cestou a upřel zrak na jeho střed, aby si důkladně prohlédl spoušť, které Klárka říkala snídaně.";"UPRAVIT";"""Důkladně"" opět nadbytečné. ""Tou nejdelší cestou"" je dobrý detail duchovské opatrnosti - ponechat, jen škrtnout ""důkladně""."
"I";"Postavil se k místu, kde dříve usedal k večeřím a víkendovým obědům, a pozoroval ji při balení cigaret.";"PONECHAT";"Nese informaci o jeho bývalém životě bez sentimentality, funkční."
"I";"Cigarety ubalené Klárkou měly jednu krásnou vlastnost – každá byla nepovedená trochu jinak.";"UPRAVIT";"""Krásnou"" je funkční ironický přívlastek. ""Trochu"" je slabé - zvážit ""každá nepovedená jinak"" bez ""trochu""."
"I";"Váleček papírku klouzal mezi jejími zažloutlými palci a ukazováčky.";"PONECHAT";"""Zažloutlými"" je funkční přívlastek (kouření, ne dekorace), silný tělesný detail."
"I";"Snad doufala, že po olíznutí a svinutí se dá ještě něco napravit.";"PONECHAT";"Dobrá ironie, úsporné."
"I";"„Možná, kdyby se u toho nehoupala, dopadlo by to pro jednou jinak,“ pomyslel si Tomáš.";"PONECHAT";"Přímá myšlenka udržuje živost scény, funkční."
"I";"Po roce kouření dokázala vyrobit úhlednou cigaretu jen svátečně, a to si ještě musela dávat obzvlášť záležet.";"UPRAVIT";"""Obzvlášť"" je vycpávka navíc k už jasnému ""musela dávat záležet"" - škrtnout."
"I";"Hotový váleček přidala k ostatním do stříbrné tabatěrky s orlicí svírající v drápech svastiku, kterou její děda na konci války údajně ukradl nějakému skopčákovi.";"PONECHAT";"Silný, temně ironický historický detail (nacistická tabatěrka jako rodinné dědictví), tematicky rezonuje s celou sbírkou - nesahat."
"I";"I přes znechucení pocítil nutkání ji pohladit po lýtku a zajet jí prsty do vlasů, jako to dělával dřív.";"PONECHAT";"Klíčová věta - fyzická touha ducha, který se nemůže dotknout, silný citový základ kapitoly."
"I";"Chytil by ji kolem ramen, políbil na tvář a Klárka by se usmála a pohledem do podlahy by se svůj úsměv pokusila skrýt.";"PONECHAT";"Podmiňovací způsob nese celou tragiku (nemůže to udělat) - nesahat."
"I";"Tomáš by o něm samozřejmě věděl, což by ho přimělo ji pohladit po tváři.";"SMAZAT";"Opakuje již řečené (hladění) a je logicky kruhová - neposouvá obraz dál, jen prodlužuje myšlenku, která už zazněla."
"I";"Přejel by jí prsty po místě, kde se poslední rok vrstvily vrásky a usychala kůže.";"PONECHAT";"Silný obraz stárnutí/žalu za rok jejich odloučení, dobrá pointa odstavce."
"I";"Odebral se do obývacího pokoje k obývací stěně s vitrínami a prosklenými skříněmi, jak se to podle zvyklostí dvacátého století ve východní Evropě dělalo.";"UPRAVIT";"""Podle zvyklostí dvacátého století ve východní Evropě"" je zbytečně esejistické vysvětlování - obraz ""obývací stěny"" čtenář sám dosadí. Zkrátit."
"I";"Pár fotek rodičů, sem tam podobizna náhodného důchodce, čajový servis z růžového porcelánu z výletu do Karlových Varů.";"PONECHAT";"Výčet konkrétních předmětů buduje atmosféru domácnosti přesně a úsporně."
"I";"Několik suvenýrů z dovolené v Itálii, které Klárka jednou nazvala kýčovinami, a mnoho další veteše, jako z výlohy židovského obchůdku, kterou Tomáš pro sebe nazval píčovinami.";"UPRAVIT / OVĚŘIT";"""Jako z výlohy židovského obchůdku"" nenese jasný obraz, spíš riziko - zvážit škrtnutí nebo nahrazení konkrétnějším přirovnáním (""jako z bazaru"", ""z vetešnictví"")."
"I";"Všem těm lapačům prachu dominoval jeho oblíbený rázostroj, postavený na čestném místě uprostřed komody.";"UPRAVIT";"""Čestném"" je klišé přívlastek. ""Lapačům prachu"" je dobrá ironická zkratka za veteš - ponechat tu, škrtnout ""čestném""."
"I";"Rázostroj – Newtonova houpačka – se skládal ze dvou rovnoběžných rámů na dřevěné desce.";"UPRAVIT";"Popisná/technická věta hraničící s návodem. Rázostroj je klíčový symbol (impuls = motiv knihy) - zvážit zkrácení popisu na nejnutnější minimum."
"I";"Na nich bylo zavěšeno osm kuliček z nerezové oceli o stejné hmotnosti, každá na vlastní houpačce, těsně vedle sebe.";"SMAZAT";"Přílišná technická preciznost zní jako z instrukčního manuálu, ne próza - zpomaluje bez emočního přínosu."
"I";"Palcem a ukazováčkem uchopil krajní kuličku, zvedl ji a pustil.";"PONECHAT";"Konkrétní gesto, dobré tempo, klíčové pro motiv ""impulzu""."
"I";"Kinetická energie se přenesla skrz celou řadu a vyhoupla kuličku na druhém konci.";"UPRAVIT";"""Kinetická energie"" je fyzikální terminologie, klinicky vytrhává z prózy - nahradit obrazně (""náraz proběhl řadou a na druhém konci vyskočila kulička"")."
"I";"Ta úkon zopakovala – zákon zachování energie a zákon zachování hybnosti.";"SMAZAT";"Učebnicové vysvětlení fyzikálního zákona v próze - stejný typ prohřešku jako pozdější ""plantární hyperémie"" v kap. XII. Obraz houpačky je jasný i bez fyzikálního výkladu."
"I";"Nahlédl do kuchyně.";"PONECHAT";"Krátká, funkční přechodová věta."
"I";"Klárka si přestala broukat, ale stále se houpala do rytmu.";"PONECHAT";"Dobrý detail, spojuje motiv hudby s motivem houpání (odkaz na rázostroj)."
"I";"Sedl si na podlahu do falešného tureckého sedu, jak to dělávají děti ve školce, když chce mít paní učitelka klid.";"UPRAVIT";"Přirovnání k dětem ve školce je roztomilé, ale přetažené - zvážit zkrácení na ""Sedl si na podlahu do tureckého sedu, jako dítě čekající na paní učitelku."""
"I";"Z obýváku měl krásný výhled na celé její tělo usazené za stolem.";"UPRAVIT";"""Krásný"" je generický přívlastek - škrtnout nebo nahradit konkrétnějším."
"I";"Chyběla mu.";"PONECHAT";"Nejúspornější a nejsilnější věta odstavce - holé přiznání citu po sérii pozorování. Nesahat."
"I";"Těžkopádným pohybem shodila nohy ze stolu.";"UPRAVIT / OVĚŘIT";"""Těžkopádným"" - ověřit, zda nese informaci o jejím psychickém stavu (otupělost), nebo je jen popisné vycpávkové adjektivum."
"I";"Na místě, kam došlápla pravou patou, a pak ještě tam, kde udělala první dva kroky, zůstaly drobné lesklé flíčky.";"PONECHAT";"Přesný stopovací detail (šlápoty od jogurtu), dobrá vizuální kontinuita s úvodem kapitoly."
"I";"Do jednoho z nich ještě jednou šlápla, když se vracela s hadrem.";"PONECHAT";"Drobná, groteskní komika, typická pro tón knihy."
"I";"Stůl dvakrát přejela a hadr vrátila na kuchyňskou linku.";"PONECHAT";"Úsporný popis rutinní akce, dobré tempo."
"I";"Tomáš byl vlastně rád, že ho předtím navlhčila vodou z kohoutku, a ne plivnutím.";"PONECHAT";"Černý humor přesně v tónu knihy, silná pointa odstavce."
"I";"Podívala se na hodiny na stěně, pak na hodinky na ruce; snad čekala, že na nich najde přívětivější čas a stihne přijít včas do práce.";"UPRAVIT";"""Přívětivější"" je hezká personifikace, ponechat. Věta spojuje dvě myšlenky středníkem - zvážit rozdělení pro lepší rytmus."
"I";"Poplácala se dlaněmi po bocích a pod pasem, zapomněvši, že oranžový župan nemá kapsy.";"PONECHAT";"Konkrétní komické gesto, archaizující ""zapomněvši"" dodává textu zvláštní rejstřík - funguje."
"I";"Několikrát se rozhlédla po místnosti, dvakrát se otočila kolem své osy, dokud si nevzpomněla, že tabatěrku nechala ležet na židli.";"UPRAVIT";"""Několikrát"" a ""dvakrát"" vedle sebe působí numericky rozporuplně/kostrbatě - zjednodušit."
"I";"Chňapla po pouzdru, přiložila si ho ke rtům a doufala, že jí cigareta přiletí do úst sama.";"PONECHAT";"Živý, přesný komický obraz zoufalé rutiny."
"I";"Zapalovač vzplál až na pátý pokus.";"PONECHAT";"Konkrétní detail, dobré tempo, ukazuje frustraci beze slov."
"I";"Při vdechnutí prvního šluku se rozběhla kobylím klusem z kuchyně ven na dvorek.";"UPRAVIT / OVĚŘIT";"""Kobylím klusem"" je nápadité, ale možná příliš exotické přirovnání pro tuto scénu - ověřit, zda sedí k celkovému stylu (viz podobné zvířecí přirovnání s ""provazochodkyní"" níže)."
"I";"Tomáš setrvával v tureckém sedu a čekal, až Klárka dokouří.";"PONECHAT";"Funkční přechod, drží scénickou kontinuitu."
"I";"Kuličky na rázostroji se pohupovaly téměř stejně rychle, jako když je rozhoupal.";"PONECHAT";"Návrat k symbolu impulzu/houpačky, dobrá stavební linka napříč odstavci."
"I";"Kousek od něj byl připíchnutý pohled od bratrance Matěje, zakoupený v letovisku na španělském pobřeží Costa Brava.";"UPRAVIT";"""Zakoupený v letovisku na španělském pobřeží"" je zbytečně popiskově přesné - zkrátit na ""pohled od bratrance Matěje z Costa Bravy""."
"I";"Fotografie zachycovala moře, žlutou linii písečné pláže, borovice a bílé domy.";"PONECHAT";"Konkrétní, obrazný výčet - dobrý kontrast k šedivé realitě kuchyně."
"I";"Tomáš si na chvíli představil, že jeden z těch domů je jeho – projel jím intenzivní záblesk lítosti.";"UPRAVIT";"""Intenzivní"" je nadbytečný přívlastek k už silnému ""záblesk lítosti"" - škrtnout."
"I";"To ho překvapilo, netušil, že je ještě takového citu schopen.";"PONECHAT";"Důležitá věta - ukazuje jeho postupné znovuobjevování emocí po smrti, tematicky klíčové."
"I";"Kuličky na rázostroji se dál pohupovaly, jen o trochu pomaleji.";"PONECHAT";"Dobrá uzavírací kadence odstavce - symbol dobíhajícího impulzu/energie."
"I";"Klárka se vrátila z cigarety – toho rána to byla už čtvrtá.";"PONECHAT";"Konkrétní detail (počítání cigaret) naznačuje míru její úzkosti bez přímého komentáře."
"I";"Zhluboka dýchala nosem a našlapovala po chodbě jako provazochodkyně bojící se fatálního zaškobrtnutí.";"UPRAVIT";"""Fatálního"" je nadbytečný, knižní přívlastek k už jasnému obrazu provazochodkyně - škrtnout."
"I";"Tomáš šel za ní po schodech nahoru.";"PONECHAT";"Prostý přechod, funkční."
"I";"Ve svých dvaceti devíti letech se šourala jako důchodkyně po návratu z LDN.";"PONECHAT";"Silný kontrast věku a fyzického stavu, LDN motiv se opakuje - dobrá stavební linka, nesahat."
"I";"Ložnici dominovala vysoká postel s tmavým dekorem dřeva.";"UPRAVIT";"""Vysoká"" a ""tmavým dekorem"" - dva přívlastky vedle sebe, zredukovat na jeden nejsilnější detail."
"I";"Bok postele se odrážel v zrcadle skříně zabírající celou stěnu.";"PONECHAT";"Dobrý prostorový detail, funkční pro následující scénu."
"I";"Po obou stranách stály dva identické noční stolky, jednovaječná dvojčata.";"PONECHAT";"""Jednovaječná dvojčata"" je vtipná, přesná metafora - dobrý příklad poetičnosti bez zbytečnosti, nesahat."
"I";"Na prvním stála lampa se zeleným stínítkem a mosazným zakrouceným stojanem, která se rozsvěcela a zhasínala taháním za zlatavý řetízek jako ve starých amerických detektivkách.";"UPRAVIT";"Tři přívlastky (""zeleným"", ""mosazným zakrouceným"", ""zlatavý"") na jednu lampu je moc - zredukovat na jeden až dva. Přirovnání k americkým detektivkám ponechat."
"I";"Pod ní měla Klárka položeného Jorise-Karla Huysmanse ve žlutém přebalu.";"PONECHAT";"Konkrétní literární odkaz (dekadentní autor) charakterizuje Klárku nepřímo - funkční detail."
"I";"Druhý stolek byl skromnější, ležela na něm jen nabíječka a balíček papírových kapesníčků.";"PONECHAT";"Dobrý kontrast k prvnímu stolku (Tomášova strana postele opuštěná), funkční."
"I";"Idylu dokreslovaly paprsky prosvítající skrz masivní dřevěné okenice toskánského zbarvení, které Tomáš nechal kdysi nainstalovat bez ohledu na přehnanou fakturu od truhláře.";"UPRAVIT";"""Masivní"", ""toskánského zbarvení"", ""přehnanou"" - tři přívlastky v jedné větě. Zredukovat, hlavní informace (jeho rozmařilost) lze zachovat úsporněji."
"I";"Za něco mu líto peněz prostě nebylo.";"PONECHAT";"Krátká, úsporná pointa charakterizující Tomáše - dobrý kontrast k následující větě."
"I";"I přesto v ložnici něco zoufale chybělo.";"UPRAVIT";"""Zoufale"" je silný, ale příliš explicitní přívlastek - věta funguje i bez něj, nechává čtenáře dovtípit se sám."
"I";"Tomáš si stoupl do svého oblíbeného rohu, odkud měl dobrý výhled jak na Klárčina záda, tak na zrcadlo, před kterým se upravovala.";"PONECHAT";"Funkční prostorová informace pro následující scénu."
"I";"Klárka se na chvíli otočila čelem k němu, jako by ho tam snad spatřila.";"PONECHAT";"Důležitý moment nejednoznačnosti (vidí ho, nebo ne?) - klíčový pro napětí duch/živí, nesahat."
"I";"Spustila ze sebe župan, vytáhla ze skříně náhodné spodní prádlo, zatímco kalhoty a vršek vyhrábla ještě nahá z odkládací hromady na pohovce.";"PONECHAT";"Konkrétní, nesentimentální popis rutiny, dobré tempo."
"I";"Oblečení si vybrala hlasitým očicháváním.";"PONECHAT";"Groteskní, přesný detail zanedbanosti - silný a úsporný."
"I";"Zvolila modré džíny a bílou halenku, která na ní visela jako plachta na galéře.";"PONECHAT";"Silné přirovnání (naznačuje hubnutí ze zármutku obrazně, ne přímo řečeno) - přesně ten typ poetičnosti, co chceš."
"I";"S patrně menším zájmem, než s jakým smetávala sůl a mák z housky, si hřbetem ruky otřela venkovní špínu z plosek nohou, nechala ji dopadnout na podlahu a natáhla si bílé ponožky.";"UPRAVIT";"Věta zatížená vloženou srovnávací klauzí, zpomaluje - zvážit rozdělení na dvě kratší věty pro lepší rytmus, obsah zachovat."
"I";"Tomáš nestačil postřehnout, zda si z achilovky smyla i zbytky jogurtu, a jen v to doufal.";"PONECHAT";"Uzavírá jogurtový motiv z úvodu kapitoly, dobrá stavební smyčka."
"I";"Blonďatou, po ránu rozpustilou hřívu zkrotila hřebenem improvizovaně vytvořeným z prstů.";"UPRAVIT";"""Blonďatou"" a ""po ránu rozpustilou"" - dva přívlastky k ""hřívě"", zvážit ponechat jen jeden. Metafora ""hříva"" je hezká, nesahat na ni."
"I";"Na koberci pod postelí stála jedna kozačka a vedle ní ležela druhá.";"PONECHAT";"Přesný vizuální detail nepořádku, dobrá kontinuita s motivem bot dále v textu."
"I";"Nepamatoval si značku, ale nosila je déle, než chodila s ním.";"PONECHAT";"Silná, tichá informace o délce jejich vztahu vs. věku bot - funguje bez vysvětlování."
"I";"Tisíce prošlapaných kilometrů se na nich podepsaly jen osobitou patinou.";"PONECHAT";"Motiv bot se vrací v kap. I odst. 22 (Alenčiny boty) - důležitá stavební linka napříč knihou, nesahat."
"I";"Cestou z domu prošla kolem hliníkové popelnice s umazaným víkem.";"UPRAVIT";"""Hliníkové"" a ""umazaným"" - dva přívlastky, zvážit ponechat jen jeden podstatný pro následující scénu."
"I";"Další cigaretu si nezapálila, bylo už po sedmé.";"PONECHAT";"Konkrétní časový detail, funkční, drží tempo rána."
"I";"U dveří stříbrné toyoty se zastavila a rozhlédla se po dvorku, jako by pátrala po někom, kdo ji sleduje.";"PONECHAT";"Klíčový moment - naznačuje, že možná cítí Tomášovu přítomnost, nesahat."
"I";"Upřela zrak na popelnici, před kterou stál Tomáš.";"PONECHAT";"Přesný, napjatý moment - dívá se přímo na místo, kde stojí duch."
"I";"Viděl jí přímo do očí.";"PONECHAT";"Krátká, silná věta, vrchol napětí odstavce."
"I";"Dvě zelené boule plovoucí v očním bělmu, schované za přivřenými víčky – nic víc.";"UPRAVIT / OVĚŘIT";"""Boule"" jako popis očí je nezvykle odlidštěný obraz - pokud je to záměr (Tomášovo klinické vnímání), ponechat; jinak zvážit méně anatomický výraz."
"I";"Tomáš nebyl ten typ, který by v lidských očích hledal něco víc než jen orgán pro vnímání, a poslední rok na tom nic nezměnil.";"UPRAVIT";"""Orgán pro vnímání"" je klinický výraz a věta hraničí s vysvětlující redundancí k předchozí (už obrazně řečeno) - zvážit zkrácení."
"I";"Jen ho na chvíli napadlo, že ho Klárka vidí.";"PONECHAT";"Klíčová naděje/otázka duchovské existence - nesahat."
"I";"Že se nedívá na popelnici, ale na něj, přímo do očí.";"PONECHAT";"Gradace předchozí věty, dobré tempo, krátké věty umocňují napětí."
"I";"Ten nesmysl ho přešel dřív, než nasedla do auta a odjela do školy.";"PONECHAT / OVĚŘIT";"Rezignovaný uzávěr napětí, funkční. ""Do školy"" - ověřit konzistenci s odst. 15, kde se mluví o ""práci""."
"I";"Nespal už 367 dní.";"PONECHAT";"Klíčová expoziční věta - odhaluje, že Tomáš je mrtvý/duch. Krátká, úderná, přesně na místě."
"I";"Tedy pokud dobře počítal.";"PONECHAT";"Dobrá ironická nejistota, krátké tempo."
"I";"Dávno nebyl schopen vnímat čas jako lidé.";"PONECHAT";"Funkční expozice."
"I";"Nerozuměl hodinám ani kalendáři, obvykle měl problém rozlišit den od noci.";"PONECHAT";"Konkrétní rozvedení předchozí věty, dobré tempo."
"I";"Občas se pokoušel zjistit čas z data uvedeného v novinách, ale číslice mu připadaly cizí jako egyptské hieroglyfy.";"PONECHAT";"Silné přirovnání, funguje."
"I";"Někdy se mu podařilo datum přečíst a výjimečně pochopil jeho význam, ale nikdy si ho nedokázal zapamatovat.";"UPRAVIT";"Redundantní gradace (přečíst/pochopit/zapamatovat) - lze zkrátit beze ztráty informace."
"I";"Nevadilo mu to, našel si vlastní způsob měření času – sledováním Kláry.";"PONECHAT";"Klíčová, krásná věta - shrnuje celý vztah duch/živá jednou metaforou, nesahat."
"I";"Jedna vykouřená cigareta se dle jeho odhadu rovnala dvěma až třem minutám, jedno nervózní škubnutí koutků jejích úst mohlo odpovídat jedné sekundě.";"PONECHAT";"Konkrétní, originální systém měření - silně poetické a přesně v duchu knihy (viz ""impulz"", houpačka), nesahat."
"I";"Skvělým indikátorem bylo její prádlo.";"UPRAVIT";"""Skvělým"" je generický přívlastek - zvážit škrtnutí, věta funguje i bez něj."
"I";"Podle toho, jak si měnila prádlo, dokázal poznat den v týdnu.";"PONECHAT";"Funkční rozvinutí předchozí myšlenky."
"I";"Do školy střídala jedny modré rifle a v teplých měsících nosila růžovo-bílé šaty s květovaným vzorem.";"PONECHAT / OVĚŘIT";"Konkrétní, vizuální detail - ""do školy"" potvrzuje otázku z odst. výše (studuje/učí?), ověřit kontinuitu napříč knihou."
"I";"Ve volných dnech si pak vystačila s jedněmi černými tepláky, které si prala každou druhou neděli.";"PONECHAT";"Dobrý detail rutiny/zanedbanosti."
"I";"Deštník a mokrý kabát v předsíni zase prozrazovaly, že venku prší.";"PONECHAT";"Uzavírá výčet indikátorů, funkční, úsporné."
"I";"Tomáš totiž kromě schopnosti vnímat čas přestal vnímat i déšť, teplo, zimu, bolest a většinu emocí.";"UPRAVIT";"Výčet pěti položek je trochu dlouhý - zvážit zredukování na tři nejsilnější (např. ""teplo, bolest, většinu emocí"")."
"I";"Celý svět i zbytky vlastní existence vnímal skrze Klárku.";"PONECHAT";"Silná, poetická uzavírací věta odstavce - tematické jádro celé knihy, nesahat."
"I";"Teď, když byla v práci, se musel zabavit jinak.";"OVĚŘIT";"""V práci"" vs. ""do školy"" v odst. výše - možná nesrovnalost (studuje, nebo pracuje?), nebo ""škola"" = její pracoviště (učitelka?). Ověřit s autorem kvůli konzistenci napříč knihou."
"I";"Napadlo ho, že by se mohl vydat hledat odpověď na otázku, jak se zbavit utrpení.";"PONECHAT";"Funkční expozice následující pouti."
"I";"Neměl ponětí, kam jít, tak se vydal po ulici v domnění, že se při náhodném odbočování dokáže ztratit.";"PONECHAT";"Dobrý přechod do scény bloudění."
"I";"Co jsem komu udělal, pomyslel si.";"PONECHAT";"Úsporná, univerzální otázka trápení - silná."
"I";"Někde za hvězdami, mimo čas a prostor, sledoval Bůh Tomášovo utrpení a jen si pomyslel: LOL.";"PONECHAT";"Odvážný anachronický zásah (""LOL"") - přesně v černohumorném tónu knihy, silná pointa, nesahat."
"I";"Ještě že Bůh dávno zemřel.";"PONECHAT";"Motiv ""mrtvého Boha"" se vrací v kap. XII (dialog s Garnierem) - důležitá stavební linka napříč knihou, nesahat."
"I";"Dvě řady natěsnaných rodinných domků, částečně schovaných za mladými kaštany.";"PONECHAT";"Dobrý úvodní obraz předměstí, funkční."
"I";"Předměstská čtvrť, po které každý chlap toužil v naději, že si tam založí rodinu a od června do října bude pořádat grilovačky pro přátele, co mu zůstali věrní i po třicítce.";"UPRAVIT";"Esejisticky dlouhá věta - myšlenka (typické předměstské klišé) je jasná dřív, než věta skončí, zkrátit."
"I";"Taková ta parta složená z bratranců, sourozenců a možná jednoho spolužáka ze základky, kterému se nikdy moc nedařilo.";"PONECHAT";"Dobrá, přesná sociální charakteristika, funguje jako uzavření předchozí věty."
"I";"Prošel první prošlapanou odbočkou mezi ploty a záměrně se vyhnul známým cestám.";"PONECHAT";"Funkční, konkrétní."
"I";"Ocitl se na Plajnerově ulici, vzdálené sotva pár set metrů od domova.";"PONECHAT";"Konkrétní topografie, dobré zakotvení scény."
"I";"Ztratit se ve městě, které znal šest let a celý poslední rok se v něm bezcílně toulal, nebylo snadné.";"PONECHAT";"Funkční, spojuje časové údaje (šest let, poslední rok) konzistentně s ""367 dny""."
"I";"Došel na konec ulice a na křižovatce se vydal méně pravděpodobnou cestou.";"PONECHAT";"Dobré tempo, konkrétní."
"I";"Učinil tak ještě šestkrát a doufal, že se nešťastnou kombinací zatáček nedostane zpátky domů.";"PONECHAT";"Funkční, ironické (""nešťastnou"" - i doma je mu nedobře)."
"I";"Jen co se propletl šesti stromořadími, uviděl za městskou zástavbou sytě žluté pole dosud nesklizeného obilí.";"UPRAVIT";"""Sytě"" je nadbytečný přívlastek k ""žluté"" - škrtnout."
"I";"Bylo bahnité od včerejšího deště a nedaleko za ním se tyčil smrkový les.";"PONECHAT";"Konkrétní, funkční přechod do krajiny."
"I";"Vydal se přes zablácené pole po žluté stezce, která končila až u něj.";"PONECHAT";"Dobrá kompozice, uzavírá odstavec pohybem k lesu."
"I";"Byl říjen a ten se nedal ošálit slunečními paprsky a bezmračnou oblohou.";"PONECHAT";"Silný úvod do metafory podzimu/umírání, funguje."
"I";"Poslední říjnové projevy léta jsou jako umírající důchodce na oddělení LDN.";"PONECHAT";"Klíčová metafora, propojuje se s LDN motivem u Klárky - důležitá stavební linka, nesahat."
"I";"Z posledních sil září kolem sebe, směje se na vnoučata a dospělé potomky seřazené kolem lůžka.";"PONECHAT";"Rozvíjí metaforu konkrétně a dojemně, funguje."
"I";"Natáhne k nim rozklepané ruce; tam, kde dříve pronikaly obrysy svalů, vystoupily jaterní skvrny.";"PONECHAT";"Silný, tělesný obraz stárnutí - dobré pokračování metafory."
"I";"Jeho syn, otec přítomných dětí, prohlásí chlácholivou lež, ale všichni vědí, že vzduch už teplejší nebude.";"PONECHAT";"Dobrá pointa metafory - ironie/smíření se smrtí."
"I";"Je podzim.";"PONECHAT";"Krátká, úderná věta - dobrý kontrast po dlouhé metafoře, ukončuje odbočku."
"I";"Za pár týdnů zasněží a staříkovy ruce už zůstanou bezvládné.";"PONECHAT";"Silné zakončení metafory smrti, nesahat."
"I";"Tomáš si nepamatoval cestu lesem – pokud tedy vůbec nějaká byla.";"PONECHAT";"Funkční, dobrá nejistota (duch ztrácí orientaci v prostoru/čase)."
"I";"K sobě přišel v Horních Březanech.";"PONECHAT";"Konkrétní topografie, funkční přechod."
"I";"„Takhle to dál nejde. Mysli, Tomáši!“ řekl si.";"PONECHAT";"Přímá řeč, dobrý dramatický zlom."
"I";"Uvědomoval si, že tady nenajde, co hledá, ať už to bylo cokoliv.";"PONECHAT";"Funkční, drží linii hledání."
"I";"Musel se dostat z uzavřeného prostoru svého města a okolí.";"PONECHAT";"Funkční, konkrétní cíl."
"I";"Zbavit se otěží nostalgie, odhodit je jako ohlodané kosti hladovým psům.";"PONECHAT";"Silná, originální metafora - nesahat."
"I";"Tomáš už byl přežraný.";"PONECHAT";"Krátká, úderná pointa navazující na metaforu psů/kostí."
"I";"Snad Plzeň by nebyla špatná, kdysi měl rád tamější pivo.";"PONECHAT";"Konkrétní, lidský detail, dobré odlehčení."
"I";"Mohl by zkusit ještě Jihlavu, na škole tam měl poměr s jistou Lenkou, nebo se možná jmenovala Alenka.";"PONECHAT";"Nejistota jména je dobrý detail - ukazuje, jak vzdálený a nedůležitý mu ten vztah dnes je."
"I";"Už ani nevěděl, proč mu to s ní nevyšlo, pamatoval si jen, že to byl jeden z lepších vztahů.";"PONECHAT";"Funkční, prohlubuje charakterizaci."
"I";"Jak znal Alenku, pravděpodobně už měla vlastní rodinu.";"PONECHAT";"Funkční přechod k následující úvaze."
"I";"Bývala konzervativnější a na založení rodiny spěchala rychleji, než se mu líbilo.";"PONECHAT";"Dobrý kontrast k jeho vztahu s Klárkou, charakterizační detail."
"I";"Za tu dobu si jistě našla jiného a už měli spolu jedno nebo dvě děti.";"PONECHAT";"Funkční pokračování úvahy."
"I";"Zajímalo ho, jaké by to bylo žít u nich.";"PONECHAT";"Funkční přechod do fantazie."
"I";"Každé ráno stát v rohu kuchyně a sledovat, jak si na vidličky nabírají míchaná vejce na másle s goudou, posypaná sekanou petrželí, a zapíjejí je pomerančovým džusem.";"UPRAVIT";"Až příliš detailní výčet jídla (""na másle s goudou, posypaná sekanou petrželí"") - tři přívlastky k vejcím, zredukovat, hlavní obraz (jiná, spořádaná rodina) přežije i s méně detaily."
"I";"Co když její rodina snídá po německu?";"PONECHAT";"Funkční, dobré tempo otázky."
"I";"Dva kousky pečiva, tavený sýr, nakrájená rajčata s okurkou a pár plátků kuřecí šunky.";"UPRAVIT";"Podobně přetížený výčet jako věta výše - zvážit zkrácení, aby nepůsobilo repetitivně vedle předchozího detailního výčtu vajec."
"I";"Otázkou bylo, jestli rodiny spolu ještě vůbec snídají.";"PONECHAT";"Dobrá, trpká pointa uzavírající úvahu o rodinné idyle."
"I";"Chtěl by Lenku sledovat při oblékání i svlékání.";"PONECHAT";"Funkční, ukazuje jeho vyloučenost a hlad po intimitě/přítomnosti."
"I";"Představoval si ji v nepadnoucí bílé halence, upnutých džínách a ve starých kozačkách.";"UPRAVIT";"Halenka a boty jsou detaily už použité pro Klárku (bílá halenka jako plachta, kozačky) - opakování zde může být záměrná stavební linka (obě ženy splývají v jeho mysli), nebo nechtěná repetice. Ověřit záměr."
"I";"Nemyslel na žádnou konkrétní značku, jen věděl, že kdysi takové opravdu měla, a to už předtím, než ho vůbec znala.";"PONECHAT";"Funkční, drží linii bot."
"I";"Musela to být kvalitní obuv, když se tisíce prošlapaných kilometrů na nich podepsaly jen osobitou patinou.";"SMAZAT";"Doslovné zopakování věty z popisu Klárčiných bot výše - pokud jde o záměrnou paralelu (Tomáš zaměňuje ženy), ponechat jako motiv, ale v současné podobě čtenáři spíš připadne jako chyba/copy-paste než záměr. Buď přeformulovat, nebo smazat."
"I";"Tomáš musel v Horních Březanech zabloudit.";"PONECHAT";"Funkční přechod."
"I";"Středobodem jeho cesty se totiž stala jedna ulice, na kterou se při pokusu uniknout z vesnice vždy vrátil, jako by snad měla vlastní gravitaci.";"PONECHAT";"Dobrá metafora (gravitace), funguje, drží motiv ""impulzu""/přitažlivosti napříč knihou."
"I";"Rostlo v ní několik mladých javorů a jako otec na ně ze zahrady schované za cihlovou zídkou dohlížel vzrostlý platan.";"PONECHAT";"Poetický obraz, personifikace stromu, funguje."
"I";"Jeho spodní větev rostla dost nízko, aby se přes ni dalo přehodit lano.";"PONECHAT";"Silná, tichá narážka na sebevraždu/oběšení - důležitý temný motiv, nesahat, ale sedí přesně v tónu."
"I";"Když nad tím tak přemýšlel, neviděl důvod, proč by své toulky měl omezovat jen na Česko.";"PONECHAT";"Funkční přechod."
"I";"Mohl by třeba do New Yorku.";"PONECHAT";"Krátké, dobré tempo."
"I";"Je tam obrovský Central Park, kde by mohl bloudit měsíce, které by plynuly jako hodiny a rozpouštěly se v letech.";"UPRAVIT";"""Obrovský"" je nadbytečný (Central Park je všeobecně znám jako rozlehlý) - škrtnout."
"I";"Uplynulým létům by se pak vysmíval.";"PONECHAT";"Funkční, krátké."
"I";"I Londýn býval pěkný, dřív mu tam vadili barevní.";"PONECHAT";"Odhaluje jeho dřívější rasismus přímo a nezastřeně - důležité pro následující sebereflexi, nesahat, funguje jako záměrně nepříjemný detail."
"I";"Dávno se však oprostil od pozemských obav pramenících z primitivního rasismu, který se dědil v rodinách jako stříbrné příbory.";"PONECHAT";"Silná metafora (rasismus jako dědictví/stříbrné příbory) - dobrá pointa k předchozí větě."
"I";"Nikdy přece nezáleželo na tom, jestli je člověk bílý, nebo modrý.";"PONECHAT";"Funkční, ironicky nadsazené (""modrý"") pro odlehčení tématu."
"I";"Vždyť střeva Holanďana jsou stejně dlouhá jako střeva Inda a žlučníky, ty mají taky všichni stejné.";"PONECHAT";"Groteskní, tělesná redukce rasismu na absurdno - silný černý humor, funguje, předznamenává žlučníkovou pointu níže."
"I";"„Jestli se za hvězdami zahrady pěstují, kam pak duše tamních tvorů putují?“";"PONECHAT";"Krátký, rýmovaný veršík uprostřed prózy - výrazný rytmický zlom, funguje jako lyrická vsuvka, nesahat."
"I";"Snad by tam žila stvoření s obrácenou kůží a bez jazyků, takže by si nemusel dělat hlavu, že jim nerozumí.";"PONECHAT";"Surrealistický obraz, dobré pokračování fantazie."
"I";"Celé dny by trávili novými zálibami.";"PONECHAT";"Funkční přechod."
"I";"V pondělí by vyráběl masového žraloka z nevypočitatelného množství domácích zvířat.";"PONECHAT";"Absurdní, groteskní obraz, funguje v surrealistickém tónu pasáže."
"I";"V úterý by pak žraloka slepoval z ojetých pneumatik.";"PONECHAT";"Pokračuje absurdní výčet, dobré tempo."
"I";"Toho by se tolik nebál, ale jakého žraloka by dělal ve středu?";"PONECHAT";"Dobrá, mírně znepokojivá pointa uzavírající absurdní odbočku."
"I";"Náhle ho začalo něco pálit napravo pod žebry.";"PONECHAT";"Funkční, návrat k tělesnému vnímání (paradox - necítí bolest, ale tohle ano?), dobrý zvrat."
"I";"Snad jako by měl něco se žlučníkem.";"PONECHAT";"Návazuje na žlučníkový vtip výše, dobrá stavební linka."
"I";"Tolik mu chyběl žlučník.";"PONECHAT";"Absurdní, groteskně dojemná věta - typický černý humor knihy, funguje."
"I";"Jeho malý žlučníček.";"UPRAVIT";"Zdrobnělina ""žlučníček"" prohlubuje absurdní sentiment - funguje, ale zvážit, zda po ""Tolik mu chyběl žlučník"" nejde o nadbytečné zopakování téže myšlenky. Možná ponechat jen jednu z dvojice vět."
"I";"Smutně pak hleděl do výlohy řeznictví.";"PONECHAT";"Silná, groteskně poetická závěrečná věta kapitoly - žlučník v řeznictví, temný humor, dobrý pointovací konec, nesahat."
"II";"„Tomáši, jdete pozdě, kde jste se zase toulal?“";"PONECHAT";"Dobrý úvodní dialogový úder, okamžitě staví mocenskou dynamiku Křivka/Tomáš, funkční."
"II";"„Víte, to se těžko vysvětluje.“";"PONECHAT";"Úsporná vyhýbavá odpověď, charakterizuje Tomáše jako podřízeného, funguje."
"II";"„Hlavně mi nic nevysvětlujte.";"PONECHAT";"Krátké, úderné, dobrý rytmus autoritářské řeči."
"II";"Prostě choďte včas, nebo aspoň ne takhle nápadně pozdě, jinak z toho budu muset vyvodit patřičné důsledky.“";"UPRAVIT";"""Patřičné důsledky"" je byrokraticky prázdná fráze - funguje jako charakterizace Křivky (mluví kancelářskou hantýrkou), ale zvážit zkrácení pro razanci."
"II";"„Rozumím, omlouvám se.";"PONECHAT";"Úsporné, funkční."
"II";"Už se to nebude opakovat.“";"PONECHAT";"Klišé fráze podřízeného - záměrně otřelá, funguje jako charakterizace."
"II";"„No a ještě něco.";"PONECHAT";"Dobrý přechod, buduje napětí před další výtkou."
"II";"Volal Koucký.";"PONECHAT";"Krátké, věcné."
"II";"Prý jste při sjednávání flotily zapomněl vyplnit jednu ovci.“";"PONECHAT";"""Ovci"" jako firemní žargon pro auto (odhaleno v odst. 6) je dobrý absurdní detail korporátní hantýrky, nesahat."
"II";"„Em… ovci?“";"PONECHAT";"Krátká, komická reakce, dobré tempo."
"II";"„Oktávku.“";"PONECHAT";"Pointa vtipu s ""ovcí"" - úsporné, funguje."
"II";"„Jo… no, to se může stát, ale Kouckému jsem poslal modelaci, návrh smlouvy, všechno to je uvedeno i ve finální…“";"PONECHAT";"Přerušená věta dobře simuluje, že ho Křivka utne - funkční dramaticky."
"II";"„Já se neptám na Kouckého!""";"PONECHAT";"Ostrá replika, dobrá eskalace."
"II";"Křivkův hlas zesílil.";"PONECHAT";"Krátká, funkční scénická poznámka."
"II";"Tomáš chápal, že by nebylo strategické vystupovat proti Křivkovi.";"PONECHAT";"Funkční přechod do vnitřního monologu."
"II";"Ten člověk se při porodu musel skřípnout.";"PONECHAT";"Krátká, groteskní pointa, dobrý černý humor."
"II";"Představil si starou Křivkovou, jak leží na porodním sále a najednou „křup“.";"PONECHAT";"Konkrétní, absurdní obraz, funguje - onomatopoie ""křup"" je efektivní."
"II";"To křupnutí se nesmazatelně propsalo do charakteru malého růžového Křivky a projevilo se s každým jeho otevřením úst, s každou jeho myšlenkou.";"UPRAVIT";"""Nesmazatelně"" a ""malého růžového"" jsou nadbytečné přívlastky k už jasnému obrazu - zredukovat, hlavně druhá polovina věty (""s každým otevřením úst, s každou myšlenkou"") je zbytná gradace."
"II";"„Mně je jedno, že si ten debil neumí spočítat auta nebo neumí číst.";"PONECHAT";"Ostrá, charakterizující replika, funguje."
"II";"Když bude klient negramotný, tak mu tu smlouvu budete předčítat tak dlouho, dokud se nám to vyplatí.";"PONECHAT";"Silná, cynická věta - odhaluje firemní bezohlednost, klíčové pro téma knihy (viz ""hypotéky"" v názvu sbírky)."
"II";"A to nebude tolikrát, protože jste pro nás dost drahý.“";"PONECHAT";"Dobrá, hrozivá pointa promluvy."
"II";"Open space, kde Křivka zastihl Tomáše, byl největší v celé pobočce.";"PONECHAT";"Funkční zasazení scény."
"II";"Dle Tomášova odhadu tam právě sedělo přes padesát jeho kolegů a Křivka měl dost silný hlas na to, aby byl slyšet po celé kanceláři.";"UPRAVIT";"Věta spojuje dvě samostatné informace (počet kolegů + síla hlasu) spojkou ""a"" - zvážit rozdělení pro lepší rytmus, hlavní účel (veřejné ponížení) zůstane jasnější."
"II";"„Ano, rozumím, podívám se na to,“ odpověděl Tomáš tiše.";"PONECHAT";"""Tiše"" v kontrastu k Křivkovu silnému hlasu - dobrý detail submisivity."
"II";"„Děkuji,“ odsekl Křivka.";"PONECHAT";"""Odsekl"" u zdvořilého slova je dobrý ironický kontrast - funguje."
"II";"Kolegové ztráceli při prvním sezení klidně sedm klientů z deseti.";"PONECHAT";"Konkrétní statistika, funkční, dodává věrohodnost prostředí."
"II";"Přes den největší frajeři s plnou hubou hlášek o rybníce plném velkých štik.";"PONECHAT";"Dobrá hovorová metafora (štiky = velcí klienti), funguje jako charakterizace machismu."
"II";"Ty samé borce pak potkával v karlínských barech na Jižáku, kde po pár drincích odložili image a zůstali z nich stydliví panicové, nechápající, proč žádná holka nechce „hodného kluka"".";"UPRAVIT";"""Na Jižáku"" a ""v karlínských barech"" je zeměpisně rozporuplné (Karlín a Jižní Město jsou různé lokality) - ověřit/opravit. Jinak silná, přesná sociální satira, ponechat obsah."
"II";"Když v poledne mířil chodbou do kuchyňky pro kávu, dohonil svého padawana Martina.";"PONECHAT";"""Padawana"" je dobrý ironický, generačně příznakový výraz - funguje, charakterizuje Tomáše."
"II";"Když tenhle kluk do firmy nastoupil, Tomáš mu letmě podal ruku a do minuty zapomněl jeho jméno.";"PONECHAT";"Konkrétní, funkční, ukazuje počáteční lhostejnost."
"II";"Nováčků si z principu nevšímal.";"PONECHAT";"Krátké, úsporné shrnutí postoje."
"II";"Šedesát procent z nich stejně nepřežilo první půlrok, a věnovat jim pozornost znamenalo jen přilákat jejich dotěrnost.";"PONECHAT";"Cynická, věrohodná firemní statistika + motivace, funguje."
"II";"Stýkat se začali až ve chvíli, kdy Martin vyfasoval Tomáše jako mentora.";"PONECHAT";"Funkční přechod."
"II";"Rychle ho ale zaujal.";"PONECHAT";"Krátké, dobré tempo, otáčí očekávání čtenáře."
"II";"Oplýval pronikavým intelektem a absurdním smyslem pro etiku – vlastnostmi, které se u pojišťováků vidí jen zřídka.";"UPRAVIT";"""Pronikavým"" je trochu otřelý přívlastek k ""intelektu"" - zvážit nahrazení konkrétnějším projevem inteligence místo pojmenování vlastnosti."
"II";"Tomáš v něm brzy začal vidět sám sebe.";"PONECHAT";"Klíčová věta, zakládá motiv zrcadlení Tomáš/Martin."
"II";"Byla to nepopiratelná, byť zakřiknutější podoba.";"PONECHAT";"Funkční upřesnění."
"II";"Tomáš měl občas mrazivý pocit, že Martin je jen jeho nedokonalá derivace.";"PONECHAT";"Silná, matematicky přesná metafora (""derivace"") - sedí k pojišťovácké/technické atmosféře knihy, nesahat."
"II";"Odštěpek vlastní podstaty, který se zhmotnil jen proto, aby mu neustále zrcadlil jeho vlastní lenost a necílevědomost.";"UPRAVIT";"Rozvíjí předchozí metaforu, ale ""lenost a necílevědomost"" je poněkud vysvětlující dvojice - zvážit ponechat jen jeden výraz pro úspornost."
"II";"„Martine, jsem rád, že jsi vyřešil toho Kouckého.";"PONECHAT";"Funkční dialog."
"II";"Hodně jsi mi tím pomohl,“ prolomil Tomáš ticho, zatímco míjeli prosklené kancelářské kóje.";"PONECHAT";"Dobrý prostorový detail (""prosklené kóje"") zasazující scénu."
"II";"„Za málo.";"PONECHAT";"Úsporné."
"II";"Jindy zas budu potřebovat pomoct já, však víš,“ odvětil Martin svým typicky nezúčastněným tónem.";"UPRAVIT";"""Typicky nezúčastněným"" je vysvětlující nálepka - lepší nechat tón promluvit sám, bez komentáře vypravěče."
"II";"„Hm, jasně,“ přikývl Tomáš.";"PONECHAT";"Krátké, funkční."
"II";"Měl na jazyku další slova, nutkání toho kluka nějak probrat k životu, vysvětlit mu, že tahle firma je džungle plná morální šedi, kde se každý průměrný idiot bojí o své místo a neváhá bodnout do zad.";"UPRAVIT";"Silný obraz (""džungle plná morální šedi""), ale věta je přetížená - tři metafory/charakteristiky za sebou (džungle, morální šeď, bodnutí do zad). Zredukovat na jednu nejsilnější."
"II";"Ale polkl to.";"PONECHAT";"Krátká, úderná - dobrý kontrast k předchozí dlouhé větě."
"II";"Přehnané otcovské rady by byly jen zbytečnou ztrátou energie.";"UPRAVIT";"""Přehnané"" a ""zbytečnou"" jsou dva přívlastky nesoucí stejnou informaci (obojí = nadbytečnost) - škrtnout jeden."
"II";"Martin jen tiše kráčel vedle něj, ponořený do vlastního vnitřního světa, a společně vešli do zapáchající kuchyňky.";"UPRAVIT";"""Vnitřního světa"" je vágní klišé - zvážit konkrétnější detail nebo škrtnutí. ""Zapáchající kuchyňky"" dobře uvádí následující odstavec, ponechat."
"II";"Místnost páchla levnou praženou robustou, přepáleným mlékem a ohřívaným jídlem z mikrovlnky.";"PONECHAT";"Konkrétní smyslový výčet, dobrá atmosféra open-space kanceláře."
"II";"Před nerezovým dřezem stál hlouček zaměstnanců, kteří připomínali znuděné padesátníky před barem na modřanském sídlišti.";"PONECHAT";"Přesné, trefné přirovnání, funguje jako sociální satira."
"II";"Hlavní slovo měl Patrik Štrostmajer, opálený pojišťovák, kterého před vráskami nedokázala uchránit ani jeho přísná askeze.";"PONECHAT";"Dobrá ironická charakteristika jednou větou, funguje."
"II";"Oponoval mu potící se Alois";"PONECHAT";"Úsporná charakterizace kontrastní postavy."
"II";"Martin se tiše zastavil opodál.";"PONECHAT";"Krátké, drží Martinovu pozici pozorovatele - paralela k Tomášovi coby duchovi v kap. I."
"II";"„Já to tak neberu vážně, spíš to tak vnímám,“ vykládal právě Patrik.";"PONECHAT";"Funkční úvod do jeho charakteristické pseudofilozofické řeči."
"II";"„Hmota neexistuje, všechno jsou jen struny a my se je můžeme vědomě naučit ovládat.";"PONECHAT";"Dobrá pseudovědecká tirada, charakterizuje postavu skrz řeč - nesahat, i technický žargon je tu záměrný a funkční (na rozdíl od vypravěčských technických pasáží jinde)."
"II";"Nikdo přece vědomě nechce rakovinu, ale v televizi se furt říká, jak nějaký dítě dostalo rakovinu krve, lidi to mají pak v hlavě a jejich dítě to prostě chytne.“";"PONECHAT";"Silná, znepokojivá ukázka magického myšlení - funguje jako satira, nesahat."
"II";"„Mně to zní jako ezoterika od Aštara Šerana,“ zamručel Alois a otráveně si promnul pleš.";"PONECHAT";"Konkrétní gesto + kulturní odkaz, dobrá charakterizace."
"II";"Do konverzace se opatrně vložil Martin: „Vlastně to, o čem mluvíš, spíš připomíná Heisenbergovu relaci neurčitosti.";"PONECHAT";"Kontrastuje Martinovu skutečnou inteligenci s Patrikovou pseudovědou - funkční."
"II";"Přítomnost pozorovatele ovlivňuje samotné měření.";"PONECHAT";"Krátké, věcné - a tematicky rezonuje s knihou (duch Tomáš jako pozorovatel), pěkná vrstva."
"II";"Když chceme získat informaci o fotonu…“";"PONECHAT";"Přerušená věta, dobře simuluje, že ho Patrik skočí do řeči."
"II";"„No vidíš!“ skočil mu do řeči Patrik triumfálně.";"PONECHAT";"Funkční, komické nepochopení."
"II";"„O tom celou dobu mluvím!";"PONECHAT";"Krátké, komické."
"II";"Naše vědomí ovlivňuje realitu.";"PONECHAT";"Pointa Patrikova nepochopení fyziky, funguje."
"II";"Díky, že jsi to potvrdil, Martine.“";"PONECHAT";"Dobrá uzavírací ironie scény."
"II";"„No, tak jsem to úplně nemyslel…“ bránil se Martin.";"PONECHAT";"Krátké, funkční."
"II";"„Víš co, Patriku?“ povzdechl si Alois a vzal si svůj špinavý hrnek.";"PONECHAT";"Konkrétní gesto (""špinavý hrnek"") dobře doplňuje charakterizaci prostředí."
"II";"„Ty jsi přesně ten důvod, proč tolik chlastám.“";"PONECHAT";"Silná, úsporná pointa, černý humor, nesahat."
"II";"Patrik nad ním jen zavrtěl hlavou a otočil se na Tomáše.";"PONECHAT";"Funkční přechod."
"II";"„A co ty, Tomáši?";"PONECHAT";"Krátké, přirozené."
"II";"Koukal jsem, že jsi měl rozepři s Křivkou.";"PONECHAT";"Funkční, propojuje scény."
"II";"O co šlo?“";"PONECHAT";"Krátké, funkční."
"II";"„Ale nic, jen jsem zapomněl u flotily vyplnit jednu blbou oktávku pro Kouckého.""";"PONECHAT";"Funkční shrnutí, uzavírá motiv ""ovce/oktávky""."
"II";"Flotily.";"PONECHAT";"Úsporný, ironický přechod do vnitřního monologu o firemní byrokracii."
"II";"Prý revoluční produkt, co ušetří čas agentovi i klientovi.";"PONECHAT";"Ironické firemní klišé, funguje samo o sobě bez dalšího komentáře."
"II";"Management na mítincích sliboval zázraky, ale vyklubal se z toho jen byrokratický zmetek.";"PONECHAT";"Silná, přesná satira firemní kultury, nesahat."
"II";"Osmdesát upisovacích pravidel v první verzi, šedesát ve druhé – pořád dvojnásobek oproti normálu.";"PONECHAT";"Konkrétní čísla dodávají věrohodnost a jsou úsporná, funguje jako doklad absurdity."
"II";"Udělat v tom tabulkovém pekle chybu bylo nevyhnutelné.";"PONECHAT";"Dobrá pointa (""tabulkové peklo""), uzavírá odbočku o flotilách."
"II";"„Běžně sjednávám třikrát dražší auta, ale ve flotile se musí všechno nad limit upsat zvlášť.";"PONECHAT";"Funkční, konkrétní."
"II";"Je to otravný.“";"PONECHAT";"Krátké, hovorové zakončení, dobrý kontrast k předchozí technické větě."
"II";"„Škodíš jen sám sobě, že se paktuješ s plebsem, jako jsme my,“ rýpl si Patrik.";"PONECHAT";"Funkční, charakterizuje Patrikovu sebeironii i cynismus."
"II";"„Děláš dobře, měl bys mít ostřejší lokty.";"PONECHAT";"Krátké, hovorové klišé - funguje jako charakterizace."
"II";"Chceš mít jednou rodinu, ne?";"PONECHAT";"Funkční, nasazuje téma rodiny/budoucnosti."
"II";"Víš, jak se budeš blbě cítit, až nebudeš mít co děckám koupit pod stromeček?";"PONECHAT";"Konkrétní, věrohodná manipulativní rétorika."
"II";"Budeš si pak vyčítat, jak ses nechal prcat Křivkou.“";"PONECHAT";"Vulgární, přesně v rejstříku postavy, silná pointa."
"II";"„Cože? Jakou rodinu?“ zamračil se Tomáš.";"PONECHAT";"Funkční reakce."
"II";"„Já jsem Kláru ještě ani nepožádal o ruku, ani nevím, jestli ji do budoucna chci.“";"PONECHAT";"Klíčová informace pro vztahovou linku knihy - důležité si všimnout, že v pozdějších kapitolách vypadá vztah jinak (svatba?), ověřit chronologickou konzistenci napříč knihou."
"II";"„To říkáš teď, ale za dva tři roky přijde první dítě a ty budeš litovat, že děláš za peníze průměrného sjednávače.";"PONECHAT";"Funkční, dobrá manipulativní rétorika Patrika."
"II";"Musíš myslet na budoucnost.“";"PONECHAT";"Klišé firemní fráze, funguje jako uzavření tirády."
"II";"Tomáš chtěl raději změnit téma, zrovna ho zase začal pálit žlučník.";"PONECHAT";"Návrat žlučníkového motivu z kap. I - důležitá stavební linka (jeho smrt souvisí se žlučníkem?), nesahat."
"II";"Naštěstí se rozhovor rychle stočil k víkendu.";"PONECHAT";"Funkční přechod."
"II";"„Takže co dneska?“ prolomil ticho Patrik.";"PONECHAT";"Funkční."
"II";"„Počasí má být fajn.";"PONECHAT";"Krátké, přirozené."
"II";"Grilovačka?“";"PONECHAT";"Odkaz na ""grilovačky pro přátele"" z kap. I - dobrá stavební linka předměstského klišé, nesahat."
"II";"„Půjdeme do hospody,“ konstatoval Alois suše.";"PONECHAT";"Funkční, ""suše"" dobře nese jeho unavenou povahu."
"II";"„Potřebuju spláchnout tenhle týden.";"PONECHAT";"Hovorové, funkční."
"II";"Mám pocit, že mi Křivka vymyl mozek.";"PONECHAT";"Silná, přesná fráze, funguje."
"II";"Jdeme ke Krtkovi, maj tam levnej rum.“";"PONECHAT";"Konkrétní, věrohodný detail, dobré zakotvení místa."
"II";"„A co takhle jít zhulení do přírodovědeckého muzea koukat na vycpaný ptáky?“ navrhl Patrik s planoucíma očima.";"PONECHAT";"Absurdní, komický nápad - dobře charakterizuje Patrika, funguje."
"II";"„Budeme lehce intoxikovaní v posvátném tichu těch sálů.";"PONECHAT";"Komický kontrast ""posvátného ticha"" a opilosti, funguje."
"II";"Budeme filozofovat o životě a o taxidermii jako formě umění!“";"PONECHAT";"Absurdní pointa, dobrý závěr Patrikovy tirády, nesahat."
"II";"„Ty jsi fakt retardovanej,"" utrousil Alois.";"PONECHAT";"Krátké, funkční, hovorové."
"II";"„Kdo má lexaurin?";"PONECHAT";"Konkrétní detail (anxiolytikum) - dobře naznačuje míru vyhoření/úzkosti v kolektivu bez přímého vysvětlování."
"II";"Hlavně ať už jdeme, nebo tady s váma zešílím.";"PONECHAT";"Funkční, hovorové."
"II";"Tomáši, ty s náma nejdeš?""";"PONECHAT";"Funkční přechod k dalšímu odstavci."
"II";"Tomáš sám nevěděl, co ještě tak dlouho pohledával v kanceláři, a ještě v pátek.";"PONECHAT";"Funkční, dobrý přechod."
"II";"Své už měl napito před třicítkou a firemních řečí měl plné zuby.";"PONECHAT";"Silná hovorová fráze, dobrá charakterizace únavy."
"II";"U turniketů v přízemí se však zastavil.";"PONECHAT";"Funkční, konkrétní."
"II";"Nemohl najít ID kartu.";"PONECHAT";"Krátké, věcné, nastavuje drobnou zápletku."
"II";"Nejdřív si prohmatal vnější kapsy na kabátu, pak vnitřní a rovnou prohledal i sako a kapsy u kalhot.";"PONECHAT";"Konkrétní tělesná akce, dobré tempo hledání."
"II";"Nic.";"PONECHAT";"Úsporné, dobrý kontrast po výčtu."
"II";"Srdce mu trochu ztěžklo.";"UPRAVIT";"""Trochu"" oslabuje tělesný obraz ""ztěžklo srdce"" - škrtnout, nechat obraz působit naplno."
"II";"Představa, že se musí vrátit nahoru do toho blázince, byla skoro fyzicky bolestivá.";"UPRAVIT";"""Skoro"" je slabá vycpávka, oslabuje jinak silné tvrzení - škrtnout."
"II";"Prohledal tašku, jednou, podruhé, vysypal půlku obsahu na recepční pultík.";"PONECHAT";"Dobré vygradování zoufalství pohybem/opakováním."
"II";"Staré účtenky, dva použité kapesníky, propiska bez víčka, ale karta nikde.";"PONECHAT";"Konkrétní výčet obsahu tašky, dobrá charakterizace i budování napětí."
"II";"Měl jasno, že se bude muset vrátit do kanceláře.";"PONECHAT";"Funkční uzavření odstavce, nastavuje přechod k poslednímu setkání s Martinem."
"II";"Cestou od výtahu narazil na Martina.";"PONECHAT";"Funkční přechod."
"II";"Zvláštní kluk, pomyslel si Tomáš.";"PONECHAT";"Krátké, úsporné, udržuje motiv Martinovy zvláštnosti."
"II";"„Martine, ty jsi ještě tady? Proč jsi s nimi nešel do hospody?“ zeptal se.";"PONECHAT";"Funkční dialog."
"II";"„Nikdo mě nepozval,“ odpověděl Martin a dál tiše zíral před sebe.";"PONECHAT";"Smutná, úsporná pointa kapitoly - Martinova osamělost jako zrcadlo Tomášovy vlastní izolace (viz motiv ""derivace"" výše), silný a tichý konec, nesahat."
"III";"Obdivoval, jak Klára dříve sedávala nad písemkami, běžně i do druhé, třetí hodiny ranní.";"PONECHAT";"Funkční úvod kontrastu minulost/přítomnost."
"III";"Oprava písemek pro ni neznamenala jen součet bodů, kdy jedním tahem červené propisky naškrábala známku a nečitelný podpis.";"PONECHAT";"Konkrétní, přesný obraz dřívější pečlivosti vs. dnešní ledabylosti."
"III";"Dřív v opravených pracích uváděla kromě správného výsledku i postup s vysvětlujícím komentářem, někdy dokonce s odkazem na příslušnou kapitolu v učebnici.";"UPRAVIT";"""Někdy dokonce"" je nadbytečná gradace k už jasné myšlence - zvážit zkrácení."
"III";"Pamatovala si obsah učebnic pro pět ročníků a neobtěžovalo ji šetřit čas studentům, kteří se chtěli látku doučit.";"PONECHAT";"Konkrétní detail profesní obětavosti, funguje jako kontrast k současnému stavu."
"III";"Sedávala shrbená u jídelního stolu v tom, v čem zrovna přišla ze školy.";"PONECHAT";"Dobrý přechod k následujícímu odstavci, tělesný detail (""shrbená"")."
"III";"Sledoval, jak sedí u jídelního stolu, nohy měla položené na desce, přesně tam, kde dříve měla stolní lampičku.";"PONECHAT";"Detail ""kde dříve měla lampičku"" jemně ukazuje změnu - dobrá tichá informace."
"III";"Místo oprav písemek se zaměstnávala balením cigaret.";"PONECHAT";"Úsporný kontrast k předchozímu odstavci."
"III";"Ukládala je do stříbrného pouzdra s hákovým křížem.";"PONECHAT";"Odkaz na nacistickou tabatěrku z kap. I - důležitá stavební linka, nesahat."
"III";"Pravděpodobně ho vyhrabala u rodičů na půdě a nestydí se z něj vyndávat cigarety ani na veřejnosti.";"PONECHAT";"Funkční, dokresluje motiv."
"III";"Tomáš měl větší pochopení pro to, že začala kouřit, než pro její nově nabytý smysl pro humor, připomínající vtipy z České sody.";"PONECHAT";"Konkrétní kulturní odkaz, dobrá ironie."
"III";"Onemocněla, onemocněla hnědým údělem bytí.";"PONECHAT";"Motiv ""hnědého údělu"" se tu vrací (viz i kap. XII) - potvrzuje, že jde o záměrnou, opakovanou metaforu, ne o překlep. Silná, opakující se figura, nesahat."
"III";"Musela sama snášet všechny ty sračky, co ji postihly, překonávat každodenní probuzení, večerní pohledy do stropu s vědomím, že zbývá jen jedna cesta pryč.";"PONECHAT";"Silná předzvěst pozdější sebevraždy, funguje jako temné, ale nutné foreshadowing."
"III";"Výčitky svědomí po tom, co se stalo, musely pokoušet její příčetnost.";"PONECHAT";"Funkční, drží napětí kolem nejasné ""nehody""."
"III";"Existenciální hnus.";"PONECHAT";"Krátká, úderná fráze, dobrý rytmický zlom."
"III";"Tomáš se zamyslel, jak by se dala nazvat jeho zkušenost vlastního neprožívání: neexistenciální hnus, humus nebytí, žlutý úděl nebytí?";"PONECHAT";"Slovní hříčky (""neexistenciální"", ""žlutý úděl"") - první výskyt barevného kódování smutku, klíčové pro pointu kap. III (žluté nehty na konci), nesahat."
"III";"Smutek je přece žlutý.";"PONECHAT";"Krátká, tvrdá teze - zakládá motiv, který se uzavře poslední větou kapitoly (""Žlutá jí vůbec nesluší""). Nesahat, je to stavební kámen celé kapitoly."
"III";"Na druhou stranu, nedokázal Klárce plně odpustit lajdačení – středoškolská učitelka přece není hospodská, je to poslání!";"PONECHAT";"Funkční přechod k satirické odbočce o povolání."
"III";"Kdyby začala starým ožralům točit podmíráky, nic by se nestalo.";"PONECHAT";"Dobrý hovorový obraz, funguje."
"III";"Hned by si řekli, že za tohle nezaplatí, Klárka by se omluvila, dotočila pivo centimetr nad rysku jako kompenzaci a z návštěvníků lokálu by si to nikdo nepamatoval.";"UPRAVIT";"Řetězec tří akcí za sebou (omluva/dotočení/kompenzace) je trochu rozvleklý - zvážit zkrácení, hlavní myšlenka (nízké nároky na hospodskou) je jasná dřív."
"III";"I kdyby si toho nevšimli nebo by se dopouštěla jiné neblahosti v roli servírky, stejně by se nic nestalo.";"SMAZAT";"Opakuje již řečenou myšlenku (nic by se nestalo) potřetí v odstavci - redundantní zesílení, škrtnout."
"III";"Gympl je přece něco jiného než hospoda a pubertální student je taky jiná nátura než štamgast sportbaru.";"PONECHAT";"Funkční přechod, dobré srovnání."
"III";"Mladý student nemá dost zkušeností, aby pochopil, jak je špatnou výukou ožebračován o budoucnost.";"PONECHAT";"Silná formulace (""ožebračován o budoucnost""), nesahat."
"III";"Nechápe to totiž i velká část dospělých, podle nichž je střední pouze otravná sranda.";"PONECHAT";"Funkční rozšíření kritiky na společnost."
"III";"Na známky se přece nikdo neptá a za pětku si člověk víc koupí.";"PONECHAT";"Dobré hovorové klišé, funguje jako citace obecného postoje."
"III";"Hloupost!";"PONECHAT";"Krátká, úderná reakce, dobrý rytmický kontrast."
"III";"Vážil si Klárky, že taková nikdy nebyla, a nejspíš právě proto se stala pedagožkou.";"PONECHAT";"Uzavírá odbočku, funkční."
"III";"Možná jí křivdí.";"PONECHAT";"Krátké, dobrý sebekritický obrat."
"III";"Fakt, že si doma potřebuje víc odpočinout, ještě nemusí znamenat, že se z ní stala čarodějnice před tabulí.";"PONECHAT";"Silná metafora (""čarodějnice před tabulí""), funguje."
"III";"Třeba právě proto doma tak okázale relaxovala.";"UPRAVIT";"""Okázale"" je poněkud nadbytečný přívlastek - zvážit škrtnutí nebo nahrazení konkrétnějším detailem."
"III";"Chtěla jen vypustit páru, aby na place podávala nadstandardní výkon.";"PONECHAT";"Funkční, hovorové ""na place"" dobře charakterizuje jeho myšlení."
"III";"Možné to bylo, ale Tomáš si říkal, že by si to měl raději ověřit.";"PONECHAT";"Funkční přechod k následující myšlence."
"III";"Už delší dobu plánoval schovat se v rohu třídy a sledovat výuku matematiky nebo fyziky, měl teď koneckonců více než jen moře času.";"PONECHAT";"Dobrá, tichá ironie (""moře času"" u mrtvého) - nesahat."
"III";"Otočila hlavou směrem do obývacího pokoje.";"PONECHAT";"Napjatý začátek klíčové scény."
"III";"Dívala se přímo na Tomáše.";"PONECHAT";"Krátké, gradující napětí."
"III";"Snad se mu to zdálo, nebylo přece možné, aby ho viděla.";"PONECHAT";"Funkční pochybnost, drží nejistotu žánru (vidí ho, nebo ne?)."
"III";"Usmála se na něj, opravdu si ho všimla.";"PONECHAT";"Gradace napětí, funguje."
"III";"Tomáš netušil, co to znamená.";"PONECHAT";"Krátké, funkční."
"III";"Vstala od stolu, nezasunula židli a vyšla přímo naproti němu.";"PONECHAT";"Konkrétní pohyb, dobré vygradování."
"III";"„Copak, šmudlo?“";"PONECHAT";"Klíčové oslovení - ""šmudlo"" je oslovení pro zvíře/mazlíčka, ne pro člověka. První signál, že jde o fantazii, kde je Tomáš vnímán jako pes, ne jako duch. Zásadní pro pochopení celé scény, nesahat."
"III";"Hrůzou oněměl.";"PONECHAT";"Krátká, silná reakce."
"III";"„Ach jo.";"PONECHAT";"Krátké, hovorové."
"III";"Dneska se mnou zas nebudeš mluvit?“";"PONECHAT";"Funkční, drží iluzi normální konverzace s domácím mazlíčkem."
"III";"Sedla si k němu na podlahu a chytla ho kolem ramen.";"PONECHAT";"Fyzický kontakt, který v jiných kapitolách není možný - důležitý detail (buď sen, nebo fantazie), nesahat."
"III";"„Prý ses včera zase toulal.";"PONECHAT";"Odkazuje na skutečné bloudění z kap. I - propojuje realitu a fantazii."
"III";"Našli tě v Horních Březanech, jak čumíš do výlohy řeznictví.“";"PONECHAT";"Přesný odkaz na konec kap. I - silná stavební linka mezi kapitolami, nesahat."
"III";"Tomáš zareagoval zdvižením hlavy.";"PONECHAT";"Gesto typické pro psa, ne pro člověka - pokračuje motiv, funguje beze slov."
"III";"„Vyděsil jsi tam prý nějakou babku, ale byla to spíš její chyba.";"PONECHAT";"Funkční, dokresluje scénu z konce kap. I z jiné perspektivy."
"III";"Neznala tě, tak se lekla.";"PONECHAT";"Krátké, funkční."
"III";"Musíš se toulat tady, kde tě znají.“";"PONECHAT";"Pokračuje motiv domácího zvířete, funguje."
"III";"Rysy tváře zkřivila do shovívavého výrazu a Tomáše poplácala po zádech.";"PONECHAT";"Gesto poplácání po zádech - opět spíš k mazlíčkovi než k partnerovi, konzistentní s motivem."
"III";"Ten strachem strnul.";"PONECHAT";"Krátké, funkční."
"III";"„Cos tam vůbec dělal?";"PONECHAT";"Funkční."
"III";"Žrádla máme doma dost.";"PONECHAT";"""Žrádlo"" definitivně potvrzuje motiv - mluví k němu jako ke zvířeti. Klíčové slovo, nesahat."
"III";"Stačilo říct... no, nebo si sednout k misce.";"PONECHAT";"""Miska"" potvrzuje motiv - důležité, nesahat."
"III";"Vždyť víš, že ti vždycky ráda navařím.“";"PONECHAT";"Funkční, groteskně láskyplné zakončení repliky."
"III";"Vyfoukla nosem, ale přemohla se a nedala na sobě nic znát.";"PONECHAT";"Dobrý tělesný detail potlačovaného znechucení."
"III";"„To nic, já to vytřu.“";"PONECHAT";"Funkční přechod k odhalení další groteskní informace."
"III";"Pod Tomášem se objevila žlutá louže moči.";"PONECHAT";"Šokující, groteskní detail potvrzující, že je vnímán jako zvíře - a znovu barva ""žlutá"", motiv smutku/nebytí se line i sem. Nesahat, klíčová věta scény."
"III";"„Jen v tom prosím tě neseď.";"PONECHAT";"Funkční, groteskní."
"III";"Přinesu ti čisté oblečení.“";"PONECHAT";"Funkční."
"III";"Před dveřmi se ještě otočila.";"PONECHAT";"Funkční přechod k poslední replice."
"III";"„Běž si hrát do sklepa.";"PONECHAT";"Pokračuje motiv - mluví k němu jako k dítěti/zvířeti."
"III";"Vem si prosím tě lopatu a krumpáč, ať zase nejsi od hlíny.“";"PONECHAT";"Silný, znepokojivý závěr scény (lopata, krumpáč, hlína - narážka na hrob?) - výborná temná pointa, nesahat."
"III";"* * *";"PONECHAT";"Typografický předěl scény - funkční, odděluje fantazii od reálné návštěvy u Garniera."
"III";"Nejenže ordinace měla naprosto holé stěny s jakousi hnědo-béžovou barvou, místnost byla navíc bez oken a celý prostor byl naplněn pouze třemi kusy secesního nábytku soustředěnými až úplně vzadu, na konci pokoje.";"UPRAVIT";"Věta je přetížená (tři informace najednou: barva stěn, bez oken, rozestavění nábytku) - zvážit rozdělení pro lepší rytmus. Popis ordinace se shoduje s kap. XII (masivní mahagon, secesní nábytek) - důležitá stavební linka mezi kapitolami, obsah zachovat."
"III";"Na jedné straně stála vysoká skříň určená pro šanony a jiné papíry.";"PONECHAT";"Konkrétní prostorový detail."
"III";"Na druhé straně okupovala prostor u rohu robustní komoda.";"UPRAVIT";"""Robustní"" je nadbytečný přívlastek - komoda coby velký kus nábytku to naznačuje sama. Zvážit škrtnutí."
"III";"Celé místnosti dominoval stůl pečlivě postavený uprostřed proti vstupním křídlovým dveřím, dva metry od nejvzdálenější stěny.";"UPRAVIT";"""Pečlivě"" a přesná vzdálenost ""dva metry"" působí zbytečně technicky/geometricky - zredukovat na hlavní obraz (stůl uprostřed místnosti)."
"III";"Kolem stolu byly ještě tři kůží polstrované židle.";"PONECHAT";"Konkrétní, funkční."
"III";"Dvě pro pacienty a třetí byla vyhrazena pouze doktoru Garnierovi.";"PONECHAT";"Dobrý detail mocenské asymetrie v místnosti."
"III";"Všechny kusy byly vyrobené z masivního mahagonu a nádherně spolu ladily.";"UPRAVIT";"""Nádherně"" je generický, chválicí přívlastek nesoucí málo informace - škrtnout nebo nahradit konkrétnějším pozorováním."
"III";"Za stolem seděl muž staršího středního věku, golemovské postavy.";"PONECHAT";"""Golemovské postavy"" je silná, originální metafora (i s pražsko-židovskou konotací) - nesahat."
"III";"Bílý plášť, černý rolák, šedivé vlasy krátkého střihu a úsměv od ucha k uchu; každý v okolí věděl, že to je sám doktor Garnier.";"UPRAVIT";"Výčet čtyř vzhledových detailů (plášť/rolák/vlasy/úsměv) je na hranici přetížení - zvážit zredukovat na dva až tři nejvýraznější."
"III";"Garnier zvedl medvědí tlapu a nečekaně se zeptal: „Koukal jste včera na Spartu?“";"PONECHAT";"Absurdní, komický odklon od očekávaného tématu - dobře zavádí Garnierovu charakteristickou taktiku vyhýbání se podstatě, nesahat."
"III";"„Nesleduji fotbal.“";"PONECHAT";"Krátké, funkční."
"III";"„To já taky ne, ale zápas s Vítkovicemi prý stál za to.";"PONECHAT";"Absurdní pokračování i přes odmítnutí - dobrá komika."
"III";"Sparta vyhrála tři dva, třetí gól dali tři minuty před koncem.“";"PONECHAT";"Konkrétní, zbytečné detaily jako komický prostředek - záměrná otravnost funguje."
"III";"Tomáš popíjel espresso, které mu při příchodu nabídl, chutnalo mu.";"PONECHAT";"Drobný detail pohostinnosti, dobrý kontrast k absurditě rozhovoru."
"III";"„Prý se střílely i penalty, teď tedy nevím kdo, ale netrefili se.";"PONECHAT";"Pokračuje komická otravnost, funguje."
"III";"Jeden prý kopl vysoko nad bránu.";"PONECHAT";"Funkční pokračování gagu."
"III";"Další trefil tyč...“";"PONECHAT";"Přerušená věta, dobře simuluje pokračující monolog, který Tomáš přeruší."
"III";"„Máte výsledky?“ skočil mu do řeči Tomáš.";"PONECHAT";"Funkční, ukazuje jeho netrpělivost."
"III";"„Ano, výsledky mám.";"PONECHAT";"Krátké, funkční."
"III";"Mám je tady v deskách.“";"PONECHAT";"Funkční, zavádí falešnou naději na rychlé řešení."
"III";"„To jsem rád, doktore,“ Tomáš trochu ustoupil.";"PONECHAT";"Funkční gesto."
"III";"„Pak tam byla ještě nějaká strkanice u lajny, ale bez karet, pokud vím... No nic, tak jdeme na to,“ usmál se Garnier od ucha k uchu.";"PONECHAT";"Garnier se stále vrací k fotbalu navzdory přerušení - dobrá komická vytrvalost postavy."
"III";"„Tomáši, kde začneme?";"PONECHAT";"Funkční přechod k vlastnímu sezení."
"III";"Nuže, tak mi řekněte, jak jste se měl.";"PONECHAT";"Funkční, zavádí následující meditaci o frázi ""jak se máte""."
"III";"Jak to jde s Klárkou, co v práci a hlavně, jak se daří vám?“";"PONECHAT";"Funkční, tři otázky najednou dobře simulují povrchní zdvořilostní frázi."
"III";"Jak se daří? Jak se máte? Jak se cítíte?";"PONECHAT";"Silný rytmický úvod do meditace o prázdné frázi - opakování bez adjektiv, přesně ten typ poetičnosti skrz rytmus, který chceš, nesahat."
"III";"Tomáš tuhle frázi nesnášel od doby, co si osvojil rodný jazyk.";"PONECHAT";"Funkční, mírně nadsazené (""od doby, co si osvojil jazyk"") pro komický efekt."
"III";"Snad všichni lidé na světě nemají rádi tuhle frázi.";"PONECHAT";"Funkční přechod k závěrečné anafoře."
"III";"Nesnášíme, když se nás na to někdo ptá, nesnášíme, když ji někdo používá místo pozdravu, nesnášíme, když se od nás očekává, nesnášíme, když na ni musíme odpovědět, nesnášíme, když na ni někdo odpoví upřímně, a nejvíc ze všeho nesnášíme, když se nás nezeptají: Jak se máme?";"PONECHAT";"Vrcholná ukázka poetičnosti bez adjektiv - anaforické opakování ""nesnášíme"" a paradoxní pointa. Přesně ten typ minimalistické poetičnosti, který chceš rozvíjet, nesahat ani slovo."
"III";"Tomáš se nadechl, hodlal to říct na jeden dech.";"PONECHAT";"Funkční, zavádí následující tirádu."
"III";"„Mám se skvěle, s Klárkou nám to perfektně klape, plánujeme spolu rodinu a pak se možná vezmeme.";"PONECHAT";"Klíčová věta - kontrastuje s tím, co čtenář už ví (viz kap. II, kde Tomáš říká, že rodinu vůbec nechce) - odhaluje jeho sebeklam, nesahat."
"III";"V práci je to taky dobrý, vyřešil jsem problém s Kouckým a Křivka mi slibuje povýšení na produkťáka, je to férový chlap.";"PONECHAT";"Ironický kontrast k tomu, co čtenář viděl v kap. II (Křivka jako tyran) - důkaz Tomášova sebeklamu, nesahat."
"III";"Žádné velké průšvihy nebo tak něco.";"PONECHAT";"Funkční, hovorové zlehčování."
"III";"Vyfasoval jsem konečně nový monitor, dobře spím.";"PONECHAT";"Banalita (nový monitor) vedle vážného tvrzení (dobře spím) je dobrá ironie - sebeklam skrz triviality."
"III";"Objektivně se mám vlastně dobře.“";"PONECHAT";"Klíčová uzavírací věta popírání - ""objektivně"" je ironicky nejméně objektivní slovo v odstavci, nesahat."
"III";"Garnier chvíli nic neříkal a pozoroval Tomáše.";"PONECHAT";"Funkční, buduje napětí před konfrontací."
"III";"Narovnal si brýle a pak spustil: „To myslíte vážně?“";"PONECHAT";"Dobrá, úsporná konfrontace."
"III";"„Co?“";"PONECHAT";"Krátké, funkční."
"III";"„Dítě?“";"PONECHAT";"Krátké, úderné - Garnier jde rovnou na jádro sebeklamu."
"III";"„Co by ne, jsme spolu dlouho, je mi dávno přes třicet a ani Klára nemládne, máme stabilní zaměstnání…“";"PONECHAT";"Funkční obranná reakce, drží linii sebeklamu."
"III";"„A co ta chyba s Kouckým?“";"PONECHAT";"Garnier mění téma nečekaně - dobrá dramatická taktika, udržuje čtenáře v napětí."
"III";"„Prosím?“";"PONECHAT";"Krátké, funkční zmatení."
"III";"Tomáš si nepamatoval, že by Garnierovi říkal něco o Kouckém a jeho škodovce.";"PONECHAT";"Funkční, zavádí otázku, odkud to Garnier ví (nadpřirozená vševědoucnost postavy?)."
"III";"„S Kouckým jsme to dávno vyřešili, i Křivka to nechal být.";"PONECHAT";"Funkční."
"III";"Nevím, proč bych měl sjednání pojistky našeho klienta řešit zrovna s vámi.“";"PONECHAT";"Funkční, dobrá obranná reakce."
"III";"„Nejde jen o jednu pojistku.";"PONECHAT";"Funkční přechod k absurdní tirádě."
"III";"Vždyť víte, že jste zapomětlivý a nepozorný, jak to budete zvládat s dítětem?";"PONECHAT";"Funkční, útočí přímo na jeho nejistotu."
"III";"Co když ho zapomenete přebalit, zapomenete přivrtat vysokou komodu ke zdi, protože si řeknete, zrovna budete myslet na životní pojištění?";"PONECHAT";"Absurdní katastrofický scénář, dobrá komika i hrozba zároveň."
"III";"Dítě pak otevře všechny šuplíky, aby na ni vylezlo jako po schodech, jenže se pak přenese těžiště a komoda spadne na dítě a…“";"PONECHAT";"Vygradovaná, děsivá pointa přerušená uprostřed věty - výborný dramatický efekt, nesahat."
"III";"„Prosím, co to má znamenat, jsme tu přece kvůli Klářině diagnóze,“ přerušil ho Tomáš podrážděně.";"PONECHAT";"Funkční, ukazuje jeho frustraci."
"III";"„Promiňte, máte pravdu.“";"PONECHAT";"Krátké, funkční."
"III";"Garnier si srovnal papíry na stole.";"PONECHAT";"Krátké gesto, dobrý rytmický oddech po tiradě."
"III";"„Promiňte, nechal jsem se unést, mám jen obavu o Kláru, vždyť víte.“";"PONECHAT";"Funkční, ukazuje Garnierovu manipulativní/empatickou dvojznačnost."
"III";"Tomáš si povzdechl.";"PONECHAT";"Krátké, funkční přechodové gesto."
"III";"Nesnášel setkání s Garnierem, hlavně proto, že mu doktor říkal pravdu bez obalu a stavěl ho před realitu, kterou se Tomáš snažil zamaskovat sny a nadějí.";"PONECHAT";"Klíčová věta charakterizující dynamiku Tomáš/Garnier napříč celou knihou, nesahat."
"III";"Ještě před rokem žil v patrovém domě na předměstí, měli dvě auta a dvorek s hliníkovou popelnicí s umazaným víkem.";"PONECHAT";"Doslovný odkaz na popelnici z kap. I - silná stavební linka mezi kapitolami, nesahat."
"III";"Když s Klárkou začali plánovat dítě, poprvé v životě se mu zamlouvala myšlenka manželského života.";"PONECHAT";"Funkční, prohlubuje charakterizaci vztahu."
"III";"A najednou se to všechno posralo.";"PONECHAT";"Vulgární, úsečný kontrast k předchozí lyričtější větě - dobrý pád z patosu do syrovosti, funguje jako pointa odstavce."
"III";"„Doktore, co s ní je?“ naléhal Tomáš.";"PONECHAT";"Funkční, ukazuje jeho úzkost."
"III";"„Udělali jsme komplexní analýzu osobnosti, budu ji teprve vyhodnocovat.";"PONECHAT";"Funkční byrokratická fráze, charakterizuje Garniera."
"III";"Raději mi řekněte, co váš žlučník, byl jste na vyšetření?“";"PONECHAT";"Další odklon od tématu - pokračuje charakteristickou Garnierovu taktiku vyhýbání se, zároveň váže žlučníkový motiv napříč knihou."
"III";"„Ano, byl.";"PONECHAT";"Krátké, funkční."
"III";"Není to nic vážného, jen biliární… dys… dys-něco.“";"PONECHAT";"Komické zadrhávání u odborného termínu, dobrá charakterizace Tomáše jako laika."
"III";"„Biliární dyskineze,“ napověděl mu Garnier.";"PONECHAT";"Funkční, ukazuje Garnierovu (zdánlivou) erudici."
"III";"„Děkuju, přesně tak.";"PONECHAT";"Krátké, funkční."
"III";"Vlastně to nic vážného není, jen se musím vyhýbat tučné stravě.“";"PONECHAT";"Funkční, zavádí následující absurdní kulinářskou tirádu."
"III";"„Ano, to byste měl.";"PONECHAT";"Funkční přechod."
"III";"Osobně bych vám doporučil zaměnit celou masitou stravu za vnitřnosti.";"PONECHAT";"Absurdní, kontraintuitivní rada (vnitřnosti jsou tučné) - dobrá Garnierova nekompetentnost/absurdita, zároveň váže motiv vnitřností z úvodu knihy (ledviny, játra v lednici v kap. XII)."
"III";"Už jste měl foie gras?";"PONECHAT";"Funkční pokračování gagu."
"III";"Husí játra na másle jsou opravdu delikátní záležitost.";"UPRAVIT";"""Opravdu"" je slabá vycpávka - škrtnout."
"III";"A co ovar?";"PONECHAT";"Funkční pokračování výčtu."
"III";"Jíte ovar s vnitřnostmi?“";"PONECHAT";"Uzavírá první vlnu kulinářské tirády, dobré tempo."
"III";"„Pane Garniere,“ Tomáš přestal chápat význam konverzace.";"PONECHAT";"Funkční, ukazuje jeho rostoucí zmatení."
"III";"„Můžeme se vrátit tam, kde jsme skončili?“";"PONECHAT";"Funkční pokus vrátit rozhovor k tématu."
"III";"„A co do polévky?";"PONECHAT";"Garnier ignoruje žádost a pokračuje - dobrá komická vytrvalost."
"III";"Dáváte vnitřnosti i do polévek?“ nedal se odbýt doktor.";"PONECHAT";"Funkční, ""nedal se odbýt"" potvrzuje charakterizaci."
"III";"„Cože… no, ano.";"PONECHAT";"Krátké, funkční, ukazuje, jak se Tomáš nechává vtáhnout."
"III";"Hlavně do kuřecích.";"PONECHAT";"Funkční pokračování."
"III";"Normální maso už ani nepoužívám.";"PONECHAT";"Funkční, absurdní detail domácí kuchyně."
"III";"Hodím tam skelety, mrkev, a zbytek hrnce po okraj doplním kuřecími srdci a pupky...“";"PONECHAT";"Konkrétní, groteskní kuchyňský detail, dobrá atmosféra."
"III";"Tomáš se ušklíbl.";"PONECHAT";"Krátké gesto, dobrý kontrast k jeho vlastnímu popisu."
"III";"„Někdy tam hodím i celé hovězí srdce.";"PONECHAT";"Funkční pokračování groteskního výčtu."
"III";"Jen tak, prostě vezmu hovězí srdce a hodím ho do kuřecího vývaru.“";"SMAZAT";"Doslovně opakuje předchozí větu (hovězí srdce do vývaru) - redundantní zdvojení stejné informace, škrtnout."
"III";"„Doporučuju zkusit haggis, znáte haggis?“";"PONECHAT";"Vrcholí kulinářskou tiradu absurdní, exotickou pointou (skotský vnitřnostový pokrm), dobré zakončení gagu."
"III";"„Pane doktore Garniere… vážím si toho a rád si o receptech budu povídat dále, ale můžeme se vrátit k tomu mému problému?";"PONECHAT";"Funkční, zdvořilé, ale naléhavé přerušení."
"III";"Máte ty výsledky?“";"PONECHAT";"Opakovaná otázka - dobře ukazuje frustraci z opakovaného odbíjení, funguje jako refrén kapitoly."
"III";"Pan doktor Garnier posunul koutky úst dolů a svraštil čelo.";"UPRAVIT";"Dva popisy výrazu obličeje vedle sebe (koutky/čelo) - zvážit ponechat jen jeden, silnější."
"III";"Muži na sebe nějakou dobu hleděli.";"PONECHAT";"Krátké, buduje napětí před vážným obratem scény."
"III";"Oči doktora Garniera byly výrazné, jako by nepatřily člověku, ale dravci.";"PONECHAT";"Silné, znepokojivé přirovnání - první náznak, že Garnier není úplně ""normální"" postava, důležité pro pozdější nejednoznačnost (Bůh/doktor v kap. XII)."
"III";"„Nuže dobrá,“ řekl Garnier pomalu.";"PONECHAT";"Funkční, signalizuje změnu tónu."
"III";"„Nechtěl jsem to hned na vás vychrlit.";"PONECHAT";"Funkční."
"III";"Přestaneme chodit kolem vařícího vývaru a pojďme si to říct na rovinu.";"PONECHAT";"Dobrá slovní hříčka (""chodit kolem horké kaše"" přetavené na ""vařící vývar"" - odkaz na předchozí kulinářskou tiradu), nesahat."
"III";"Ptal jsem se vás, jak se cítíte.";"PONECHAT";"Funkční rekapitulace."
"III";"Neodpověděl jste a pak jste se mě zeptal na výsledky komplexu.";"PONECHAT";"Funkční."
"III";"Ptám se naposledy: jste ve všem otevřený?“";"PONECHAT";"Dobrá, přímá konfrontační otázka, zlom scény."
"III";"Tomáš se podíval na strop.";"PONECHAT";"Krátké gesto vyhýbání se, funguje beze slov."
"III";"„Poslední dobou, od té nehody, mi je nějak víc špatně, myslím duševně…";"PONECHAT";"Klíčové přiznání, zavádí zpověď, nesahat."
"III";"Řekněme, že se po většinu dne cítím celkem dobře, jenže jednou za čas přijde období, kdy se začnu propadat.";"PONECHAT";"Přesný, věrohodný popis depresivních epizod - silné a funkční."
"III";"V takových dnech se ráno probudím a cítím se uvnitř úplně mrtvý.";"PONECHAT";"Silná formulace, navíc ironicky předjímá, že je opravdu mrtvý (dramatická ironie pro čtenáře, který zná kap. I) - nesahat."
"III";"Mám pocit, jako by se stalo, nebo by se mělo stát, něco strašného a já nevím co.";"PONECHAT";"Funkční, věrohodné vyjádření úzkosti."
"III";"Pak tu jsou taky stavy úzkostí.";"UPRAVIT";"Trochu kostrbatý přechod (""pak tu jsou taky"") - zvážit plynulejší formulaci."
"III";"Začíná to stupňujícím se smutkem, ten pak přeroste v obavu a ta až v paniku.“";"PONECHAT";"Přesná gradace emocí, funguje jako klinicky věrohodný, ale poeticky formulovaný popis."
"III";"Zkontroloval doktora Garniera, jestli poslouchá.";"PONECHAT";"Krátké, funkční."
"III";"Ten ho jen mlčky vyzval k pokračování.";"PONECHAT";"Krátké, funkční."
"III";"„Další věc jsou noční můry,“ hlesl Tomáš.";"PONECHAT";"Funkční přechod ke klíčové pasáži snu."
"III";"„Skoro denně se mi vrací ten jeden a ten samý sen.";"UPRAVIT";"""Ten jeden a ten samý"" je mírně kostrbaté zdvojení - zvážit zjednodušit na ""stále stejný sen""."
"III";"Zdálo se mi o té autonehodě.";"PONECHAT";"Klíčová informace - poprvé se zmiňuje ""autonehoda"", propojuje s pozdějším odhalením Tomášovy smrti při autonehodě (kap. XII), nesahat."
"III";"Jen jsem ji v tom snu nepřežil a nejen to.";"PONECHAT";"Funkční, dramaticky ironické (čtenář z kap. I už ví, že Tomáš skutečně zemřel)."
"III";"Existoval jsem v jakémsi limbu, připomínajícím můj reálný život.";"PONECHAT";"Přesně popisuje Tomášovu skutečnou posmrtnou existenci v kap. I - sen je doslovné proroctví/zrcadlo reality, klíčové pro strukturu celé knihy, nesahat."
"III";"Chodil jsem po stropě, plazil se po stěnách a strašil Klárku.";"PONECHAT";"Groteskní, hororový obraz, funguje jako přehnaná verze skutečného hauntingu z kap. I."
"III";"Ta mě pak za to bila a spálila mi ruku tím, že mi držela dlaň na sporáku.";"PONECHAT";"Násilný, znepokojivý obraz - ukazuje potlačenou agresi/vinu ve vztahu, silné a funkční."
"III";"Přinutila mě vykopat nám dva hroby ve sklepě, uspala mě strejdovou puškou na zvěř, potřela mi ústa psí krví a pak na mě zavolala policii.";"PONECHAT";"Surrealistická, temná gradace - hutný, bizarní obraz, nesahat, funguje jako vrchol snové pasáže."
"III";"Taky se mi zdálo, že jsem byl připoután na operačním sále v jakémsi klášteře.";"PONECHAT";"PŘÍMÉ PROROCTVÍ scény z kap. XII (klášter, Garnier, Klára po sebevraždě) - toto je klíčová stavební linka celé knihy, sen z kap. III doslova předjímá finále. Nesahat, jde o nejdůležitější propojující pasáž v celé knize."
"III";"Kolem chodily řeholní sestry a zaživa mě pitvaly.";"PONECHAT";"Pokračuje přesné proroctví kap. XII (klášter, jeptišky) - jen s obráceným subjektem (tam pitvají/ošetřují Kláru, tady fantazijně Tomáše)."
"III";"Jedna z nich byla Klárka a ta to i dirigovala.";"PONECHAT";"Důležité - Klárka jako aktivní původce jeho utrpení ve snu, temný obraz viny/hněvu, nesahat."
"III";"V tom snu se objevuje i můj kolega Martin a z nějakého důvodu vždy spáchá sebevraždu.";"PONECHAT";"Zneklidňující detail - Martin (Tomášovo ""zrcadlo"" z kap. II) umírá ve snu vlastní rukou, možná předjímá, že i Martin skončí jako Tomáš. Ponechat jako otevřenou temnou linku."
"III";"Nakonec se i Klára pokusí o sebevraždu, ale nic se jí nestane.";"PONECHAT";"PŘÍMÉ PROROCTVÍ skutečné události z kap. XI/XII - Klářin pokus o sebevraždu. Klíčová věta pro celou stavbu knihy, nesahat."
"III";"Druhý den sedí s nohama na stole v kuchyni, vesele si pobrukuje a balí si cigarety.“";"PONECHAT";"Přesný odkaz na úvodní scénu kap. I (nohy na stole, broukání, balení cigaret) - sen se uzavírá cyklicky zpátky na začátek knihy. Mimořádně důležitá věta pro strukturu celé knihy, nesahat."
"III";"Garnier se po celou dobu ani nepohnul.";"PONECHAT";"Funkční, zlověstné ticho po zpovědi."
"III";"Když Tomáš skončil, suše konstatoval: „Vy jste naprosto v pořádku.";"PONECHAT";"Absurdní, znepokojivý závěr po tak temném snu - dobrá ironie/nekompetentnost Garniera."
"III";"Na vině je vaše přítelkyně.";"PONECHAT";"Klíčový moment - Garnier přesouvá vinu na Kláru, zavádí následující falešnou diagnózu."
"III";"Jste z ní vystresovaný.“";"PONECHAT";"Funkční uzavření promluvy."
"III";"„Cože? Jak to s ní souvisí?“";"PONECHAT";"Funkční reakce."
"III";"„Je nemocná.";"PONECHAT";"Krátké, dramatické."
"III";"Má Vögtliho syndrom.“";"PONECHAT";"Zavádí falešnou pseudodiagnózu - klíčový moment satiry na patologizaci mezilidských vztahů, nesahat."
"III";"Vögtliho syndrom: V Čechách známý spíš jako syndrom záchrany, postaru Záchranářský komplex.";"PONECHAT";"Úvod fiktivní encyklopedické definice - na rozdíl od klinické pasáže v kap. XII (plantární hyperémie) je tahle záměrně parodická a funguje jako satira na pseudovědecké psychologické nálepkování, ne jako omylem vklouzlý cizí rejstřík. Ponechat coby žánrovou hru."
"III";"V Jihomoravském kraji je používán výraz retung, odvozený z německého Rettungskomplex.";"PONECHAT";"Pokračuje parodická falešná odbornost, funguje."
"III";"Roku 1890 vydal švýcarský psychiatr a neurolog Dr. Heinrich Vögtli publikaci Psychiatrische Studien über die Besessenheit der Rettung (česky: Psychiatrické studie o posedlosti záchranou).";"PONECHAT";"Detailní falešná citace dodává parodii věrohodnost - funguje, i když je to nejdelší věta v pasáži."
"III";"Ve své práci podrobně popsal případ Marie X.";"PONECHAT";"Funkční přechod do fiktivní kazuistiky."
"III";"Marie X ovdověla ve třiceti dvou letech.";"UPRAVIT";"Celá následující kazuistika (o vdově Marii X) je vtipná parodie na psychiatrické studie, ale je poměrně dlouhá (10+ vět) na to, že jde o vsuvku před samotnou diagnózou Kláry - zvážit zkrácení kazuistiky o třetinu, aby scéna neztratila tempo."
"III";"Manžel jí zemřel náhle po dvou týdnech boje s blíže nespecifikovatelnou plicní infekcí.";"PONECHAT";"Funkční pokračování parodické kazuistiky."
"III";"Krátce nato se její syn Johann poranil na noze při práci na rodinném statku.";"PONECHAT";"Funkční, zavádí ústřední mechanismus poruchy (potřeba pečovat)."
"III";"Poranění ho na nějaký čas indisponovalo a prvních pár dní byl odkázán na péči své matky Marie X.";"SMAZAT";"Redundantní rozvedení už jasné informace (syn se zranil, matka pečuje) - zpomaluje kazuistiku bez nové informace."
"III";"Plně se zotavil po několika týdnech, ale Marie X byla přesto přesvědčena, že stav jejího syna je stále závažný a vyžaduje plnou péči.";"PONECHAT";"Klíčová věta - jádro poruchy (péče přetrvává i po vymizení důvodu), nesahat."
"III";"Během následujících měsíců se příznaky duševní choroby vytratily, ale po zhruba stejně dlouhé době se jí symptomy vrátily, a to v mnohem závažnější podobě.";"PONECHAT";"Funkční, popisuje cyklickou povahu poruchy."
"III";"Přišla s novými chorobami a svým opatrovnictvím syna vyloženě terorizovala.";"PONECHAT";"Silná pointa kazuistiky - péče jako forma násilí, tematicky rezonuje s celou knihou (viz i ""babka""/pes fantazie výše)."
"III";"Později byla dokonce přesvědčena, že by bylo lepší, aby její syn Johann zemřel.";"PONECHAT";"Šokující, temná gradace - dobrá pointa kazuistiky."
"III";"Choroba se dále projevuje depresí, návaly úzkosti a s tím spojenými dalšími obtížemi, jako je sebedestruktivní chování a uvažování, problémy se spánkem, porucha příjmu potravy, paranoia a v těžkých případech jsou možné i halucinace.";"UPRAVIT";"Uzavírající výčet symptomů je funkční parodie na DSM-příručkový jazyk, ale sedm položek za sebou je na jednu větu hodně - zvážit zkrácení výčtu na tři až čtyři nejvýraznější pro lepší úder."
"III";"Tomáš chvíli mlčel a koukal do země.";"PONECHAT";"Funkční, ukazuje dopad diagnózy."
"III";"„Toho jsem se bál, už jsem to tak trochu tušil.";"PONECHAT";"Funkční, věrohodná reakce."
"III";"A je to zaručené?“";"PONECHAT";"Funkční, hledá jistotu tam, kde není."
"III";"„Žádná diagnóza není stoprocentní, spíš tak třicetiprocentní, ale vaše přítelkyně je učebnicový příklad.";"PONECHAT";"Absurdní, nesmyslná statistika (""třicetiprocentní"") jako satira na falešnou vědeckost - dobrá pointa, nesahat."
"III";"Za svou čtyřicetiletou praxi jsem neviděl tak dokonalý příklad rettunga.";"PONECHAT";"Funkční, dodává Garnierovi zdánlivou autoritu."
"III";"Jste tu kvůli problému se stresem, to nic není.";"PONECHAT";"Klíčová věta - Garnier bagatelizuje Tomášovy vlastní potíže (temné foreshadowing jeho smrti, o kterou se nikdo nepostaral)."
"III";"Ale měli bychom řešit ji.“";"PONECHAT";"Uzavírá promluvu, přesouvá pozornost pryč od Tomáše."
"III";"„Asi byste rád věděl, co s tím, že?“ pokračoval doktor.";"PONECHAT";"Funkční přechod k výčtu léčebných možností."
"III";"„Máme na výběr několik možností.";"PONECHAT";"Funkční."
"III";"Začněme tou nultou.";"PONECHAT";"Krátké, funkční, byrokratické číslování."
"III";"Jde o konvenční léčbu hypnotiky, antidepresivy, benzodiazepiny, elektrošoky a podobně.";"PONECHAT";"Funkční klinický výčet - zde funguje, protože je vložen do Garnierovy přímé řeči (charakterizuje postavu), ne do vypravěčova hlasu."
"III";"Budu k vám naprosto upřímný, nezabere to ani trochu.";"PONECHAT";"Funkční, dobrá ironie (odmítá konvenční léčbu jako neúčinnou, přitom sám navrhne ještě absurdnější řešení)."
"III";"Dlouhodobé užívání léčiv může problémy jen prohlubovat.";"PONECHAT";"Funkční pokračování."
"III";"Elektroléčba, potápění ve studené vodě nebo temná komora mohou pacientku traumatizovat a mohla by být v domácnosti akorát agresivnější.“";"PONECHAT";"Absurdní, archaicky znějící metody (""temná komora"") jsou dobrá černá komedie, funguje."
"III";"„To máte jistě pravdu, taky si myslím, že prášky nejsou cesta,“ oddechl si Tomáš.";"PONECHAT";"Funkční, ukazuje jeho naivní důvěru."
"III";"„Popravdě jsem se i trochu bál, že s nimi začnete.";"PONECHAT";"Funkční."
"III";"Jsem rád, že jste jeden z těch rozumnějších lékařů.“";"PONECHAT";"Ironické - čtenář ví, že Garnier je cokoli, jen ne rozumný, dobrá dramatická ironie."
"III";"Garnier se usmál.";"PONECHAT";"Krátké gesto."
"III";"„Taky si myslím, že jsem.";"PONECHAT";"Funkční, samolibá odpověď."
"III";"Schoval jste doma všechny ostré předměty?“";"PONECHAT";"Náhlý obrat k praktické, důležité otázce - dobrý kontrast k předchozí absurditě, funguje jako varovný signál."
"III";"„Jen žiletky a břitvy, nože potřebujeme v kuchyni.";"PONECHAT";"Funkční, konkrétní."
"III";"A ano, kontroluji jí zápěstí.“";"PONECHAT";"Zavádí následující klíčovou scénu s fotografií."
"III";"V tu chvíli se Tomáš vyděsil, protože si na něco důležitého vzpomněl.";"PONECHAT";"Funkční, buduje napětí."
"III";"Začal horečně hrabat ve své tašce, kterou měl opřenou vedle židle.";"PONECHAT";"Konkrétní, dobré tempo."
"III";"„To jsem vám vlastně chtěl říct!";"PONECHAT";"Funkční, hektická replika."
"III";"Chtěl jsem vám zavolat hned, jak jsem to našel, ale nějak… nějak jsem prostě nezavolal,“ mumlal Tomáš, zatímco pátral pohmatem uvnitř.";"PONECHAT";"Dobré zadrhávání řeči (""nějak… nějak"") ukazuje jeho vinu/nervozitu, funguje."
"III";"„Tak jsem to alespoň vyfotil a nechal to expresně vyvolat tady o dvě ulice vedle ve fotolabu.“";"PONECHAT";"Konkrétní, věrohodný detail, dobré zakotvení scény."
"III";"Tomáš konečně našel, co hledal, a podal fotografii Garnierovi.";"PONECHAT";"Funkční, uzavírá hledání."
"III";"Doktor si snímek vzal a bedlivě si ho prohlížel; bylo na něm vyfoceno bílé ženské zápěstí, na kterém se rýsovaly podivné načervenalé čáry a otoky.";"PONECHAT";"Silný, znepokojivý vizuální detail, dobře zavádí následující rozuzlení."
"III";"„Koukám, že čáry jdou napříč, to je dobré,“ zhodnotil to klidně Garnier.";"PONECHAT";"KLÍČOVÁ věta pro strukturu celé knihy - ""napříč"" versus ""podélně"" se doslovně vrací v kap. XII, kde Garnier o skutečné, tentokrát smrtelné ráně řekne ""podélně, žádné dívčí škrábance přes šířku"". Tahle věta je temné, přesné proroctví, nesahat."
"III";"„Kdyby se chtěla zabít, musela by se říznout podélně.“";"PONECHAT";"Přímo předjímá způsob skutečné sebevraždy v kap. XII - mimořádně důležitá stavební linka, nesahat ani slovo."
"III";"„Taky si říkám,“ přitakal rozechvěle Tomáš.";"PONECHAT";"Funkční, dramaticky ironické (čtenář z pozdějších kapitol ví, že se to nakonec stane)."
"III";"Doktor Garnier se najednou začal potichu, ale hluboce smát.";"PONECHAT";"Znepokojivá reakce, dobře buduje nejednoznačnost Garnierovy postavy (co je vlastně vtipné?)."
"III";"Tělo se mu natřásalo a vypadalo to spíš jako sípání.";"PONECHAT";"Konkrétní, mírně zneklidňující tělesný detail smíchu."
"III";"Tomáše to zaskočilo.";"PONECHAT";"Krátké, funkční."
"III";"Chtěl se zeptat na vysvětlení, ale nebylo to nutné.";"PONECHAT";"Funkční přechod k vysvětlení."
"III";"„To nejsou řezné rány,“ řekl Garnier suše.";"PONECHAT";"Klíčový obrat - najednou zlehčuje to, co předtím bral vážně, dobrá nejednoznačnost."
"III";"„Jak to?“";"PONECHAT";"Krátké, funkční."
"III";"„To nevidíte?";"PONECHAT";"Funkční, útočná otázka."
"III";"Ty otoky a modřiny, takhle řezná rána nevypadá.";"PONECHAT";"Funkční vysvětlení."
"III";"To je od gumičky.“";"PONECHAT";"Klíčový twist - bagatelizace vážného problému, dobrá, znepokojivá pointa."
"III";"„Od gumičky?“";"PONECHAT";"Krátké, funkční ověření."
"III";"„Ano, od gumičky.";"PONECHAT";"Krátké potvrzení."
"III";"Klasické kuchyňské gumičky.";"PONECHAT";"Funkční upřesnění."
"III";"To se doporučuje třeba hraničářům, když to na ně přijde, vezmou si gumičku a cvrnkají si po zápěstí.";"PONECHAT";"Odborně znějící, ale znepokojivě lehkovážná informace - dobrá charakterizace Garnierovy nekompetentnosti/cynismu."
"III";"Je to celkem neškodná forma sebepoškozování.“";"PONECHAT";"Klíčová, mrazivá věta - bagatelizace sebepoškozování jako ""neškodného"", silná ironie vzhledem k pozdějšímu vývoji, nesahat."
"III";"Pacient se u toho cítí bezcenně, dělá to hezké červené rány, štípe to a pacienta to na chvíli uklidní.“";"UPRAVIT";"""Hezké"" u ""červených ran"" je zneklidňující, možná záměrně (Garnierova bezcitnost) - ponechat. Věta je ale poněkud přetížená čtyřmi tvrzeními za sebou, zvážit rozdělení."
"III";"„Uf.";"PONECHAT";"Krátké, funkční úleva."
"III";"To jsem si opravdu oddechl, pane doktore.“";"UPRAVIT";"""Opravdu"" je vycpávka - škrtnout, ""oddechl"" už nese informaci sám."
"III";"„To já taky,“ řekl Garnier a poklepal tlustým prstem na fotografii.";"PONECHAT";"Konkrétní gesto, dobrý detail."
"III";"„Ale když se tak dívám na ten snímek, znepokojuje mě na tom vlastně úplně jiná věc.“";"PONECHAT";"Zavádí poslední, klíčový twist kapitoly."
"III";"Tomáš měl nervy na dranc.";"PONECHAT";"Funkční, hovorová fráze."
"III";"„O co jde, proboha?“";"PONECHAT";"Funkční, gradující napětí."
"III";"„Ty nehty,“ povzdechl si upřímně doktor Garnier.";"PONECHAT";"Absurdní odklon od vážného tématu k triviálnímu detailu - vrcholná pointa Garnierovy postavy jako nekompetentního/lhostejného lékaře."
"III";"„Koukám, že si je začala lakovat na žluto.";"PONECHAT";"Uzavírá barevný motiv ""žluté"" ze začátku kapitoly (""smutek je přece žlutý"", ""žlutý úděl nebytí"") - Garnier nevědomky pojmenovává skutečný symptom (smutek), ale interpretuje ho jen jako estetickou chybu. Mimořádně silná, ironická pointa celé kapitoly, nesahat."
"III";"Žlutá jí vůbec nesluší.“";"PONECHAT";"Poslední věta kapitoly - naprosto banální, absurdně nepřiměřená vzhledem k vážnosti tématu, a přitom skrytě tragická (žlutá = smutek). Nejsilnější možné zakončení kapitoly, nesahat ani slovo."
"IV";"Klára kategorizovala lidi podle jejího přístupu k bytí.";"PONECHAT";"Funkční úvod do klasifikačního schématu, charakterizuje Klářin analytický způsob myšlení."
"IV";"První kastu tvořili zdraví, neurotypičtí jedinci.";"PONECHAT";"Krátké, funkční."
"IV";"Jejich normalita spočívala v banálním odškrtávání životních milníků: dokončit školu, srozumitelně předat a přijmout informaci, nalézt partnera, práci a včas zplodit potomka.";"PONECHAT";"Dobrý ironický výčet, funguje jako kritika konformity."
"IV";"Její vášní však byla kasta druhá – aklimatizovaní.";"PONECHAT";"Funkční přechod k hlavnímu tématu odstavce."
"IV";"Nositelé vnitřních pokřivení, kteří se naučili fungovat ve společnosti skrze nesmírnou sebereflexi a absolutní sebeovládání.";"UPRAVIT";"""Nesmírnou"" a ""absolutní"" jsou dva superlativní přívlastky vedle sebe - zvážit ponechat jen jeden."
"IV";"Aby splynuli s okolím, museli se stát jeho bedlivými stíny a do hloubky studovat jeho skryté mechanismy.";"PONECHAT";"Silná metafora (""bedlivými stíny""), funguje."
"IV";"Lidé, kteří se přirozeně a snadno pohybují ve společenských situacích, připomínají ptáky.";"UPRAVIT";"""Přirozeně a snadno"" jsou dva synonymní přívlastky - škrtnout jeden."
"IV";"Instinktivně roztáhnou křídla a vzlétnou";"PONECHAT";"Konkrétní, funguje jako obraz."
"IV";"jejich chování je spontánní a plynulé, řízené slepým, vrozeným impulzem, a o fyzikálních principech letu nemají sebemenší ponětí.";"UPRAVIT";"""Spontánní a plynulé"" a ""slepým, vrozeným"" jsou dvojice přívlastků navíc - zredukovat. Slovo ""impulzem"" váže se k titulnímu motivu knihy, ponechat."
"IV";"Naproti tomu ti, kterým společenský let není dán přirozeně, jsou jako Leonardo da Vinci zkoumající nebe.";"PONECHAT";"Silné, originální přirovnání, nesahat."
"IV";"Da Vinci trávil hodiny pozorováním trajektorií a dynamiky ptačích těl, aby nakonec zkonstruoval křídla z rovnice, ačkoliv on sám se do vzduchu nikdy nevznesl.";"PONECHAT";"Rozvíjí metaforu konkrétně a poeticky, dobrá pointa (nikdy nevzlétl)."
"IV";"A právě to je podstata aklimatizovaných: zatímco ti, kdo se ve společnosti pohybují snadno, jednají rychle a intuitivně, ti, kteří se to musí naučit z pozice neohrabaného pozorovatele, dosahují paradoxně vyšší úrovně porozumění a mistrovství.";"UPRAVIT";"Věta shrnuje již řečené (opakuje kontrast pták/da Vinci) - trochu esejisticky vysvětluje to, co metafora už ukázala. Zvážit zkrácení."
"IV";"Musí totiž aktivně zkoumat principy, které za vším stojí.";"SMAZAT";"Opakuje myšlenku předchozí věty potřetí - redundantní shrnutí, škrtnout."
"IV";"Opět se jí vysypala půlka tabáku z cigarety na chodník hned vedle hliníkové popelnice s umazaným víkem.";"PONECHAT";"Odkaz na popelnici z kap. I a III - důležitá opakovaná kotva místa napříč knihou, nesahat."
"IV";"Jakmile si toho všimla, zaklela zvoláním ženského pohlavního orgánu a vykastrovaného býka.";"PONECHAT";"Vtipná opisná formulace vulgarismu - funguje jako záměrně distancovaný, téměř vědecký popis sprosté nadávky, dobrý kontrast rejstříků."
"IV";"Klekla na jedno koleno a jako karvinská ograbčora třídící uhlí začala vybírat drobky kuřiva, zapadlé mezi kamínky a dalšími kousky nespecifikovatelného bordelu.";"PONECHAT";"Originální, konkrétní regionální přirovnání (""karvinská ograbčora""), silný obraz, nesahat."
"IV";"V obývacím pokoji stál rázostroj a všech osm kuliček na něm nehybně viselo.";"PONECHAT";"Návrat symbolu impulzu/houpačky - nehybnost kuliček kontrastuje s tématem knihy (impulz jako hybná síla), dobrá tichá metafora stagnace, nesahat."
"IV";"Všimla si Tomáše hned po otevření dveří.";"PONECHAT";"Funkční, klíčové - potvrzuje, že v této vrstvě reality Klára Tomáše vidí a vnímá jako reálně přítomného."
"IV";"V domnění, že není vidět, stál schovaný za kabátem a nahlas se hihňal.";"PONECHAT";"Dětinské, hravé chování - dobrý kontrast k jeho jinak vážné/depresivní charakterizaci v jiných kapitolách."
"IV";"Klára naivně doufala, že po tom, co před týdnem rozbil zrcadlo, si dá na chvíli pokoj.";"UPRAVIT";"""Naivně"" je hodnotící přívlastek vypravěče, který trochu předjímá pointu - zvážit škrtnutí, ať si čtenář domyslí naivitu sám."
"IV";"Hlavně aby jí dal navěky pokoj.";"PONECHAT";"Krátká, dvojznačná věta (touha po klidu, nebo přání smrti?) - silná, nesahat."
"IV";"Bafnul na ni tak hlasitě, že se skoro lekla, i přes očekávanou pointu nejstaršího dětského vtipu.";"PONECHAT";"Funkční, dokresluje dětinské, hravé chování coby kontrast k jeho jinde temné existenci."
"IV";"Před vařením stihla dvě cigarety a na další výmluvu, proč se vyhnout práci, už bylo přece jen příliš pozdě.";"PONECHAT";"Funkční, charakterizuje její otálení."
"IV";"U řezníka zrovna měli hovězí ledviny.";"PONECHAT";"Návaznost na motiv vnitřností z kap. XII a Garnierovu kulinářskou tiradu v kap. III - důležitá stavební linka."
"IV";"Dvě vyndala z lednice.";"PONECHAT";"Krátké, funkční."
"IV";"Oblíbeným velkým nožem, který byl původně určen na krájení chleba, odstranila z ledvin blány a močovody.";"UPRAVIT";"""Oblíbeným"" a ""velkým"" jsou dva přívlastky navíc k ""nožem"" - zvážit zredukovat na jeden. Detail ""původně určen na krájení chleba"" je dobrý (ukazuje improvizaci/zanedbanost), ponechat."
"IV";"Naporcovala je a zasypala směsí divokého koření, aby potlačila odporný zápach.";"PONECHAT";"Konkrétní, funkční."
"IV";"Ještě si na něj úplně nezvykla, alespoň se zbavila dávivého reflexu.";"PONECHAT";"Funkční, ukazuje postupnou adaptaci na novou rutinu."
"IV";"Považovala to za pokrok, ulehčilo jí to hnědý úděl bytí.";"PONECHAT";"Motiv ""hnědého údělu"" se vrací potřetí v knize - definitivně potvrzený opakovaný refrén, nesahat."
"IV";"Pozorně si prohlížela prohnutí Tomášovy páteře, aby se ujistila, že se jí to nezdá.";"PONECHAT";"Znepokojivý, klíčový detail - Tomášovo tělo se fyzicky mění, degraduje k ""psí"" podobě, silný a důležitý obraz."
"IV";"Ne, opravdu poklesla.";"PONECHAT";"Krátké, potvrzující, dobré tempo."
"IV";"Jeden z nejhorších pohledů na něj byl, když začal chodit po čtyřech.";"PONECHAT";"Klíčová věta - definitivně potvrzuje motiv ""zvířecí"" transformace, nesahat."
"IV";"Tolik mu to ubralo na důstojnosti.";"PONECHAT";"Krátké, tragikomické, funguje."
"IV";"Vypadal jako dítě hrající si na nějaké pokleslé zvíře.";"PONECHAT";"Dobré přirovnání, drží nejednoznačnost (je to hra, nebo skutečnost?)."
"IV";"Nyní však páteř lépe kopírovala jeho držení těla, stejně tak končetiny.";"PONECHAT";"Funkční, ukazuje postupnou fyzickou adaptaci."
"IV";"Nohy měl hloupě natažené a ruce naopak pokrčené.";"UPRAVIT";"""Hloupě"" je poněkud vágní hodnotící přívlastek - zvážit konkrétnější popis polohy."
"IV";"Za rok mu zesílilo drobné svalstvo v chodidlech.";"PONECHAT";"Konkrétní, tělesný detail, dobře dokládá dlouhodobost proměny."
"IV";"Dřív stál hlavně na špičkách a zvedal se pomocí stehen, teď se naučil přenášet celou svou váhu na dolní pohybový aparát";"UPRAVIT";"""Dolní pohybový aparát"" je klinický, anatomický výraz vytrhávající z jinak tělesně-poetického popisu - nahradit obyčejnějším slovem (""nohy"")."
"IV";"lýtky a stehny jen udržoval rovnováhu.";"PONECHAT";"Funkční dokončení popisu pohybu."
"IV";"Díky tomu se pohyboval svižněji a najednou spíš připomínal hlídacího vlčáka než nezdárného syna na autistickém spektru.";"PONECHAT";"Silná, znepokojivá pointa - explicitně formuluje srovnání se psem a zároveň (nešťastně/ironicky) s ""autistickým synem"" - důležitý, i když nepříjemný detail charakterizace, nesahat coby záměrnou provokaci."
"IV";"Nandávala krmení do hlubokého talíře, když si všimla, že Tomáš není v rohu.";"PONECHAT";"""Krmení"" potvrzuje zvířecí rámec zcela otevřeně - klíčové slovo."
"IV";"Neozval se ani na zavolání.";"PONECHAT";"Krátké, funkční - volá na něj jako na zvíře."
"IV";"Neochotně se ho vydala hledat.";"PONECHAT";"Krátké, funkční."
"IV";"Nenašla ho ve sklepě ani v obýváku.";"PONECHAT";"Funkční, buduje napětí hledání."
"IV";"Dalším pravděpodobným místem byla ložnice.";"PONECHAT";"Funkční přechod."
"IV";"A skutečně, ležel tam na zemi a škubal sebou v jakémsi neepileptickém záchvatu.";"PONECHAT";"Znepokojivý fyzický detail, dobrá gradace napětí."
"IV";"Kláře bylo jasné, že prožívá fázi astrálního cestování, kdy podle jeho slov opouští rozkládající se žluté tělo a cestuje, kam se mu zachce.";"PONECHAT";"""Rozkládající se žluté tělo"" - klíčová věta, spojuje motiv žluté/smutku s motivem tělesného rozkladu/smrti (Tomáš už je mrtvý, jen o tom v této realitě nikdo nemluví nahlas) - mimořádně důležitá, nesahat."
"IV";"Nechala ho trochu vycukat a jen co nabral vědomí, sám přiběhl nažrat se do kuchyně.";"PONECHAT";"""Přiběhl nažrat se"" potvrzuje zvířecí rámec, funguje."
"IV";"Klára seděla na podlaze vedle svého nemocného psíka a vískala ho ve vlasech, zatímco se ládoval smaženými ledvinkami.";"PONECHAT";"""Psíka"" - poprvé explicitně pojmenován zvířecí status, klíčová věta pro pochopení celé kapitoly, nesahat."
"IV";"Musela se uchechtnout, když si vzpomněla, jak jako dítě chtěla psa tak strašně moc, že si o něj psala Ježíškovi, ačkoli v něj nevěřila.";"PONECHAT";"Dojemný, ironický kontext - naplnění dětského přání skrze temnou, groteskní realitu, silné."
"IV";"Přála si ho tiše ke každým narozeninám, modlila se za štěně pokaždé, když viděla padat hvězdu.";"PONECHAT";"Funkční rozvedení, dobrý detail."
"IV";"Byla by skvělou psí mámou.";"PONECHAT";"Trpce ironická pointa odstavce, funguje."
"IV";"V hlavě jí od dětství bydlel pavouk — mnohonohé monstrum z informací a souvislostí, zamotaných jako rodové linie šlechtěných psů.";"PONECHAT";"Silná, originální metafora mysli, propojuje se s psím motivem přirovnáním (""rodové linie šlechtěných psů""), nesahat."
"IV";"Jednou potkala chlapa, který souzněl s její metaforou neklidného pavoučka.";"PONECHAT";"Funkční, možná odkaz na Tomáše samotného nebo jiného muže - záměrně nejasné."
"IV";"Jak asi vypadá jeho pavouk teď, když žere jako čokl vnitřnosti na podlaze?";"PONECHAT";"Silná, znepokojivá řečnická otázka uzavírající odstavec, nesahat."
"IV";"Bohužel, ne vždy byl u jídla takhle klidný.";"PONECHAT";"Funkční přechod k další scéně."
"IV";"Někdy vyváděl více než obvykle.";"PONECHAT";"Krátké, funkční."
"IV";"Jako když o několik dní později připravovala vepřová játra na víně a doufala, že by snad zas jednou mohli s Tomem povečeřet stejné jídlo.";"PONECHAT";"Dojemný detail touhy po normálnosti (společná večeře), dobrý kontrast k realitě."
"IV";"Snažil se vylézt na strop, ale nedařilo se mu to.";"PONECHAT";"Odkaz na noční můru z kap. III (""chodil jsem po stropě"") - realizace snu v této vrstvě reality, důležitá stavební linka."
"IV";"Zoufale se škrábal na stěnu a u toho řval jako pouliční smažka na pergamenu po špatném tripu.";"UPRAVIT";"Originální, ale možná až příliš specifické/exotické přirovnání (""pouliční smažka na pergamenu po tripu"") - zvážit, zda nejde o samoúčelnou bizarnost. Pokud sedí k celkovému absurdnímu tónu knihy, ponechat."
"IV";"Několikrát ho okřikla, ale nevnímal ji.";"PONECHAT";"Funkční."
"IV";"Dál se drápal po stěně, ze které pod jeho nehty mizely kusy omítky.";"PONECHAT";"Konkrétní, znepokojivý detail sebepoškozování."
"IV";"U vaření každou chvíli otočila hlavu, přestože jí bylo zatěžko sledovat to otřesné divadlo.";"PONECHAT";"Funkční, ukazuje její vyčerpání."
"IV";"Povzdechla si a pak se ještě jednou podívala na toho cvoka, který si kromě stěny ničil už i konečky prstů.";"PONECHAT";"Funkční, tvrdé slovo ""cvoka"" ukazuje otupělost/frustraci."
"IV";"Musela rázně zakročit.";"PONECHAT";"Krátké, funkční, zavádí následující scénu trestání."
"IV";"Kýbl s vodou nepomáhal, stejně tak se naučil ignorovat i píšťalku.";"PONECHAT";"Konkrétní, znepokojivé detaily ""drezúry"" - dobře pokračuje zvířecí motiv, funguje."
"IV";"Přešla rovnou na nejsilnější kalibr, který měla v arzenálu.";"PONECHAT";"Funkční, vojenská metafora dobře gradující napětí."
"IV";"Vytáhla lískový, kůry zbavený proutek.";"PONECHAT";"Konkrétní, znepokojivý detail."
"IV";"Rozpřáhla se a švihla ho pravačkou přes záda.";"PONECHAT";"Násilná, šokující akce, funguje jako vrchol napětí."
"IV";"Pak z druhé strany ještě jednou a při poslední ráně zase změnila směr.";"PONECHAT";"Funkční, konkrétní pokračování násilí."
"IV";"Tomáš se svalil na zem a nepříjemně zaskučel, spíš leknutím než bolestí.";"PONECHAT";"""Zaskučel"" pokračuje zvířecí motiv, funguje."
"IV";"Bylo jí nesmírně líto, že ho takto trestá.";"UPRAVIT";"""Nesmírně"" je silný, ale možná přehnaný přívlastek k already jasné lítosti - zvážit škrtnutí."
"IV";"Na druhou stranu lískový proutek není o nic hrozivějším nástrojem než velikonoční pomlázka.";"PONECHAT";"Znepokojivá racionalizace násilí, funguje jako charakterizace jejího psychického stavu."
"IV";"A tohle téměř stokilové hovado dostalo možná méně, než dostávají holky od svých spolužáků na Velikonoce, a ještě jim za to poděkují.";"PONECHAT";"Silná, znepokojivá relativizace, dobrá společenská satira (velikonoční pomlázka jako normalizované násilí) zabudovaná do osobní scény."
"IV";"Nelíbilo se jí to, ale s Tomášem to jinak někdy nešlo a musel si projít velikonočním traumatem.";"PONECHAT";"Funkční, uzavírá racionalizaci."
"IV";"Prý je to součást hnědého údělu bytí, uchechtla se.";"PONECHAT";"Motiv ""hnědého údělu"" počtvrté - definitivně refrén, navíc s hořkým smíchem, silné."
"IV";"Proutkem mu naznačila, kde má místo – na židli u stolu.";"PONECHAT";"Konkrétní, funkční, uzavírá scénu trestání."
"IV";"Játra v hrnci vypadala, že za chvíli už budou dost měkká, a tak se dala do přípravy rýže.";"PONECHAT";"Funkční přechod k další scéně."
"IV";"Jak měla ve zvyku, rozpálila plotnu ještě před položením hrnce s vodou na sporák.";"PONECHAT";"Funkční, konkrétní detail rutiny (důležitý pro následnou nehodu)."
"IV";"Otevřela krabici s jasmínovou rýží.";"PONECHAT";"Konkrétní, funkční."
"IV";"Bylo tam sotva na jednu dětskou porci.";"PONECHAT";"Funkční, zavádí odchod do špajzu."
"IV";"Odběhla do špajzu pro basmati.";"PONECHAT";"Funkční, vysvětluje její nepřítomnost v kuchyni (klíčové pro následnou nehodu)."
"IV";"Když vešla zpátky do kuchyně, ucítila pálící se maso.";"PONECHAT";"Dobré vygradování napětí smyslovým detailem."
"IV";"Zprvu myslela, že přetekla šťáva z jater na plotnu.";"PONECHAT";"Funkční, dobře simuluje mylné počáteční vysvětlení."
"IV";"Pak uviděla Tomáše.";"PONECHAT";"Krátké, silné, vrchol napětí."
"IV";"Stál u sporáku, dlaní položenou na rozžhavené plotně, a díval se do prázdna.";"PONECHAT";"Šokující, klíčový obraz - přímo odpovídá noční můře z kap. III (""spálila mi ruku tím, že mi držela dlaň na sporáku""), jen zde je to sebepoškození, ne trest. Důležitá stavební linka mezi kapitolami."
"IV";"Maso na jeho dlani syčelo a z kůže stoupaly tenké proužky namodralého dýmu.";"PONECHAT";"Silný, tělesný, hororový detail, funguje."
"IV";"Byt se naplnil nasládlým zápachem spáleniny, který se od vůně vaření lišil jen tím, jak děsivě připomínal grilování.";"PONECHAT";"Znepokojivé srovnání vaření/spáleniny lidského masa - silná, tíživá pointa."
"IV";"Na rozdíl od Tomáše hrůzou zaječela a přiskočila k němu dvěma mocnými kroky.";"UPRAVIT";"""Mocnými"" je nadbytečný přívlastek ke krokům - škrtnout."
"IV";"Ruku mu za neúčasti Tomášova vědomí odtrhla.";"PONECHAT";"Funkční, ukazuje jeho disociaci."
"IV";"Z dlaně se kouřilo.";"PONECHAT";"Krátké, silné."
"IV";"Kůže zůstala naštěstí přilepená na mase a ne na plotně – jen drobné bílé cáry se odloupávaly jako z přepáleného řízku.";"PONECHAT";"Drastický, ale konkrétní tělesný detail, funguje coby černý humor v hororové scéně."
"IV";"I přes svou duševní nepřítomnost Tom zkrotl";"PONECHAT";"""Zkrotl"" opět pokračuje zvířecí motiv, dobré slovo."
"IV";"chápal, že je poraněný, a při chlazení ruky v dřezu poslušně držel.";"PONECHAT";"""Poslušně"" uzavírá zvířecí rámec scény, funguje."
"IV";"Obývací pokoj měli paradoxně značně skromnější než zbytek domu.";"UPRAVIT";"""Značně"" je nadbytečný zesilovač - škrtnout."
"IV";"Klára s Tomem centrovali domácí život do ložnice a kuchyně";"PONECHAT";"Funkční, dobré prostorové ukotvení."
"IV";"obývák byl jen nutné zlo.";"PONECHAT";"Krátké, úsporné."
"IV";"Kláře stačil pohled na gauč a už cítila pach fotroviny — v každé rodině je jedna pohovka, která roky nasává nenápadný pach stárnoucích mužů.";"PONECHAT";"Silné, univerzální pozorování v hovorovém rejstříku (""fotrovina""), dobrá odbočka."
"IV";"Nechala ho spát na zemi v obýváku.";"PONECHAT";"Funkční, pokračuje zvířecí zacházení."
"IV";"Ze spáleniny na jeho dlani se linul slabý zápach, který se mísil s pachém cigaret nasáklým do polštářků gauče.";"UPRAVIT / OVĚŘIT";"Překlep ""pachém"" místo ""pachem"" - opravit. Obsahově funkční věta."
"IV";"Ráno ho přišla zkontrolovat.";"PONECHAT";"Krátké, funkční."
"IV";"Obvazu si nevšímal — nadzvedával si ho a díval se pod něj na lajnu mravenců, kteří ho obcházeli.";"PONECHAT";"Znepokojivý, groteskní detail (mravenci u rány), dobrá atmosféra zanedbanosti/rozkladu."
"IV";"Čekal, až mu tam sami nalezou.";"PONECHAT";"Krátké, absurdní, funguje coby černý humor."
"IV";"Misky se toho rána nedotkl.";"PONECHAT";"Funkční, konkrétní."
"IV";"Ráda by s ním zůstala doma, ale zrovna měli pololetní písemky z matiky.";"PONECHAT";"Funkční, vrací motiv jejího učitelského povolání z kap. III."
"IV";"A matematika je přece důležitější než jeden cvok.";"PONECHAT";"Trpce ironická pointa, dobré vyjádření jejích priorit/vyčerpání."
"IV";"Před odchodem do školy ještě přistoupila ke komodě s Newtonovou houpačkou.";"PONECHAT";"Funkční, návrat symbolu."
"IV";"Uchopila jednu kuličku.";"PONECHAT";"Krátké, konkrétní."
"IV";"Chvíli si ji potěžkávala, pak ji spustila k ostatním.";"PONECHAT";"Funkční, dobré tempo."
"IV";"Když se přenesenou energií vyhoupla druhá krajní kulička, Tomáš poprvé za celé ráno zvedl hlavu.";"PONECHAT";"Silný, tichý obraz - impulz/pohyb houpačky jako jediná věc, co ho ""probudí"" - tematicky klíčové, nesahat."
"IV";"Klára se podivila, proč ho zrovna tohle tolik zaujalo.";"PONECHAT";"Funkční, dobrá nejistota z jejího pohledu."
"IV";"Kuličky se chovaly tak strašně předvídatelně.";"PONECHAT";"Dobrá kontrastní pointa - houpačka je předvídatelná, na rozdíl od Tomáše/jejich vztahu."
"IV";"Oproti plánům se Klára vrátila až k večeru.";"PONECHAT";"Funkční přechod."
"IV";"Tomáše našla v tom stejném koutě obývacího pokoje.";"PONECHAT";"Funkční, potvrzuje jeho stagnaci."
"IV";"Jen miska byla prázdná, aspoň že tak.";"PONECHAT";"Krátké, hořce ironické."
"IV";"Zato Klára zase dneska nic nejedla a takhle k večeru už jí to nepřišlo moc zdravé.";"PONECHAT";"Klíčový detail - Klára zanedbává sama sebe, zatímco pečuje o Tomáše jako o zvíře, silná paralela."
"IV";"Sebe nechala bez večeře, ale Tomášovi připravila velkou porci Pedigree.";"PONECHAT";"""Pedigree"" (značka psích konzerv) - definitivní, doslovné potvrzení zvířecího rámce, nejsilnější detail v celé kapitole, nesahat."
"IV";"Misku položila do kuchyně, aby nenadělal zas bordel na koberci.";"PONECHAT";"Funkční pokračování."
"IV";"Mezi přestávkami ve škole dokázala vykouřit nesmyslné množství cigaret.";"PONECHAT";"Funkční, ukazuje její vlastní úzkost."
"IV";"Dokonce si zas jednou koupila „fabriky“.";"PONECHAT";"Konkrétní hovorový detail (typ cigaret), dobré zakotvení."
"IV";"Přestože se jí podařilo v práci překouřit a prázdný žaludek jí moc nepřidával na pohodlí, zvyk byl silnější a u hliníkové popelnice s umazaným víkem si zapálila další.";"PONECHAT";"Další odkaz na popelnici - stavební linka, funguje."
"IV";"Udělalo se jí ještě hůř a cigaretu dokouřila jen s odporem.";"PONECHAT";"Funkční, tělesný detail."
"IV";"Za provinění, že si zapálila, se pak potrestala chvilkou sebenenávisti.";"PONECHAT";"Klíčová věta - Klára trestá sama sebe stejně jako trestala Tomáše proutkem, silná paralela sebedestrukce, nesahat."
"IV";"Tomáš se vedle prázdné misky spokojeně povaloval a občas si olizoval popálenou dlaň, pomalu a důkladně, jako zvíře ošetřující vlastní ránu.";"PONECHAT";"Explicitní přirovnání ke zvířeti, uzavírá motiv, silné."
"IV";"Potěšilo ji to.";"PONECHAT";"Krátké, znepokojivě prosté."
"IV";"Nechal se ochotně odvést do obýváku.";"PONECHAT";"Funkční."
"IV";"Tom ležel pod gaučem a Klára se uvalila na pohovku tak, aby na něj dosáhla.";"PONECHAT";"Konkrétní, funguje jako intimní, ale zvířecí gesto blízkosti."
"IV";"Chvíli přepínala mezi programy v televizi, jako by ji snad zajímalo, co dávají.";"PONECHAT";"Funkční, dobrý detail otupělosti."
"IV";"Nechala pak běžet nějaký sitcom nebo reality show, bylo jí to jedno.";"PONECHAT";"Funkční, pokračuje detail otupělosti."
"IV";"Nedokázala mezi tím rozlišovat a chtěla jen vypnout a nemyslet na hnusný život plný samoty a sebelítosti.";"PONECHAT";"Silné, přímé přiznání jejího psychického stavu."
"IV";"Zrovna zavírala oči, když se lekla zazvonění telefonu, který nebyl její.";"PONECHAT";"Funkční, dobrý přechod k telefonátu."
"IV";"Tom se zvedl ze země a ve stoje se narovnal, jako by šel střežit Buckinghamský palác.";"PONECHAT";"Vtipné, nečekané přirovnání, dobrý kontrast po dlouhé zvířecí charakterizaci - najednou zase vypadá jako člověk."
"IV";"Skoro zapomněla, jak je obrovský.";"PONECHAT";"Silná, tichá věta - ukazuje, jak moc si zvykla vnímat ho jako malé/podřízené zvíře."
"IV";"V obýváku neměli dobře řešené zásuvky.";"PONECHAT";"Funkční expoziční detail."
"IV";"Mobily si proto nechávali na kredenci.";"PONECHAT";"Funkční, vysvětluje logistiku scény."
"IV";"Zvědavost jí nedala a musela se jít podívat, kdo mu volá.";"PONECHAT";"Funkční, zavádí odposlech telefonátu."
"IV";"Opřela se do futer, jako by se na nich chtěla ve stoje vyspat.";"PONECHAT";"Dobrý detail vyčerpání."
"IV";"Tomáš otevřel véčkový telefon, který dostal, aby před klienty reprezentoval pojišťovnu.";"PONECHAT";"Konkrétní detail, propojuje s firemní linkou z kap. II."
"IV";"„Dobrej, jsem teď na nemocenské.“";"PONECHAT";"Funkční začátek telefonátu."
"IV";"Telefon byl moc potichu na to, aby slyšela hlas na druhé straně.";"PONECHAT";"Funkční, vysvětluje, proč čtenář slyší jen Tomášovu stranu hovoru - dobrý formální trik."
"IV";"„Ne, v pohodě. Nerušíte.“";"PONECHAT";"Funkční."
"IV";"„Děkuju, nic vážného se nestalo. Jen jsem se v kuchyni popálil. Budu muset na počítači psát jen jednou rukou, ale po víkendu se zas vrátím.“";"PONECHAT";"Ironický kontrast - bagatelizuje vážné zranění jako běžnou pracovní nepříjemnost, dobrá charakterizace jeho popírání."
"IV";"Poslouchal, co mu říká druhá osoba.";"PONECHAT";"Funkční přechod."
"IV";"„Ehm…“";"PONECHAT";"Krátké, funkční."
"IV";"„Jasný.“";"PONECHAT";"Krátké, funkční."
"IV";"Klára přemýšlela, jestli ho může v takovém stavu nechat doma.";"PONECHAT";"Funkční, ukazuje její narůstající obavy."
"IV";"Na chvíli ji dokonce napadlo, že by…";"PONECHAT";"Přerušená myšlenka - dobrý neúplný náznak (že by co? Zavolala pomoc? Odešla?), funguje jako otevřená otázka."
"IV";"„S Kouckým jsme to vyřešili. Předal jsem to sice na Martina, měl jsem toho hodně a teď ještě tu ruku. Říkal, že se půjde oběsit, ale ještě předtím to vyřešil.“";"PONECHAT";"Šokující, ledabyle prohozená informace o Martinově sebevražedné myšlence - propojuje se s Martinovou izolací z kap. II, temné a důležité foreshadowing, nesahat."
"IV";"„Jo, byla by ho škoda, je to šikovnej kluk.“";"PONECHAT";"Ironicky lhostejná reakce na zmínku o sebevraždě - dobrá charakterizace firemní otupělosti."
"IV";"„Jasně, v pohodě.“";"PONECHAT";"Krátké, funkční."
"IV";"Klára si prokřupla záda a otráveně zamlaskala.";"PONECHAT";"Konkrétní gesto netrpělivosti."
"IV";"„Tak jestli je to všechno, tak…“";"PONECHAT";"Funkční, signalizuje konec hovoru."
"IV";"„Není za co a já děkuju za oznámení. Nashle.“";"PONECHAT";"Funkční konec hovoru."
"IV";"Odložil telefon a ani ho nevrátil na nabíječku.";"PONECHAT";"Drobný detail nedbalosti, dobré uzavření scény."
"IV";"„Copak?“";"PONECHAT";"Krátké, funkční, zavádí hádku."
"IV";"„Nic,“ řekla to tak nedůvěryhodným a ironickým tónem, že tomu sama nevěřila.";"PONECHAT";"Funkční, dobrá sebereflexe."
"IV";"„Musel jsem to vzít.“";"PONECHAT";"Funkční, obranná reakce."
"IV";"„Já nic neříkám, odsub to znělo jako životně důležitej hovor.“";"OVĚŘIT";"Možný překlep - ""odsub"" by mělo být ""odsud""; zkontrolovat originál a opravit."
"IV";"Všimla si, že se jí zas dívá na nohy.";"PONECHAT";"Funkční, drobný detail napětí/přitažlivosti uprostřed hádky."
"IV";"„Jak jsem mohl vědět, co po mně budou chtít? Jak jsem měl vědět, že mi jen řeknou věci, který vím, a zeptají se mě na něco, co vědí?“";"UPRAVIT";"Věta je záměrně kruhová/zmatená (odráží jeho frustraci), ale možná až příliš zamotaná na čtení - zvážit mírné zjednodušení bez ztráty efektu zmatku."
"IV";"„Kdo by to čekal,“ víc sarkasticky to říct nemohla.";"PONECHAT";"Funkční, dobrý sarkasmus."
"IV";"„V tom našem českém kapitalismu.“";"PONECHAT";"Krátká společensko-kritická poznámka, funguje jako trpká pointa."
"IV";"„Co po mně vlastně chceš?“";"PONECHAT";"Funkční, eskalace hádky."
"IV";"Kláře došlo, že její slova znějí docela jinak, než zamýšlela.";"PONECHAT";"Funkční, ukazuje její sebereflexi uprostřed konfliktu."
"IV";"A Tomáše tím jen tupě provokovala.";"PONECHAT";"Krátké, funkční sebekritické přiznání."
"IV";"Přitom se o něj jen bála.";"PONECHAT";"Klíčová věta - odhaluje skutečnou motivaci pod hádkou (strach, ne zloba), důležité pro pochopení jejich vztahu."
"IV";"Napadlo ji, že se ho zeptá na žlučník, ale stočila hovor docela jinam.";"PONECHAT";"Odkaz na žlučníkový motiv - další stavební linka napříč knihou."
"IV";"„Proč přesouváš svoji práci zrovna na Martina? Není to ani tvůj podřízený, ne?“";"PONECHAT";"Funkční, mění téma k Martinovi."
"IV";"„Prosím tě, co ty víš o interním fungování naší firmy.";"PONECHAT";"Funkční, obranná/povýšená reakce."
"IV";"A vůbec, kde jsi zas přišla k Martinovi? Ani nevím, že ho znáš.“";"PONECHAT";"Funkční, zavádí odhalení o jejich vztahu."
"IV";"„Jen trochu.“";"PONECHAT";"Krátké, vyhýbavé, funguje."
"IV";"Vystoupila z futer a pohybem obkreslila půlkruh kolem Tomáše.";"PONECHAT";"Konkrétní, téměř dravčí/taneční pohyb, dobrý vizuální detail napětí."
"IV";"„Na tý firemní akci, kde jsi s chlapama chlastal jégra a zval každýho buzeranta, když tě budu citovat.“";"PONECHAT";"Ostrá, hovorová replika, dobře charakterizuje Tomášovo dřívější chování v kolektivu."
"IV";"Spíš než naštvaně vypadal zmateně.";"PONECHAT";"Funkční, dobrý detail jeho reakce."
"IV";"„Zatímco jste lili jak mužici, Martin se mi tam věnoval. A ne že by mě balil, ale opravdu se o mě zajímal. Co dělám, řešili jsme mezilidské vztahy, komunikaci a tak.“";"PONECHAT";"Funkční, zavádí kontrast Tomáš/Martin, který se línie táhne přes kap. II."
"IV";"Tvář se mu změnila do úsměvu.";"UPRAVIT";"Trochu neobratná formulace (""tvář se změnila do úsměvu"" místo ""usmál se"") - zvážit zjednodušení."
"IV";"„Jasný, když jste oba autisti.“";"PONECHAT";"Ironická, trochu krutá replika, funguje jako charakterizace jeho žárlivosti/obrany."
"IV";"„Je milej.“";"PONECHAT";"Krátké, funkční."
"IV";"„Neříkám, že ne. Je v pohodě.“";"PONECHAT";"Krátké, funkční."
"IV";"„Má holku?“";"PONECHAT";"Funkční, ukazuje jeho žárlivost přímo."
"IV";"„Nevím, moc se nebavíme o osobních věcech, ale podle mě ani neví, co to je.“";"PONECHAT";"Funkční."
"IV";"„Myslíš?“";"PONECHAT";"Krátké, funkční."
"IV";"„Říkám. Je to takovej autista.“";"PONECHAT";"Funkční, opakuje předchozí charakteristiku."
"IV";"Klára si vzpomněla na svou třídu.";"PONECHAT";"Funkční přechod k paralele se školou."
"IV";"Martina si představovala sedět v přední lavici, natěsnaného u katedry.";"PONECHAT";"Konkrétní, dobrá charakterizace pomocí prostorové metafory."
"IV";"Tomáše pak viděla úplně vzadu u okna.";"PONECHAT";"Dobrý kontrastní obraz - dva typy studentů, funguje jako nepřímá charakterizace obou mužů."
"IV";"„Kolik mu je?“";"PONECHAT";"Funkční."
"IV";"„Pětadvacet.“";"PONECHAT";"Krátké, funkční."
"IV";"„To není ještě tak strašný.“";"PONECHAT";"Funkční, mírně záhadná poznámka (co přesně ""není strašný""?)."
"IV";"„Je šikovnej. Když se ještě společensky srovná, bude kolem třicítky v pohodě.“";"PONECHAT";"Funkční, uzavírá odbočku o Martinovi."
"IV";"Až příliš dobře si odpočinula u televize a v posteli nemohla usnout.";"PONECHAT";"Funkční přechod k závěrečné scéně smíření."
"IV";"Neklidná hlava ji nutila přemýšlet nad různými variacemi konverzace v kuchyni.";"PONECHAT";"Funkční."
"IV";"Došla k závěru, že si vybrala dobře.";"PONECHAT";"Krátké, funkční - nejasné, co přesně ""vybrala"", dobrá mnohoznačnost."
"IV";"Ještě ten večer nečekaně zjihla a zbytek noci věnovala Tomášovi.";"PONECHAT";"Funkční přechod ke smíření."
"IV";"Z konferenčního stolku si udělala podnožku, jak měla ve zvyku snad s každým stolem, ke kterému si sedla.";"PONECHAT";"Odkaz na úvodní scénu kap. I (nohy na stole) - opakovaný charakterizační motiv, funguje."
"IV";"Rozhodně se neobtěžovala tím, že na něm bylo něco položeného.";"PONECHAT";"Funkční, dokresluje lhostejnost."
"IV";"Tentokrát to byl ovladač od televize a půl hodiny otevřená bílá activia, kterou měla mít původně k večeři.";"PONECHAT";"Konkrétní detail (jogurt opět!) - pokračuje jogurtový motiv napříč knihou, nesahat."
"IV";"Místo deky ji hřál Tomáš.";"PONECHAT";"Silná, úsporná metafora blízkosti - zvířecí, ale i dojemná."
"IV";"Ležel na jejím klíně, klidný a maximálně spokojený.";"UPRAVIT";"""Maximálně"" je nadbytečný zesilovač - škrtnout."
"IV";"Ochotně držel ruku, když mu Klárka kleštičkami zkracovala nehty.";"PONECHAT";"Konkrétní, intimní zvířecí gesto péče, funguje."
"IV";"Odpustila si i posledních několik cigaret, byť mezi zuby cítila plechovou touhu po nikotinu.";"PONECHAT";"Silná synestetická metafora (""plechovou touhu""), nesahat."
"IV";"Beze slov se přimáčkl k jejímu trupu, jako by jí chtěl za vše poděkovat, a nejspíš to tak opravdu chtěl.";"PONECHAT";"Dojemný, tichý moment blízkosti, funguje jako emoční vrchol kapitoly."
"IV";"Unavená celou vahou trupu zaplula do pohovky a dovolila si usnout.";"PONECHAT";"Dobrý, tělesně přesný závěr scény."
"IV";"Klára netušila, kdo usnul první, ale po probuzení si všimla, že leží na gauči sama.";"PONECHAT";"Funkční přechod k závěrečné, temné scéně."
"IV";"Tomáše nikde neviděla.";"PONECHAT";"Krátké, buduje napětí."
"IV";"Na vstávání do práce měla ještě několik hodin, ale spát se jí už na gauči moc nechtělo.";"PONECHAT";"Funkční."
"IV";"Vydala se hledat Toma a tušila, kde bude – rachot ve sklepě ji v tom utvrdil.";"PONECHAT";"Funkční, zavádí finální scénu."
"IV";"Sešla dolů po schodech až na hliněnou podlahu sklepa.";"PONECHAT";"Funkční, konkrétní."
"IV";"Tomáš byl celý zpocený a špinavý, ale jeho rychlé a silné pohyby vypadaly tak mužně, že zcela maskovaly známky únavy.";"UPRAVIT";"""Rychlé a silné"" a ""tak mužně"" jsou přívlastky navíc - zredukovat, hlavní obraz (fyzická práce) je jasný i bez nich."
"IV";"Krumpáčem rozbíjel mocné kusy jílovité zeminy.";"UPRAVIT";"""Mocné"" je nadbytečný přívlastek - škrtnout."
"IV";"U stěny měl zaslouženě zablácený rýč zapíchnutý v hromadě již vykopané hlíny.";"UPRAVIT";"""Zaslouženě"" je zvláštní, těžko interpretovatelný přívlastek u nástroje - zvážit škrtnutí nebo přesnější formulaci."
"IV";"Jednu díru obdélníkového tvaru měl už vykopanou.";"PONECHAT";"Funkční, klíčová informace - tvar díry naznačuje hrob."
"IV";"Byla přibližně dva metry dlouhá, metr široká a hluboká snad metr a půl.";"PONECHAT";"Přesné rozměry potvrzují, že jde o hrob (standardní rozměry) - důležité, i když technicky formulované, tady funguje jako děsivá konkrétnost, ne jako vata."
"IV";"Klára nad tím chvíli přemýšlela a říkala si, že ten hrob je pro ni zbytečně hluboký.";"PONECHAT";"KLÍČOVÁ věta - Klára otevřeně pojmenovává jámu jako ""hrob pro ni"" a hodnotí jen jeho rozměry, ne fakt, že jde o hrob. Vrcholně důležitá, mrazivá věta pro celou knihu, nesahat."
"IV";"Bohatě by stačil metr, nebo klidně půl metru.";"PONECHAT";"Pokračuje děsivě věcné hodnocení rozměrů vlastního hrobu."
"IV";"Stejně tak metrová šířka jí přišla přehnaná.";"PONECHAT";"Funkční pokračování."
"IV";"V poslední době dost zhubla, takže ji to i trochu uráželo.";"PONECHAT";"Groteskní, černě komická pointa (uražená přílišnou velikostí vlastního hrobu) uprostřed hororové scény - typický tón knihy, nesahat."
"IV";"Ale pak se v duchu napomenula a přestala reptat.";"PONECHAT";"Funkční, ukazuje její sebekázeň/potlačení."
"IV";"Bylo od Toma hezké, že myslí na jejich společnou budoucnost.";"PONECHAT";"Nejsilnější, nejmrazivější věta celé kapitoly - naprosté popření reality (hrob = ""společná budoucnost"") jako závěrečná pointa. Nejlepší možné zakončení kapitoly, nesahat ani slovo."
"V";"Tenké střevo chodbičky, kterým se protlačoval uřícený Tomáš, vyúsťovalo až v osmém patře, v místnosti bez oken, ale přesto vždy dobře vyvětrané.";"PONECHAT";"Silná, tělesná metafora (""tenké střevo chodbičky"") - originální a poetická, nesahat."
"V";"Dveře mu otevřel sám Garnier, Tomáš se sotva zmohl na pozdrav a látkovým kapesníkem si utíral zpocené čelo.";"PONECHAT";"Konkrétní, funkční."
"V";"Garnier neváhal a doprovodil ho ke stolu, vzdáleného třicet metrů od dveří až na druhé straně místnosti.";"UPRAVIT";"Přesná vzdálenost ""třicet metrů"" opakuje podobný technicko-geometrický detail jako v kap. III (""dva metry od stěny"") - buď je to záměrný motiv absurdně velkých místností, nebo nadbytečná preciznost. Ponechat, pokud první, jinak zvážit škrtnutí čísla."
"V";"„Jak se máte, chlape, vypadáte dost zničeně.";"PONECHAT";"Funkční úvod, dobrý kontrast k formálnímu prostředí."
"V";"Snad se vám to nestalo na našich schodech.";"PONECHAT";"Funkční, zavádí odbočku o schodišti."
"V";"Určitě hádáte, že tu jsou dlouho, a jistě hádáte jejich stáří na mnohem méně, než jak jsou doopravdy staré.";"UPRAVIT";"Věta je kostrbatě zdvojená (""určitě hádáte... a jistě hádáte"") - zvážit zjednodušení pro plynulost."
"V";"Klidně bych vám to řekl, ale žádný pacient mi to zatím nevěřil, tak jsem jim to přestal říkat.";"PONECHAT";"Funkční, dobrá charakterizace Garnierovy sáhodlouhé řeči."
"V";"Ono točité schodiště je unikátní ještě jednou věcí.";"PONECHAT";"Funkční přechod."
"V";"Je to jediná místnost v domě v úplně původním stavu.";"PONECHAT";"Funkční, zavádí následující dialog o architektuře."
"V";"Doufám, že se vám líbí.";"PONECHAT";"Krátké, funkční."
"V";"Líbí se vám, Tomáši, naše točivé schodiště?“";"PONECHAT";"Opakovaná otázka, dobrá charakterizace Garnierovy vytrvalé odbočivosti - stejná taktika jako fotbal v kap. III."
"V";"„Líbí, a moc, zrovna jsem přemýšlel, jak může být staré.";"PONECHAT";"Funkční, ukazuje Tomášovu snahu vyhovět/zapadnout."
"V";"Myslel jsem nejdřív, že tohle je secesní dům, ale jestli tvrdíte, že to schodiště je jediná původní místnost, pak musí být mnohem starší.";"PONECHAT";"Funkční pokračování architektonické hry."
"V";"Rozhodně to není renesance, není to baroko ani rokoko, není to snad ani gotika.";"PONECHAT";"Dobrá gradace, funguje jako komická vzdělanostní přetvářka."
"V";"Vlastně bych řekl, že…“";"PONECHAT";"Přerušená věta, dobrý dramatický efekt."
"V";"Pohlédl na majestátní klenby, opírající se o masivní kamenné sloupy.";"UPRAVIT";"""Majestátní"" je otřelý přívlastek - zvážit škrtnutí, obraz kleneb funguje i bez něj."
"V";"„Tahle místnost byla zrekonstruována někdy v období gotiky.“";"PONECHAT";"Funkční, odpovídá Tomášovi místo něj - Garnier ho přerušuje vlastní odpovědí, dobrý komický detail."
"V";"„V období rané gotiky,“ doplnil ho doktor Garnier.";"PONECHAT";"Funkční, pedantská korekce."
"V";"„Jen tenhle nábytek je tu až od druhé poloviny 19. století.“";"PONECHAT";"Funkční, uzavírá odbočku."
"V";"„Tomu snad ani nevěřím.“";"PONECHAT";"Krátké, funkční."
"V";"„Já vám to říkal, Tomáši.“";"PONECHAT";"Krátké, samolibé, funguje."
"V";"„Raději mi povězte, jak se vám daří.“";"PONECHAT";"Konečně se vrací k tématu - dobrý kontrast po dlouhé odbočce."
"V";"„Mám se skvěle.“";"PONECHAT";"Klíčová opakovaná fráze - Tomáš lže stejně jako v kap. III, konzistentní charakterizace popírání."
"V";"„To zní dobře, ale je to jen těžko uvěřitelné. Co v práci, Tomáši?“";"PONECHAT";"Garnier okamžitě prohlédne lež - dobrý kontrast k jeho jinak roztržité postavě."
"V";"„Jo, asi dobrý.“";"PONECHAT";"Krátké, vyhýbavé, funguje."
"V";"„A co Klárka, Tomáši?“";"PONECHAT";"Funkční, míří k jádru problému."
"V";"Už tak pokleslý výraz mu klesl ještě hlouběji.";"UPRAVIT";"""Pokleslý...klesl"" je tautologické opakování stejného kořene slova - zvážit jednu z variant nahradit synonymem."
"V";"„Jo, asi taky dobrý.“";"PONECHAT";"Opakovaná vyhýbavá odpověď, dobrý rytmický refrén."
"V";"„Není to dobrý, Tomáši, že ne?“";"PONECHAT";"Přímá konfrontace, dobrý zlom scény."
"V";"„Víte,“ sklopil hlavu a nepřiměřeně dlouho nepromluvil.";"PONECHAT";"Funkční, tělesné gesto váhání."
"V";"Tomáš si vzpomněl na poslední incident.";"PONECHAT";"Funkční, zavádí zpověď."
"V";"„Je to peklo, strašně se to zhoršilo.";"PONECHAT";"Funkční, silné slovo ""peklo"" předjímá pozdější meditaci o pekle v odst. 47-50."
"V";"Ale jako opravdu strašně.“";"SMAZAT";"Opakuje ""strašně"" podruhé bez nové informace - redundantní zesílení, škrtnout."
"V";"„Mlátí vás?“";"PONECHAT";"Přímá, šokující otázka, dobrý zlom."
"V";"Zvedl obvázanou ruku.";"PONECHAT";"Krátké, silné gesto místo slov."
"V";"„To je od sporáku, že?“";"PONECHAT";"Funkční, Garnier znovu předjímá odpověď."
"V";"„Měli jsme v poslední době několik incidentů.";"PONECHAT";"Funkční."
"V";"To s tím sporákem je déle.";"PONECHAT";"Funkční, časová nejasnost."
"V";"Myslím, že se mi občas plete časový sled událostí, je toho na mě nějak hodně.“";"PONECHAT";"Klíčová věta - přiznání zmatku v čase je dramaticky ironické, protože Tomáš je ve skutečnosti mrtvý duch se zkresleným vnímáním času (viz kap. I), nesahat."
"V";"„To chápu, co ta ruka?“";"PONECHAT";"Funkční návrat k tématu."
"V";"„Vylítla na mě v kuchyni, měla zrovna meltdown a držela mi ruku na sporáku.“";"PONECHAT";"KLÍČOVÁ věta - přesně odpovídá scéně z kap. IV, jen z opačné, obviňující perspektivy (tam to byla nehoda/sebepoškození, tady tvrzení o útoku). Mimořádně důležitá pro pochopení nespolehlivého vyprávění napříč knihou, nesahat."
"V";"„A to se stalo jen tak?“";"PONECHAT";"Funkční."
"V";"„Ne, nutila mě předtím žrát vnitřnosti.“";"PONECHAT";"Odpovídá scénám krmení z kap. IV, jen interpretovaným jako násilí - klíčová paralela, nesahat."
"V";"Tomášovi se udělalo špatně, když si vzpomněl na nerezovou misku pro psy plnou páchnoucích vnitřností.";"PONECHAT";"""Miska pro psy"" - Tomáš sám vnímá vlastní zacházení jako zacházení se psem, i ve své verzi příběhu - důležité potvrzení sdíleného motivu z obou stran."
"V";"„Co to je vůbec za zkurvenou nemoc, že ho nutí žrát vnitřnosti,“ pomyslel si.";"PONECHAT";"Funkční, vulgární upřímnost vnitřního monologu."
"V";"Dovedl si představit, že určitá forma schizofrenie nebo rozdvojené osobnosti může vést k tomu, že si nemocný vezme do hlavy nutnost se postarat o nemocného blízkého člověka, ale jaký druh léčby údajného Cotardova syndromu (nemoc, o které Tomáš v životě neslyšel) by se měl léčit pojídáním vnitřností?";"UPRAVIT";"Přetížená, dlouhá souvětí s vloženou závorkou - zvážit rozdělení na dvě věty pro lepší čtivost. Odkaz na ""Cotardův syndrom"" (skutečná porucha, kdy pacient věří, že je mrtvý) je mimořádně důležitý - ironicky přesně popisuje Tomášův skutečný stav, silná vrstva, ponechat obsah."
"V";"„A ten druhý incident?“";"PONECHAT";"Funkční."
"V";"„To bylo ještě horší.“";"PONECHAT";"Krátké, gradující napětí."
"V";"„Proboha, co horšího vám mohla udělat?“";"PONECHAT";"Funkční."
"V";"Tomáš se pokusil dát myšlenky do kupy.";"PONECHAT";"Funkční, drží tempo."
"V";"Nebylo pro něj jednoduché mluvit nejen z emočních důvodů, ale taky si situaci moc dobře nepamatoval.";"PONECHAT";"Funkční, zavádí vysvětlení."
"V";"Jak by mohl, když byl po celou dobu uspán.";"PONECHAT";"Krátké, funkční, zavádí následující zpověď."
"V";"„Jak diskrétní umíte být?“";"PONECHAT";"Funkční, buduje napětí před odhalením."
"V";"„Naprosto.“";"PONECHAT";"Krátké, funkční."
"V";"„Dobře, Klárka má doma, tedy my máme doma uspávací pušku po jejím strýci, uspával s ní býky, a Klárka mě s ní střelila.";"PONECHAT";"Absurdní, ale konkrétní detail (uspávací puška na býky), dobrá černá komedie."
"V";"Probral jsem se až na policejní stanici.";"PONECHAT";"Funkční, gradace absurdity."
"V";"Nejsem si jistý, co se stalo, dozvěděl jsem se to až od policistů, kteří v tom patrně také neměli jasno.";"PONECHAT";"Funkční, dobrá nejednoznačnost vypravěče."
"V";"Co jsem pochopil, Klárka mě uspala, nepamatuji si kde, ale našli mě někde v křoví u nás v ulici a vedle mě ležel…“";"PONECHAT";"Přerušená věta, dobré vygradování napětí před klíčovým odhalením."
"V";"Tomáš si vzpomněl na psí misku plnou vnitřností.";"PONECHAT";"Funkční přechodová věta uvnitř dialogu."
"V";"„…mrtvý pes, takový malý, asi jezevčík.";"PONECHAT";"KLÍČOVÝ detail - ""jezevčík"" se doslovně vrací v kap. I (""Jezevčík, blesklo jí hlavou"" - policie jí to připomene). Toto je jádro celé záhady/nespolehlivého vyprávění, nesahat, mimořádně důležitá stavební linka."
"V";"Nejhorší bylo, že jsem měl ústa od psí krve a masa.";"PONECHAT";"Šokující, hororový detail - odpovídá i snu z kap. III (""potřela mi ústa psí krví""), silná provázanost."
"V";"Podle všeho ho zabila Klárka a řádně ho zřídila.";"PONECHAT";"Funkční, pokračuje obviňující verzi příběhu."
"V";"Měl rozlámané kosti, musela to udělat štípačkami, udělala z něj takovou kašičku, aby to vypadalo, že jsem to žral já.";"PONECHAT";"Drastický, hororový obraz, funguje jako vrchol Tomášovy zpovědi."
"V";"Dokonce mi vylomila i jeden zub a schovala ho do kožichu.";"PONECHAT";"Konkrétní, znepokojivý detail, dobré vygradování absurdní hrůzy."
"V";"Mám i jednoho svědka, že je to cvok.";"PONECHAT";"Funkční, hledá vnější potvrzení."
"V";"Stěžoval si na ni jeden lékař nebo někdo z policejní stanice.";"PONECHAT";"Funkční, nejasný zdroj (lékař, nebo policista?) dobře simuluje zmatené, nespolehlivé vyprávění."
"V";"Prý mu tam botama zasvinila gauč a kouřila v ordinaci.“";"PONECHAT";"Absurdně banální detail (""zasvinila gauč"") uzavírající jinak drastickou zpověď - dobrý černý humor přes kontrast závažnosti."
"V";"„No dobře, to myslím, že by stačilo.";"PONECHAT";"Funkční, Garnier scénu uzavírá."
"V";"Patrně se snaží nejen sebe, ale už i okolí přesvědčit o vašem údajném Cotardově syndromu.“";"PONECHAT";"Funkční, potvrzuje falešnou diagnózu z Tomášovy perspektivy - paralela k Vögtliho syndromu z kap. III."
"V";"Tomáš chvíli nic neříkal, jen si představoval, jak asi vypadá peklo.";"PONECHAT";"Klíčová přechodová věta, zavádí následující meditaci o pekle."
"V";"„Co ty hroby?“ zeptal se Garnier.";"PONECHAT";"Funkční, vrací se k motivu hrobů z kap. IV."
"V";"„Jo, vlastně ty hroby, nutí mě ve sklepě kopat pro nás dva hroby.“";"PONECHAT";"Zrcadlí přesně scénu z kap. IV, jen v obviňující verzi (tam to Klára interpretovala jako romantické gesto od něj)."
"V";"V pekle nás týrají ti, které milujeme.";"PONECHAT";"Silná, aforistická věta - klíčová teze celé kapitoly/knihy, nesahat."
"V";"„Nutí mě je vyhrabat ručně, tedy občas mi jako na oko nabídne lopatu nebo krumpáč, jenže je pak zas někdo schová a já je musím vyhrabat ručně.“";"PONECHAT";"Absurdní, kafkovský detail (nástroje se objevují a mizí) - dobrá noční můra byrokratického typu."
"V";"„Jistě, že.";"PONECHAT";"Krátké, funkční."
"V";"Protože oživlá mrtvola se musí vyhrabat ze země jen holýma rukama, mrtvý na zemi se musí do země zahrabat taktéž jen za pomoci prstů a nehtů.“";"PONECHAT";"Absurdní, ale vnitřně konzistentní ""logika"" - dobrá ukázka Garnierovy pseudoautority, klíčová i tím, že explicitně zmiňuje ""oživlou mrtvolu"" (přímý odkaz na Tomášův skutečný stav)."
"V";"Tomáš přemýšlel nad Garnierovou větou a vlastně mu to dávalo smysl, zní to jako logika duševně nemocného člověka, najednou mu i krmení vnitřnostmi dávalo větší smysl.";"UPRAVIT";"Poněkud vysvětlující věta, popisuje čtenáři to, co scéna už ukazuje - zvážit zkrácení."
"V";"„Kolik jste jich kopal?“";"PONECHAT";"Funkční."
"V";"„Dva.“";"PONECHAT";"Krátké, funkční."
"V";"„To je dobré znamení, myslí na vás oba.“";"PONECHAT";"Ironická, temně útěšná pointa - přímo odpovídá interpretaci z kap. IV (Klára: ""myslí na naši společnou budoucnost""), nesahat."
"V";"Doktor Garnier pak přestal na chvíli mluvit a opřel se do křesla.";"PONECHAT";"Funkční, dobrý rytmický oddech."
"V";"Bylo to znamení pro krátkou pauzu mezi Tomášovým stěžováním a dalším tématem.";"SMAZAT";"Vysvětlující věta popisující funkci předchozí věty - nadbytečná, škrtnout."
"V";"„Tomáši, ale je to všechno vaše chyba.";"PONECHAT";"Šokující obrat viny na oběť - klíčový moment manipulace, silné."
"V";"Minule jsem vám chtěl pomoct, ale vy jste se ani nechopil možnosti a rovnou jste to odmítl podepsat.“";"PONECHAT";"Funkční, zavádí dokument/rozhodnutí."
"V";"Vstal, hlučnými dopady svých nohou se dopravil k mahagonové skříni.";"UPRAVIT";"""Hlučnými dopady svých nohou se dopravil"" je neobratná, přetížená opisná formulace za ""dupavě došel"" - zvážit zjednodušení."
"V";"Z ní pak vytáhl lejstro o několika málo listech A4, bylo položené na jedné, jen pro ni vyhrazené polici.";"PONECHAT";"Konkrétní, funkční detail zdůrazňující důležitost dokumentu."
"V";"Položil ho na stůl před Tomáše.";"PONECHAT";"Krátké, funkční."
"V";"„Můžete to podepsat, ale je to jen vaše rozhodnutí.";"PONECHAT";"Zdánlivě dává volbu, ale kontext (celý předchozí manipulativní rozhovor) ukazuje opak - dobrá ironie."
"V";"Jak se rozhodnete, Tomáši?“";"PONECHAT";"Funkční, uzavírá promluvu."
"V";"Koukal na papíry.";"PONECHAT";"Krátké, funkční."
"V";"Toho se Tomáš bál, doufal, že se to samo zlepší.";"PONECHAT";"Funkční, ukazuje jeho vyhýbavost."
"V";"Nechtěl podstupovat tak radikální řešení.";"PONECHAT";"Funkční, zavádí následující rozhodnutí."
"V";"Nicméně, to s tím psem byla poslední kapka.";"PONECHAT";"Klíčová věta - motivuje jeho následné rozhodnutí podepsat, uzavírá zpověď o psovi."
"V";"„Poradíte mi?“";"PONECHAT";"Funkční, hledá vedení."
"V";"„Proč?“";"PONECHAT";"Krátké, funkční, Garnier odmítá odpovědnost."
"V";"„Nevím, jak se rozhodnout.“";"PONECHAT";"Funkční."
"V";"„Vy to hlavně nedokážete a já to dělat za vás nebudu,“ prohlásil doktor Garnier kantorsky.";"PONECHAT";"Funkční, dobrá charakterizace jeho pedantického, odtažitého tónu."
"V";"„Mohu vám však dát radu.";"PONECHAT";"Funkční."
"V";"Na vašem místě bych se zeptal na zbývající dvě možnosti.“";"PONECHAT";"Funkční, zavádí následující výčet."
"V";"„Prosím?“";"PONECHAT";"Krátké, funkční."
"V";"„Dobře tedy, nultou variantu s prášky jsme zavrhli a přejděme rovnou k možnosti číslo jedna.";"PONECHAT";"Funkční byrokratické číslování, odkaz na podobný výčet v kap. III."
"V";"Možnost číslo jedna je, řekněme si na rovinu, dostat ji pod zámek.“";"PONECHAT";"Klíčová věta, zavádí děsivé téma institucionalizace."
"V";"„Jako do klece?“";"PONECHAT";"Funkční, Tomáš instinktivně použije zvířecí slovník - potvrzuje motiv."
"V";"„Ne, do klece přímo ne.";"PONECHAT";"Funkční."
"V";"Na to má moc vysokou inteligenci.";"PONECHAT";"Absurdní, klinicky znějící zdůvodnění, dobrá satira."
"V";"Do klecí zavíráme jen lidi s výraznou poruchou intelektu, a to až od středně těžké mentální retardace a za předpokladu, že jsou agresivní, a pak je tam řada dalších kritérií.";"UPRAVIT";"Byrokraticky přesný výčet kritérií - funguje jako satira na institucionální jazyk, ale je poněkud dlouhý. Ponechat funkci, zvážit mírné zkrácení."
"V";"Ale to nás teď nezajímá.";"PONECHAT";"Krátké, funkční."
"V";"My bychom se spíš bavili o centrech pro funkční pacientky s těžší poruchou.“";"PONECHAT";"Funkční, eufemistický institucionální jazyk - dobrá satira."
"V";"Tomáš si představil, jak asi vypadá peklo.";"PONECHAT";"Zavádí klíčovou filozofickou odbočku o pekle - jedna z nejdůležitějších pasáží kapitoly."
"V";"Vzpomněl si na absurdně komickou pasáž z Bratrů Karamazových.";"PONECHAT";"Literární odkaz, funguje, dodává intelektuální vrstvu."
"V";"Fjodor Pavlovič Karamazov, starý Karamazov, si ve fantazii maloval peklo jako místo s nízkými stropy, kde čerti, vyzbrojení všudypřítomnými háky, bez ustání stahují hříšníky dolů, blíž k sobě, do jakési dusivé, klaustrofobické tlačenice.";"UPRAVIT";"""Dusivé, klaustrofobické"" je dvojice synonymních přívlastků - zvážit ponechat jen jeden."
"V";"V takovém pekle by pro stropy skutečně nebylo mnoho místa.";"PONECHAT";"Funkční, ironická pointa k předchozímu popisu."
"V";"Tomášovi to celé přišlo nesmírně úsměvné, až groteskní.";"UPRAVIT";"""Nesmírně"" je nadbytečný zesilovač - škrtnout."
"V";"Háky, nízké stropy, karikatury červených mužíků s rohy a vidlemi – kde se vůbec vzala tato naivní představa pekla jako místa plného síry, ohně a teatrálního utrpení?";"PONECHAT";"Dobrá řečnická otázka, zavádí klíčovou tezi o povaze pekla."
"V";"Copak pozemský život, se všemi svými zklamáními, bolestmi a nenaplněnými touhami, není sám o sobě dostatečně skličující, že by potřeboval takovéto bizarní doplňky?";"PONECHAT";"Silná filozofická otázka, dobrá pointa odstavce, nesahat."
"V";"Skutečné peklo není žádná extravagantní ohnivá show.";"PONECHAT";"Klíčová teze - silná, aforistická věta zahajující ústřední myšlenku kapitoly."
"V";"Ne, peklo je místo až k nerozeznání podobné našemu pozemskému životu.";"PONECHAT";"Klíčová teze, nesahat."
"V";"Tak podobné, že ten přechod může být zpočátku téměř neznatelný.";"PONECHAT";"Funkční rozvinutí, přesně popisuje Tomášovu vlastní situaci (nepoznal, že je mrtvý)."
"V";"Po smrti se probudíme v posteli vedle své ženy, v pokoji, který důvěrně známe.";"PONECHAT";"Přesně odpovídá Tomášově vlastní zkušenosti - důležitá stavební linka k odstavci 68."
"V";"Nebudeme vědět, že v pekle jsme, ale svět bude takový jiný a podivný.";"PONECHAT";"Klíčová věta, nesahat."
"V";"Bude to pocit subtilní, ale všeprostupující disonance.";"PONECHAT";"Silná, přesná formulace uzavírající meditaci o pekle, nesahat."
"V";"Doktor Garnier otevřel šuplík, zapátral v něm svou prackou, když ji vytáhl nad stůl, třímal v ní několik lesklých papírů.";"PONECHAT";"""Prackou"" pokračuje motiv Garnierovy zvířecí/medvědí fyzičnosti z kap. III (""medvědí tlapa""), dobrá konzistence."
"V";"Vložil je Tomášovi do ruky.";"PONECHAT";"Krátké, funkční."
"V";"Nejhorší na tom všem je zjištění, že nebožtík nevidí žádné východisko, žádnou možnost katarze či nápravy.";"PONECHAT";"""Nebožtík"" - klíčové slovo, definitivně potvrzuje, že celá tato meditace o pekle mluví o Tomášovi samotném jako o mrtvém, nesahat."
"V";"Kdyby to peklo nabídlo možnost prožít kritické okamžiky na Zemi znovu, s plným vědomím následků, zachoval by se vždy naprosto stejně.";"PONECHAT";"Silná filozofická teze o determinismu charakteru, funguje."
"V";"Právě tato neodvratnost, toto poznání vlastní neměnné podstaty, která ho vedla k sebezničení, je tím největším trestem.";"UPRAVIT";"""Sebezničení"" je klíčové slovo (naznačuje, že jeho smrt/stav souvisí s vlastním jednáním, ne jen nehodou) - ponechat obsah, ale věta je poněkud přetížená vloženými výrazy, zvážit zjednodušení syntaxe."
"V";"„Tady máte prospekty některých možností.";"PONECHAT";"Funkční přechod k výčtu zařízení."
"V";"V republice podobných zařízení existuje asi šest nebo sedm a dost se od sebe odlišují, ale v zásadě hlavní rozdíl je ve vašich finančních možnostech.";"PONECHAT";"Funkční, satira na komercializaci péče."
"V";"Začněme třeba tím nejdražším, a mám tím na mysli Vrchlickou kliniku.";"PONECHAT";"Funkční, konkrétní název dodává věrohodnost satiře."
"V";"Určitě jste o ní slyšel, ale asi vám k ní ještě něco řeknu.";"PONECHAT";"Funkční."
"V";"Je to zrekonstruovaná prvorepubliková vila v severních Čechách.";"PONECHAT";"Konkrétní, funkční detail."
"V";"Lůžka se tam nachází po jednom nebo maximálně po dvou.";"PONECHAT";"Funkční, satira na luxusní zdravotnictví."
"V";"Nepoužívají žádné svěrací kazajky ani řetězy.";"PONECHAT";"Funkční, ironicky implikuje, že jinde ano."
"V";"Všechny podlahy v centru jsou potažené kobercem, stěny zadělány matracemi a podobně.";"PONECHAT";"Dobrá ironie - luxusní popis skrývá fakt, že jde stále o ústav s vycpanými stěnami."
"V";"Je tam samozřejmě celá řada terapeutických a volnočasových aktivit.";"PONECHAT";"Funkční, pokračuje satiru na marketing luxusní péče."
"V";"Určitě jste slyšel o jejich tropické botanické zahradě.“";"PONECHAT";"Absurdní detail (botanická zahrada v psychiatrickém zařízení), dobrá satira."
"V";"„Slyšel.“";"PONECHAT";"Krátké, komicky lakonické (nikdo takovou věc nezná, ale předstírá)."
"V";"„Je asi druhá největší na světě svého druhu.";"PONECHAT";"Absurdní superlativ, dobrá satira na marketingové fráze."
"V";"Pak tam jsou samozřejmě knihovny, komunitní a televizní centrum.";"PONECHAT";"Funkční pokračování výčtu."
"V";"To by asi stačilo.“";"PONECHAT";"Funkční uzavření."
"V";"„Ano, Vrchličárnu samozřejmě znám.";"PONECHAT";"Hovorová zkratka ""Vrchličárnu"" dobře kontrastuje s formálním názvem, funguje."
"V";"Můžete mi říct o tom, jak to chodí jinde?“";"PONECHAT";"Funkční, zavádí druhé zařízení."
"V";"„Ovšem, právě se chystám.";"PONECHAT";"Funkční."
"V";"Chtěl jsem vám říct o Klášteru svaté Jany Aloisové.“";"PONECHAT";"Funkční, zavádí kontrastní, levnější a krutější zařízení."
"V";"Tomáš významně vyfoukl vzduch, který si syslil v ústech, před dalším nadechnutím.";"UPRAVIT";"Neobratná, přetížená formulace (""vzduch, který si syslil"") - zvážit zjednodušení na ""si povzdechl"" nebo podobný přímější výraz."
"V";"„Klášter sídlí kousek od Šumavy a vede ho řád řeholních sester.";"PONECHAT";"Odkaz na klášter/jeptišky z Tomášova snu v kap. III a pozdější reálné kap. XI/XII - stavební linka napříč knihou."
"V";"Jak řád, tak poměry v klášteře jsou hodně tradicionalistické.";"PONECHAT";"Funkční, zavádí děsivé detaily."
"V";"Řekněme, že teprve před patnácti lety bylo absolutně zrušeno bití jako takové.";"PONECHAT";"Mrazivá, věcně podaná informace o násilí - dobrá, znepokojivá satira institucionální péče."
"V";"Některé starší pacientky mají na dlaních ještě jizvy od lískového proutku.“";"PONECHAT";"""Lískový proutek"" - přímý odkaz na nástroj, kterým Klára trestala Tomáše v kap. IV, silná provázanost."
"V";"Všiml si Tomášovy obvázané ruky a na chvíli zmlkl.";"PONECHAT";"Silný, tichý moment - Garnier si uvědomuje nepříjemnou paralelu, funguje beze slov."
"V";"„Mají vlastní louky a pole, kde pacientky pracují.";"PONECHAT";"Funkční."
"V";"Klárky by se spíš týkala kuchyně ve školní jídelně, vzdálené tři kilometry.“";"PONECHAT";"Konkrétní, funkční detail."
"V";"„Jak se tam řeší incidenty, když se zrušilo bití?“";"PONECHAT";"Funkční."
"V";"„Meltdowny a podobné nevhodné, nepřijatelné chování spojené s nemocí se řeší sedativy a jinými tlumiči.";"PONECHAT";"Funkční, eufemistický institucionální jazyk pro potlačování."
"V";"Kázeňské prohřešky pak přesunutím na jiné práce, korekcemi – to je pobyt na samotce pod dohledem lékaře, lehčí prohřešky se pak řeší třeba klečením na hrachu nebo na vařečce.“";"PONECHAT";"Mrazivá kombinace moderního (""korekce"", ""samotka"") a archaicky lidového trestu (""klečení na hrachu"") - dobrá, znepokojivá satira, nesahat."
"V";"„Velkou výhodou samozřejmě je, že celá procedura je zdarma.";"PONECHAT";"Funkční, zavádí ekonomický aspekt."
"V";"Respektive si to zaplatí prací, a o to taky jde.";"PONECHAT";"Klíčová věta - odhaluje skutečnou motivaci (nucená práce), silná společenská kritika."
"V";"Krom toho, že se zbavíte téhle starosti, bude stále užitečná.";"PONECHAT";"Mrazivě věcný, odlidšťující jazyk - dobrá satira."
"V";"Pokud jde o její mysl, tak možná nemá všechny mumíky v údolíčku, ale dvě ruce a pět prstů na každé má, takže ještě odepsaná úplně není.";"PONECHAT";"Hovorová, krutá metafora (""mumíky v údolíčku"") redukující člověka na pracovní sílu, silné a znepokojivé."
"V";"A když se bude snažit, zbyde i něco pro vás.“";"PONECHAT";"Funkční, zavádí finanční otázku."
"V";"„Jak to myslíte, pro mě?“";"PONECHAT";"Funkční."
"V";"„Práce je samozřejmě placená, ne mnoho, ale náklady v klášteře to pokryje naprosto v pohodě.";"PONECHAT";"Funkční."
"V";"Pacientky však nemají dovoleno vlastnit žádný majetek, natož pak finance.";"PONECHAT";"Funkční, odhaluje systém."
"V";"Jako opatrovník dostanete peníze vy, a to ihned po jejich spravedlivém zdanění.";"PONECHAT";"Ironické slovo ""spravedlivém"" u zdanění nucené práce - dobrá jemná satira."
"V";"Mohl byste samozřejmě část peněz jí posílat na nadstandard, ale v praxi by to spíše nefungovalo.";"PONECHAT";"Funkční, byrokratický jazyk."
"V";"V Klášteře svaté Jany Aloisové žádné nadstandardní služby nenabízejí, mohl byste to zkusit sice v jiném zařízení, ale tam byste spíš musel ještě doplácet, ale je to samozřejmě taky cesta.";"UPRAVIT";"Věta je syntakticky přetížená (tři ""ale"" za sebou) - zvážit rozdělení pro lepší čtivost, obsah (byrokratická spletitost) je funkční záměr."
"V";"Co na to říkáte, Tomáši?“";"PONECHAT";"Funkční, tlačí na rozhodnutí."
"V";"„Co na to říkám?“";"PONECHAT";"Funkční, kupuje si čas."
"V";"Přiložil konečky prstů ke tváři a symbolicky se do nich opřel.";"PONECHAT";"Konkrétní gesto, dobrý detail zamyšlení."
"V";"„Zajímavé.“";"PONECHAT";"Mrazivě lakonická reakce na krutý popis instituce - dobrá, znepokojivá dezinvolce."
"V";"„Chcete slyšet druhou možnost?“ zeptal se Garnier.";"PONECHAT";"Funkční přechod k finální, nejdrastičtější možnosti."
"V";"„Jistě, jen do toho.“";"PONECHAT";"Funkční."
"V";"„Lobotomie.“";"PONECHAT";"Krátké, šokující slovo - vrchol gradace tří možností, silný a úsporný zlom, nesahat."
"V";"„Nad tím už jsem taky přemýšlel, myslíte, že by mi to mohlo pomoci?";"PONECHAT";"Šokující, klidná reakce na tak drastický návrh - dobrá charakterizace jeho zoufalství/otupělosti."
"V";"Mám to s ní opravdu těžké.“";"PONECHAT";"Funkční, uzavírá jeho stížnost."
"V";"„Správně provedená lobotomie dokáže nadobro odstranit psychózy, deprese a ostatní symptomy Vögtliho syndromu.";"PONECHAT";"Klíčová věta - propojuje s falešnou diagnózou z kap. III, ukazuje, že Garnier navrhuje léčit fiktivní chorobu skutečně destruktivním zákrokem, silná ironie."
"V";"Problém je, že si léčba odnese s sebou něco, a to hodně.";"PONECHAT";"Funkční, eufemistické varování."
"V";"Nemůžeme z místa určit, jaký bude konečný výsledek procedury a co to bude pro vás znamenat, ale máme zmapovanou celou řadu podobných případů a na základě toho si můžeme už něco představit.";"UPRAVIT";"Byrokraticky vágní, přetížená věta - funguje jako satira na klinickou neurčitost, ale zvážit mírné zkrácení pro tempo."
"V";"Tak v první řadě, zbavíme se projevu Rettungova syndromu, a to vám garantuji.";"PONECHAT";"Funkční, falešná jistota."
"V";"O této chorobě z psychologického hlediska ve skutečnosti mnoho nevíme, ale v oblasti neurobiologie jsme schopni to popsat až na úroveň neuronů a synapsí.“";"PONECHAT";"Dobrá satira na falešnou vědeckost - tvrdí přesnost tam, kde přiznává neznalost, nesahat."
"V";"Ještě chvíli probírali podrobnosti.";"PONECHAT";"Funkční, elipsa přeskakuje nepodstatné detaily."
"V";"Garnier mu předložil formulář, Tomáš ho přelétl očima a podepsal.";"PONECHAT";"Klíčová, chladně věcná věta - osudové rozhodnutí podané bez emocí, silný kontrast k závažnosti, nesahat."
"V";"Podali si ruce a Tomáš odešel.";"PONECHAT";"Krátké, funkční, groteskně civilní zakončení."
"V";"Cestou dolů osmi patry schodiště počítal schody.";"PONECHAT";"Dobrý, tichý detail disociace/úzkosti, funguje jako přechod k následujícímu zlomu."
"V";"O několik dní později se Tomáš probudil v posteli a zjistil, že je po smrti.";"PONECHAT";"KLÍČOVÁ věta celé kapitoly - odhaluje, že celá scéna s Garnierem (i ta z kap. III) proběhla POSMRTNĚ, jako Tomášova vlastní verze halucinace/zpracování reality, paralelní ke Klářiným fantaziím. Zásadní pro strukturu celé knihy, nesahat."
"V";"Přemýšlel nad poslední návštěvou doktora Garniera.";"PONECHAT";"Funkční, potvrzuje retrospektivní ráz."
"V";"Vyděsil se: „Jak se to sakra mohlo stát?""";"PONECHAT";"Funkční, přirozená reakce na odhalení vlastní smrti."
"V";"Jak se lekl, tak se i uklidnil.";"PONECHAT";"Krátké, dobře ukazuje jeho otupělost/adaptaci na vlastní smrt."
"V";"Vzpomněl si, že podle lidského času je po smrti už přes rok.";"PONECHAT";"Odkaz na ""367 dní"" z kap. I, konzistentní časová linka."
"V";"Ve skutečnosti se neprobudil, jako mrtvola ani nemohl doopravdy usnout.";"PONECHAT";"Funkční upřesnění, koriguje předchozí formulaci ""probudil se""."
"V";"O spánku jen přemítal, rád se ztrácel v nezdravých snech o životě před nehodou a trýznil se myšlenkou: „Co by, kdyby?“";"PONECHAT";"Klíčová věta - poprvé explicitně zmíněna ""nehoda"" jako příčina smrti, zavádí flashback ke skutečné nehodě níže."
"V";"Ze snů se vracel s kocovinou, v depresi a s pocitem nevyčištěných zubů.";"PONECHAT";"Groteskní, tělesně přesný detail (i mrtvý cítí špínu v ústech) - dobrý černý humor."
"V";"Tím, co mu zbylo z očí, sledoval nekonečný strop.";"PONECHAT";"Silná, znepokojivá formulace (""co mu zbylo z očí"" naznačuje tělesný rozklad), nesahat."
"V";"Nepamatoval si, proč se mu to stalo.";"PONECHAT";"Funkční."
"V";"Ale nakonec byl rád, že zdechnul.";"PONECHAT";"""Zdechnul"" - vulgární, zvířecí sloveso o vlastní smrti, pokračuje motiv seberedukce na zvíře, silné."
"V";"Nemusel vstávat do práce.";"PONECHAT";"Trpce ironická úleva, dobrý černý humor."
"V";"„Kurvadrát,“ pomyslel si při pohledu na nekonečný strop.";"PONECHAT";"Silná, vulgární citoslovcová reakce, funguje jako úlevný ventil."
"V";"Zamotala se mu hlava a udělalo se mu nevolno.";"PONECHAT";"Funkční, tělesný detail i po smrti."
"V";"Musel myslet na poklidně se pohupující kuličky na Newtonově houpačce, aby se nepozvracel.";"PONECHAT";"Silný, originální detail - houpačka jako uklidňující meditační kotva, propojuje motiv impulzu s jeho psychickým stavem, nesahat."
"V";"Byl rád, že už nikdy nebude pojišťovákem.";"PONECHAT";"Funkční, černě komická úleva ze smrti."
"V";"Konečně byl svobodný.";"PONECHAT";"Krátké, hořce ironické (svoboda ve smrti/jako duch uvězněný pozorováním Kláry)."
"V";"Vystudoval teologii na Národohospodářské fakultě VŠE – jediné opravdové náboženství.";"PONECHAT";"Absurdní, satirický žert (VŠE jako ""jediné opravdové náboženství"" kapitalismu) - silná společenská satira, nesahat."
"V";"Za tohle Havel trpěl na kříži.";"PONECHAT";"Šokující, rouhavý žert spojující postkomunistický kapitalismus s křesťanskou obětí - vrcholně černý humor, riskantní, ale funguje jako pointa odstavce, nesahat."
"V";"Klárka zrovna hledala v lednici plecko, které měla v plánu připravit na večeři a na dalších několik obědů na následující dny.";"PONECHAT";"Funkční přechod k flashbacku dne nehody."
"V";"Tomáš ho nekoupil.";"PONECHAT";"Krátké, funkční, zavádí příčinu jeho cesty ven."
"V";"Unavený z jednání s Křivkou ohledně chybějící oktávky na smlouvě pana Kouckého ho zapomněl při nákupu vzít.";"PONECHAT";"Odkaz na motiv ""oktávky/ovce"" z kap. II - dobrá stavební linka, ukazuje banální příčinu osudné cesty."
"V";"Přítelkyně ho požádala, jestli by se pro něj ještě neotočil.";"PONECHAT";"Funkční, banální žádost s fatálními následky."
"V";"Tomáš nic nenamítal, chápal, že pečené vepřové plecko bez plecka udělat nepůjde a obsah lednice nenabízel mnoho jiných alternativ.";"PONECHAT";"Mírně komická, věcná formulace kontrastující s tragickými následky, dobrý efekt."
"V";"Na domácí triko hodil dlouhý kabát značky Crombie, za který dal dvě svoje první výplaty.";"PONECHAT";"Konkrétní, charakterizující detail (marnotratnost, viz i kap. I - okenice)."
"V";"Málem už jel v pantoflích, ale déšť ho odradil.";"PONECHAT";"Banální, lidský detail - dobrý kontrast k fatálnosti cesty."
"V";"Nechtěl mít mokré ponožky.";"PONECHAT";"Groteskně malicherný důvod poslední rozhodnutí před smrtí - silná, trpká ironie."
"V";"Šel za ženou, aby ji ještě políbil pro případ, že by to bylo naposled.";"PONECHAT";"Mrazivě prorocká věta - dramatická ironie, nesahat."
"V";"Ta mu ale jen při odchodu z kuchyně sdělila, ať vezme mikrotenové sáčky, zrovna je měli ve slevě.";"PONECHAT";"Banální, groteskně anticlimaktická reakce na jeho gesto - silná pointa, dobrý kontrast patosu a všednosti."
"V";"Nasedl za volant naftového Escortu Orion.";"PONECHAT";"Konkrétní, věrohodný detail auta."
"V";"Motor se mu podařilo zažehnout až na třetí pokus.";"PONECHAT";"Funkční, konkrétní detail."
"V";"„Chtělo by to něco nového,“ pomyslel si tehdy poprvé, přestože auto vlastnil jeden rok.";"PONECHAT";"Trpce ironická poslední myšlenka o autě, ve kterém za chvíli zemře - silná pointa."
"V";"Ve výhledu mu bránil červený traktor Zetor a vrchol kopce, na který se za traktorem plahočil.";"PONECHAT";"Klíčová věta - zavádí přesnou příčinu nehody, konkrétní a věrohodná (typická česká venkovská scéna)."
"V";"Kdyby ho zkusil předjet dřív, ještě by se stihl zařadit.";"PONECHAT";"Funkční, buduje napětí/lítost."
"V";"Bohužel neměl reakce formulového závodníka, a tak vjel přímo do čumáku stříbrného bavoráku.";"PONECHAT";"KLÍČOVÁ věta - přímý popis smrtelné nehody, konkrétní a věcný, silný kontrast k jinak lyrickému textu."
"V";"Naposledy nabyl vědomí v sanitce, zdravotník ho ujišťoval, že zranění nevypadají zle.";"PONECHAT";"Trpce ironická, poslední falešná jistota před smrtí."
"V";"Probudil se až doma.";"PONECHAT";"Krátké, zlomové - ukazuje přechod do posmrtné existence bez jasné hranice."
"V";"V posteli byl jen jeden polštář a deka byla zřetelně shrnuta na jedné straně.";"PONECHAT";"Silný, tichý obraz vdovství pomocí prostorových detailů, funguje."
"V";"Takhle vypadala postel vdovy, které ještě nebylo ani třicet.";"PONECHAT";"Klíčová věta - poprvé pojmenovává Kláru jako ""vdovu"", potvrzuje jeho smrt zcela definitivně."
"V";"Do té doby neviděl nic smutnějšího.";"PONECHAT";"Krátké, silné, funguje jako emoční vrchol."
"V";"Hleděl tam do prázdného stropu, přemítal, jak mohl umřít.";"PONECHAT";"Funkční, návrat motivu stropu."
"V";"Napadlo ho, že na něj vyleze a bude po něm lézt s hlavou otočenou o 180 stupňů jako sovička.";"PONECHAT";"Groteskní, dětinský obraz kontrastující s tragédií - dobrý přechod k jeho ""posmrtným schopnostem""."
"V";"Rozbil se o skříňku, a to tak, že se mu přehrál před očima celý život.";"UPRAVIT";"""Rozbil se o skříňku"" je poněkud nejasná formulace (naráží na duchařskou neschopnost - prochází nábytkem? Nebo naráží fyzicky?) - zvážit upřesnění."
"V";"U toho si právě vybavil, že umí létat.";"PONECHAT";"Funkční, zavádí posmrtné schopnosti."
"V";"Zavřel oči, uvolnil se a naučenou meditací opustil své fyzické tělo.";"PONECHAT";"Funkční, popisuje astrální cestování zmíněné z Klářiny perspektivy v kap. IV - potvrzuje sdílenou realitu obou verzí."
"V";"Ze stropu pak sledoval nažloutlý flek, co z něj zbyl.";"PONECHAT";"""Nažloutlý"" - opět barva žlutá spojená s tělem/smrtí, pokračuje motiv napříč knihou, nesahat."
"V";"Byla to jeho obvyklá domácí rutina.";"PONECHAT";"Krátké, funkční."
"V";"Jako přízrak, kterého netíží gravitace, se bezcílně potuloval po domě, procházel zdmi nebo vplouval do zrcadla v koupelně, aby se v něm zjevoval jako Krvavá Mary.";"PONECHAT";"Živý, hravý obraz posmrtných schopností, dobrý kontrast k jinak vážnému tónu, kulturní odkaz (Krvavá Mary) funguje."
"V";"Pokoušel se Kláru strašit náhlým bafnutím z rohu kuchyně, ale ona na tyhle dětské šprýmy reagovala jen unaveným, podrážděným výrazem středoškolské učitelky.";"PONECHAT";"Odkaz na scénu bafnutí z kap. IV, teď z jeho vlastní perspektivy - dobrá provázanost dvou verzí stejné události."
"V";"V zápalu posmrtné nudy se občas pokoušel vyběhnout na stěnu – pokrčený jako čtyřnohý pavouk s hlavou otočenou dozadu jako sovička –, což obvykle končilo jen převrácenou komodou nebo dalším otřesem mozku.";"UPRAVIT";"Silný obraz, ale vložená charakteristika (""pokrčený jako pavouk... jako sovička"") přetěžuje větu dvěma vloženými přirovnáními najednou - zvážit rozdělení na dvě věty."
"V";"Jednou se mu to vymstilo.";"PONECHAT";"Krátké, zavádí následující násilnou scénu."
"V";"Tehdy Klárce ruply nervy, vzala proutek a třikrát ho švihla přes záda.";"PONECHAT";"Odpovídá scéně z kap. IV, teď z Tomášovy perspektivy - potvrzuje sdílenou (byť rozdílně interpretovanou) realitu."
"V";"Nestačilo jí to.";"PONECHAT";"Krátké, gradující."
"V";"O chvíli později ho chytila za ruku a přimáčkla ji dlaní k rozpálenému sporáku.";"PONECHAT";"Klíčová věta - přímo protiřečí verzi z kap. IV, kde šlo o nehodu/sebepoškození, zde je to prezentováno jako úmyslné násilí. Definitivní potvrzení nespolehlivého vyprávění jako centrálního principu knihy, nesahat."
"V";"To mu zrovna došlo, že v určitých chvílích byl schopen cítit fyzickou bolest.";"PONECHAT";"Funkční, důležitý detail jeho posmrtného vnímání."
"V";"Zraněného ho zavřela ve sklepě a přinutila ho vykopat jim dva hroby.";"PONECHAT";"Shrnutí, které propojuje s předchozími scénami - funguje jako rekapitulace."
"V";"Jindy ho střelila uspávací puškou na divokou zvěř.";"PONECHAT";"Odkaz na scénu s jezevčíkem výše, konzistentní."
"V";"Její sadismus vyvrcholil, když ho nechala zavřít v podivném klášteře.";"PONECHAT";"KLÍČOVÁ věta - přímo předjímá klášter z kap. XI/XII, uzavírá kruh mezi Tomášovou fantazií a skutečnou budoucí událostí (kde bude v klášteře Klára, ne on) - mimořádně důležité zrcadlení, nesahat."
"V";"Vznášel se nad jídelním stolem v kuchyni a pozoroval Kláru, jak nesvlečená seděla u stolu a rozčileně motala cigarety, hůře než obvykle.";"PONECHAT";"Návrat k úvodní scéně knihy (kap. I) z jiného úhlu - dobrá cyklická stavba."
"V";"Když při motání natrhla papírek, dokonce začala dupat a nadávat jako malý fracek na pár facek.";"PONECHAT";"Živý, konkrétní detail frustrace."
"V";"Pokusil se představit, jaká byla Klárka jako dítě.";"PONECHAT";"Funkční přechod k dojemné odbočce."
"V";"Představa malé holčičky, jak přijde k jídelnímu stolu, nepřevlékne se a začne se vztekat u své hračky – v jejím případě teď laciný tabák, sáčky a filtry – působila groteskně a ironicky.";"PONECHAT";"Dobrá, dojemně groteskní paralela dětství/dospělosti, funguje."
"V";"Tohle by Tomášův otec nestrpěl.";"PONECHAT";"Krátká, záhadná věta otevírající novou, nerozvinutou linku (Tomášův otec) - zajímavé, i když nedovysvětlené, ponechat jako náznak."
"V";"„Tomáši, večeře!"" zavolala Klárka ze schodů do sklepa.";"PONECHAT";"Funkční přechod k závěrečné scéně."
"V";"Nepamatoval si, jak se dostal na hliněnou podlahu jejich sklepa, hlavou se mu jen honily škodovky a jejich pojistky.";"PONECHAT";"Dobrý detail - i po smrti ho pronásledují banální pracovní starosti (škodovky, pojistky), silná, smutná ironie."
"V";"„Tomáši, večeře! Pojď nahoru.“";"PONECHAT";"Funkční."
"V";"Jakmile zaregistroval, že ho Klárka volá k večeři, neváhal ani minutu a po čtyřech vyběhl ze sklepa.";"PONECHAT";"""Po čtyřech"" - definitivně potvrzuje, že i z Tomášovy vlastní perspektivy se chová jako pes, nejde jen o Klářino zkreslení. Klíčová věta pro pochopení, že zvířecí motiv je sdílená realita obou postav."
"V";"„Máš to na stole, normálně si k tomu sedni.“";"PONECHAT";"Funkční, dokresluje zmatek rolí."
"V";"„Tak dobře! Dám ti to na zem, ale přestaň na mě vrčet, jasný?“";"PONECHAT";"""Vrčet"" definitivně potvrzuje zvířecí rámec i z Klářiny přímé řeči k němu, silné."
"V";"Povzdechla si a pak nepříliš ochotně vzala talíř s pečenými vnitřnostmi okořeněnými divokým kořením.";"PONECHAT";"Funkční, konkrétní."
"V";"Těsně, než talíř položila na zem před Tomáše, rozmyslela si to a ušklíbla se.";"PONECHAT";"Funkční, dobrý detail váhání."
"V";"S talířem odešla k lince a tam ho také položila.";"PONECHAT";"Funkční."
"V";"Vrátila se s nerezovou miskou, tu mu pak dala před čumák a situaci nijak nekomentovala.";"PONECHAT";"""Čumák"" - definitivní, poslední potvrzení zvířecího rámce na konci kapitoly, silné a znepokojivé zakončení."
"V";"Tomáš se spokojeně ládoval skopovým žaludkem plněným kuřecími pupky a Klárka si vykuřovala u hliníkové popelnice s umazaným víkem.";"PONECHAT";"Poslední věta kapitoly - uzavírá ji odkazem na popelnici (opakovaný motiv napříč celou knihou) a scénou naprosté, tiché normalizace bizarní situace. Silné, cyklické zakončení, nesahat."
"VI";"„Právnická osoba je Taxiservice Koucký s.r.o., adresa Praha 9 – Horní Počernice, jednatel Miroslav Koucký,"" pomyslel si Tomáš a vyplnil z paměti IČO.";"PONECHAT";"Neobvyklý, ale funkční vstup do kapitoly přímo do byrokratické rutiny - dobrý kontrast k jinak lyrickému stylu, signalizuje téma odstavce."
"VI";"Systém automaticky načetl zbytek údajů o firmě.";"PONECHAT";"Funkční, věcné."
"VI";"Tomáš přeskočil do sekce „Předmět pojištění"" a jako pojišťovanou flotilu definoval všechna vozidla taxislužby, včetně provozní garáže a myčky.";"PONECHAT";"Funkční, konkrétní pracovní úkon - důležité jako základ pro následné trojí opakování scény."
"VI";"Pečlivě opsal registrační značky všech osmi oktávek.";"PONECHAT";"Odkaz na motiv ""oktávky"" z kap. II - konzistentní firemní realita."
"VI";"V další části formuláře zadal celkový počet vozidel a podle interních tabulek stanovil pojistnou částku v řádu jednotek milionů korun.";"PONECHAT";"Funkční, první výskyt vzorce, který se v kapitole ještě dvakrát zopakuje - tuto první verzi ponechat coby základní referenční bod."
"VI";"Proklikal se standardní sadou rizik – od havárie po odcizení – a následně zaškrtl klíčová připojištění pro firemní klientelu: poškození vozidel třetí stranou, vandalismus a především pojištění pro případ přerušení provozu.";"PONECHAT";"Funkční byrokratický výčet - důležité, že se doslovně zopakuje v odst. 3, což je záměrný kompoziční prvek (viz komentář tam), ne chyba."
"VI";"U všech položek nastavil vyšší spoluúčast, než bylo běžné u fyzických osob.";"PONECHAT";"Funkční, opakuje se identicky v odst. 3 - záměrný refrén."
"VI";"Tomáš zamkl obrazovku a odskočil si na toaletu.";"PONECHAT";"Funkční uzavření první ""smyčky"" - tahle věta se stane refrénem celé kapitoly."
"VI";"Cestou nazpět potkal pojišťovacího agenta Jaromíra.";"PONECHAT";"Funkční, zavádí postavu, která se objeví ve všech třech opakováních scény."
"VI";"Na kávu se nenechal přemluvit, měl ten den už tři vypité a před sebou mnoho pojistek na sjednání.";"PONECHAT";"Funkční, konkrétní detail."
"VI";"Oba muži si zanadávali na formulář pro sjednání flotil a pak se vrátili na svá místa.";"PONECHAT";"Funkční - tahle věta se doslovně opakuje v odst. 4, součást záměrné smyčky."
"VI";"Jaromír na svou židli v openspacu a Tomáš do své kanceláře.";"PONECHAT";"Funkční, opakuje se identicky - refrén."
"VI";"Než se Tomáš vrátil k práci, rozhoupal kuličky rázostroje.";"PONECHAT";"Funkční, opakuje se identicky ve všech smyčkách - impulz jako rituální gesto před prací, klíčový motiv."
"VI";"Odemkl počítač a podíval se do listu smluv.";"PONECHAT";"Funkční, opakuje se identicky."
"VI";"„Co to kurva…“ pomyslel si.";"PONECHAT";"Funkční, opakovaný refrén frustrace."
"VI";"V listu smluv nebyla smlouva, kterou před chvílí vyplňoval.";"PONECHAT";"Klíčová věta - zavádí motiv mizejících dokumentů, který se v kapitole opakuje a gradiuje (purgatoriální smyčka)."
"VI";"Aktualizoval editor, podíval se do archivu, podíval se do koše, ale po rozdělané pojistce nebylo ani stopy.";"PONECHAT";"Funkční, konkrétní marné hledání."
"VI";"Musel začít znovu, ale až po svačině.";"PONECHAT";"Funkční, opakovaný refrén - zavádí motiv svačiny, který v dalších smyčkách degraduje (sendvič → prázdný box → červi)."
"VI";"Vytáhl z aktovky domácí sendvič se žervé a poličanem.";"PONECHAT";"Funkční, konkrétní - první, ještě ""normální"" verze svačiny."
"VI";"Položil si obutá chodidla na židli pro hosty.";"PONECHAT";"Odkaz na opakovaný motiv nohou na nábytku (Klára v kap. I, teď Tomáš) - dobrá paralela mezi postavami."
"VI";"Po jídle se pustil do práce.";"PONECHAT";"Funkční přechod do druhé smyčky."
"VI";"Jako adresu vyplnil Praha 9, Náchodská 12.";"OVĚŘIT";"Adresa se liší od první verze (""Horní Počernice"") - nekonzistence napříč smyčkami je buď záměrná (ukazuje rozklad reality/paměti), nebo chyba. Vzhledem k dalším driftům v kapitole (jméno firmy, obsah svačiny) jde pravděpodobně o záměr - ponechat, ale vyjasnit s autorem."
"VI";"Taxiservice Koucký a.s. – jednatel Miroslav Koucký.";"OVĚŘIT";"Právní forma firmy se změnila z ""s.r.o."" na ""a.s."" oproti odst. 0 - stejně jako adresa výše, jde pravděpodobně o záměrný detail rozkladu reality mezi smyčkami, ne o chybu. Ponechat, ale potvrdit záměr."
"VI";"Stále si pamatoval IČO a pěti prsty bez koukání na klávesnici ho tam naťukal.";"PONECHAT";"Funkční, konkrétní detail zručnosti/rutiny."
"VI";"Jako předmět pojištění vyplnil osm osobních vozidel Škoda Octavia, provozní garáž a kancelář.";"PONECHAT";"Funkční, mírně odlišná verze první smyčky (přibyla ""kancelář"") - konzistentní s driftem detailů."
"VI";"Dopsal počet najetých kilometrů za rok pro každé vozidlo zvlášť.";"PONECHAT";"Funkční, nový detail oproti první smyčce."
"VI";"Koeficienty jsou totiž dány podle stáří a nájezdu.";"PONECHAT";"Funkční, odborné zdůvodnění, dobře charakterizuje jeho profesní rutinu."
"VI";"Podle interních tabulek určil pojistnou částku v řádu milionů korun.";"PONECHAT";"Funkční, opakuje motiv z první smyčky."
"VI";"Proklikal se standardní sadou rizik – od havárie po odcizení – a následně zaškrtl klíčová připojištění pro firemní klientelu: poškození vozidel třetí stranou, vandalismus a především pojištění pro případ přerušení provozu.";"PONECHAT";"Věta je doslovně identická s odst. 1 - toto je záměrný kompoziční nástroj (obsedantní, purgatoriální opakování administrativní rutiny), ne redundance k odstranění. Nesahat, funguje jako strukturální refrén celé kapitoly."
"VI";"U všech položek nastavil vyšší spoluúčast, než bylo běžné u fyzických osob.";"PONECHAT";"Doslovné opakování - stejná poznámka jako výše, jde o záměrný refrén, nesahat."
"VI";"Tomáš zamkl obrazovku a odskočil si na toaletu.";"PONECHAT";"Doslovné opakování - uzavírá druhou smyčku stejně jako první, funguje jako rituální refrén."
"VI";"Cestou nazpět potkal Jaromíra.";"PONECHAT";"Funkční, zkrácená verze věty z odst. 2 - drift v detailu (chybí ""pojišťovacího agenta"")."
"VI";"Ten ho pozval na kávu, ale Tomáš odmítl s tím, že už měl ten den tři.";"PONECHAT";"Funkční, mírně přeformulovaná verze - konzistentní s driftem."
"VI";"Oba muži si zanadávali na formulář pro sjednání flotil a pak se vrátili na svá místa.";"PONECHAT";"Doslovné opakování - refrén."
"VI";"Jaromír na svou židli v openspacu a Tomáš do své kanceláře.";"PONECHAT";"Doslovné opakování - refrén."
"VI";"Než se Tomáš vrátil k práci, rozhoupal kuličky rázostroje.";"PONECHAT";"Doslovné opakování - refrén, impulz jako rituál."
"VI";"Odemkl počítač a podíval se do listu smluv.";"PONECHAT";"Doslovné opakování - refrén."
"VI";"„Co to kurva…“";"PONECHAT";"Zkrácená verze refrénu (chybí ""pomyslel si"") - drift."
"VI";"Nemohl najít vyplněný formulář.";"PONECHAT";"Funkční, obměna stejné myšlenky jako v první smyčce."
"VI";"Nenacházel se v seznamu otevřených smluv.";"PONECHAT";"Funkční, konkrétní."
"VI";"Podíval se do koše, ale dokument se nenacházel ani tam.";"PONECHAT";"Funkční, obměna."
"VI";"Musel začít znovu, ale až po svačině.";"PONECHAT";"Doslovné opakování - refrén, zavádí druhou (degradovanou) verzi svačiny."
"VI";"Natáhl si nohy na židli vedle kancelářského stolu.";"PONECHAT";"Funkční, obměna gesta z první smyčky."
"VI";"Vytáhl box se sendvičem.";"PONECHAT";"Funkční, zavádí zvrat."
"VI";"Přesněji řečeno prázdný box, jak později zjistil.";"PONECHAT";"Klíčová věta - první signál rozkladu reality/paměti, svačina zmizela."
"VI";"Nepamatoval si, že by sendvič už snědl, musel si ho zapomenout doma.";"PONECHAT";"Funkční, ukazuje jeho racionalizaci mezery v paměti."
"VI";"Chvíli zíral na prázdný box a přemýšlel o masovém žralokovi.";"PONECHAT";"Odkaz na fantazii o ""masovém žralokovi"" z kap. I - klíčová stavební linka, potvrzuje, že jde o tutéž mysl/postavu napříč knihou."
"VI";"Středeční žralok by mohl být z pojistných smluv.";"PONECHAT";"Absurdní, dobrá černá komedie - propojuje kancelářskou nudu s jeho surrealistickou fantazií."
"VI";"Takový žralok by nikoho nesežral, jen by oběť utopil v papírování.";"PONECHAT";"Silná, trefná metafora firemní byrokracie jako formy pomalého utonutí, nesahat."
"VI";"Nedalo se nic dělat, musel začít znovu.";"PONECHAT";"Funkční přechod do třetí, nejvíc degradované smyčky."
"VI";"Zapnul počítač a otevřel editor pro vyplnění nabídky pojištění.";"PONECHAT";"Funkční, obměna refrénu."
"VI";"Vytáhl si poznámky a jednu po druhé je opisoval: Právnická osoba – Pneumatikový žralok s.r.o., adresa – Praha 9, Náchodská 12, jednatel – Miroslav Koucký, počet vozidel – 8, typ vozidel – Škoda Octavia 2.0 TDI, průměrný roční nájezd na vozidlo – 85 000 km, stáří nejstaršího vozu – 4 roky, garáž – uzamykatelná, kapacita 10 stání, vzdálenost od nejbližší profesionální hasičské stanice – 2,1 kilometru, typ oplocení – drátěný plot s elektrickým zámkem o výšce dvou metrů, limit pro pojištění vozidel – 4 800 000 Kč, doba ručení pro přerušení provozu – 6 měsíců, spoluúčast pro odcizení a vandalismus – 5 %, minimálně však 20 000 Kč, počet stálých zaměstnanců – 12, historie pojistných událostí za posledních pět let – bez záznamu, specifikace hlavního vytápění garáže – plynový kotel značky Viessmann, a enter.";"PONECHAT";"Traktováno jako jeden celek záměrně - jde o formální báseň/litanii byrokratických údajů, jejíž bezduchá preciznost je sama pointou (kontrast k okolnímu rozpadu reality). Klíčový detail: název firmy se změnil na ""Pneumatikový žralok s.r.o."" - přímý průnik jeho fantazie (kap. I, žralok z pneumatik) do ""reálné"" administrativní práce, definitivní důkaz, že vnímání reality se rozkládá. Nesahat, nejsilnější věta kapitoly."
"VI";"Tomáš si prokřupl záda a vydal se na záchod.";"PONECHAT";"Funkční, obměna refrénu."
"VI";"Cestou potkal pojišťovacího agenta Jaromíra.";"PONECHAT";"Refrén."
"VI";"Ten ho pozval na kafe, ale Tomáš odmítl.";"PONECHAT";"Refrén, obměna."
"VI";"Už ten den měl třetí.";"PONECHAT";"Refrén, zkrácená verze."
"VI";"Společně si pak postěžovali na bolesti žlučníků";"PONECHAT";"Nový detail v refrénu - žlučníkový motiv se poprvé objevuje i u vedlejší postavy (Jaromíra), rozšiřuje motiv za hranice hlavní postavy."
"VI";"deštivé počasí žlučníkům totiž nesvědčí.";"PONECHAT";"Absurdně věcné, pseudolékařské tvrzení - dobrý černý humor."
"VI";"Jaromír se vrátil na své místo v openspacu a Tomáš zamířil do své kanceláře.";"PONECHAT";"Refrén, obměna."
"VI";"Při vstupu si všiml, že mu chybí monitor.";"PONECHAT";"Klíčová věta - odkaz na ""vyfasoval jsem konečně nový monitor"" z kap. III, teď monitor mizí stejně jako smlouvy - pokračuje motiv rozkladu majetku/reality."
"VI";"Nedalo se nic dělat, musel údaje zadat poslepu jen klikáním do klávesnice, ale nejdřív si dal pauzu na svačinu.";"PONECHAT";"Funkční, absurdní řešení (práce naslepo) dobře ukazuje rozpad logiky reality."
"VI";"Kuličky rázostroje o sebe cinkaly s přesností atomových hodin.";"PONECHAT";"Silné přirovnání, dobře propojuje impulz/houpačku s motivem přesného, nemilosrdného plynutí času."
"VI";"Tomáš si dal nohy na stůl.";"PONECHAT";"Refrén gesta."
"VI";"Vytáhl z aktovky modrý box se svačinou.";"PONECHAT";"Funkční, zavádí finální, nejděsivější verzi svačiny."
"VI";"Měl radost, Klárka mu připravila jeho oblíbené červy.";"PONECHAT";"Šokující, klíčová věta - svačina se definitivně proměnila v hnilobné červy, vrchol degradace reality/těla, silné a nesahat."
"VI";"Byli tam červi růžoví a kroutící se jako vytažené bílé žížaly.";"PONECHAT";"Konkrétní, znepokojivý tělesný detail, funguje jako hororový obraz rozkladu."
"VI";"Byli tam červi červení, nevěděl, jaké zvíře se z nich vylíhne, až se zakuklí – byli krásní už teď.";"PONECHAT";"Mrazivě klidný, téměř láskyplný tón vůči obrazu rozkladu vlastního těla - silná, znepokojivá pointa, nesahat."
"VI";"Cink.";"PONECHAT";"Krátké, onomatopoické - dobrý rytmický zlom, zvuk houpačky jako tikot hodin/odpočítávání."
"VI";"Kuličky na rázostroji odbyly už sedmdesátou druhou periodu od doby, co otevřel svačinový box.";"PONECHAT";"Konkrétní číslo dodává obsedantní přesnost - dobrý detail psychického rozkladu (počítání jako úzkostná kotva)."
"VI";"Tomáš neměl moc hlad, a tak si je nechal lézt po dlani.";"PONECHAT";"Znepokojivě klidná reakce na červy na vlastní ruce, funguje jako pokračování jeho otupělosti."
"VI";"Seznamovali se s jeho prsty – to jsou vzdálení příbuzní červů.";"PONECHAT";"Absurdní, groteskní ""vědecká"" poznámka (prsty jako příbuzní červů) - dobrý černý humor v hororové scéně."
"VI";"Cink.";"PONECHAT";"Opakování zvuku - dobrý rytmický refrén."
"VI";"Úder 186 – počítal to.";"PONECHAT";"Pokračuje obsedantní počítání, dobrý detail psychického stavu."
"VI";"Zatímco mu proklouzávali malí kamarádi mezi prsty, dozvěděl se od nich tajemství, které znají všichni nemocní, a tehdy mu došlo, že z něj bude skvělý otec.";"PONECHAT";"Naprosto nelogická, znepokojivá pointa (červi → otcovství) - vrchol jeho psychického rozpadu, mrazivě nesouvislá asociace, nesahat, nejsilnější/nejděsivější věta úseku."
"VI";"Nerezová psí miska na podlaze byla prázdná.";"PONECHAT";"Funkční přechod - definitivní potvrzení zvířecího rámce pokračujícího z předchozích kapitol."
"VI";"Tomáš ležel schoulený vedle ní, tvrdě spal a jako improvizovaný pelíšek mu sloužily na cucky roztrhané pojistné smlouvy.";"PONECHAT";"Devastující, dokonalá pointa celé úvodní části kapitoly - jeho profesní identita (pojistné smlouvy) doslova roztrhaná na psí pelíšek. Nejsilnější obraz kapitoly, nesahat ani slovo."
"VI";"Klára si ho změřila prázdným pohledem.";"PONECHAT";"Funkční přechod k Klářině perspektivě, ""prázdným"" dobře ukazuje její emoční vyčerpání."
"VI";"Ten se zvedne nejdřív až zítra v poledne.";"PONECHAT";"Funkční, věcný odhad - ukazuje rutinní, otupělou znalost jeho stavů."
"VI";"Vytáhla z koše na prádlo zmačkanou deku.";"PONECHAT";"Konkrétní, funkční gesto."
"VI";"Letmo k ní čichla, zkontrolovala, jak moc je špinavá, a když usoudila, že ještě týden vydrží, přehodila ji přes něj.";"PONECHAT";"Znepokojivě věcný, zanedbaný detail péče - dobře ukazuje míru rezignace v domácnosti."
"VI";"Konečně měla chvilku pro sebe.";"PONECHAT";"Krátké, funkční, zavádí následující relaxační scénu."
"VI";"Přešla do obývacího pokoje.";"PONECHAT";"Funkční přechod."
"VI";"Kuličky na Newtonově houpačce zpomalovaly.";"PONECHAT";"Funkční, návrat symbolu."
"VI";"Klára uchopila krajní z nich a volným pádem ji poslala zpět mezi ostatní, čímž obnovila to monotónní cinkání, které se neslo celým domem.";"PONECHAT";"Funkční, Klára sama ""dodává impulz"" - důležitý detail, ukazuje, že i ona potřebuje tento rituál."
"VI";"Stěny obývacího pokoje byly lemovány dřevotřískovými vitrínami slohu socialistického modernismu.";"PONECHAT";"Konkrétní, funkční popis, odkaz na podobný popis z kap. I."
"VI";"Z vitríny na ně koukalo několik babiček, dědečků, strýčků, tetiček a tchánů.";"PONECHAT";"Dobrý, mírně strašidelný obraz rodinných fotografií jako pozorovatelů."
"VI";"Mimo fotek měli ve vitríně porcelán z Karlových Varů, lahve slivovice a Jameson, figurky prasátek a mnoho dalších předmětů, které Tomáš nazval kýčovinami, ale Klára by je spíš nazvala píčovinami.";"PONECHAT";"Doslovná paralela k popisu z kap. I (""kýčovinami""/""píčovinami"") - teď z obou perspektiv najednou, potvrzuje sdílenou realitu prostoru, důležitá stavební linka."
"VI";"Podívala se po obýváku ještě jednou.";"PONECHAT";"Funkční přechod k filozofické promluvě."
"VI";"„Nedivím se, že se Tomáš považuje za mrtvého, probudit se tady po autonehodě, myslela bych si, že jsem v pekle.“";"PONECHAT";"KLÍČOVÁ věta - Klára nezávisle na Tomášovi/Garnierovi dochází ke stejnému závěru o povaze pekla, mimořádně důležitá pro strukturální jednotu knihy, nesahat."
"VI";"Peklo není místo ohně a síry, je to obývací pokoj na předměstí plný cetek.";"PONECHAT";"Přesně odpovídá Garnierově meditaci o pekle z kap. V, jen z Klářiny vlastní perspektivy - definitivní potvrzení sdílené filozofické teze knihy, nejdůležitější spojující věta v kapitole, nesahat."
"VI";"Klára se svalila na gauč.";"PONECHAT";"Funkční, konkrétní gesto vyčerpání."
"VI";"Z televize se linula směs idiocie a hluku – lidé stojící 48 hodin ve frontě pro pár korun, kuchař vařící játra v myčce na nádobí, dement požírající zvířecí vnitřnosti.";"PONECHAT";"Silná mediální satira, poslední detail (""dement požírající vnitřnosti"") je mrazivě ironický - přesně popisuje Tomáše doma, jen na televizní obrazovce. Nesahat."
"VI";"Kdyby chtěla tohle vidět, stačilo jí najít Tomáše u řeznictví v Březanech.";"PONECHAT";"Odkaz na scénu z kap. I - konzistentní stavební linka, dobrá sebeuvědomělá ironie."
"VI";"Přepla na Faktor strachu, ale ten byl ještě horší.";"PONECHAT";"Konkrétní, reálný televizní odkaz dodává satiře věrohodnost."
"VI";"Nakonec nechala běžet zpravodajský kanál vysílající 24/7.";"PONECHAT";"Funkční, uzavírá odbočku o televizi."
"VI";"Venku pršelo, a tak udělala něco, co chtěla vždycky – z vitríny vytáhla růžový porcelánový podšálek s tulipány, „posrané rodinné dědictví“, a použila ho jako popelník.";"PONECHAT";"Silný symbolický akt vzdoru (znesvěcení rodinného dědictví) - dobrá charakterizace jejího vnitřního vzteku."
"VI";"Hodila si nohy na stůl.";"PONECHAT";"Odkaz na úvodní gesto celé knihy z kap. I - cyklická stavební linka."
"VI";"Svoboda – to by měla být nejvyšší priorita.";"PONECHAT";"Funkční, zavádí filozofickou úvahu o svobodě."
"VI";"Nikoliv peníze nebo Bůh, ale vědomí, že si mohu dělat, co chci.";"PONECHAT";"Funkční, pokračuje úvahu, odkazuje na motiv Boha z kap. I a XII."
"VI";"Člověk by měl být svobodný alespoň jednu hodinu týdně.";"PONECHAT";"Funkční, konkrétní teze."
"VI";"Svět by byl lepším místem, kdyby každý pravidelně vypustil páru.";"PONECHAT";"Funkční, zavádí následující groteskní příklady."
"VI";"Vegetariáni by se v pátek scházeli ve steakhousech nad krvavými bifteky, kněží by navštěvovali masážní salony a někdo jiný by mohl běhat polonahý po parkovišti s maskou koně.";"PONECHAT";"Absurdní, vtipný výčet příkladů ""vypuštění páry"" - dobrá odlehčující black komedie uprostřed jinak temné kapitoly, nesahat."
"VI";"Svoboda se nedá nalajnovat třetí osobou.";"PONECHAT";"Aforistická, silná teze, funguje."
"VI";"Možná by lidé ve svobodné společnosti dělali dál jen své povinnosti a žili v rutině – to je nejpravděpodobnější varianta.";"PONECHAT";"Trpce cynický, realistický závěr úvahy o svobodě, dobrá pointa."
"VI";"Klára pokoušela svou vůli tím, že si z lednice vytáhla pivo, přestože ten den nejedla.";"PONECHAT";"Funkční, ukazuje sebedestruktivní vzorce chování."
"VI";"Sledovala telenovelu a přemítala, že někdy je lepší zůstat v rituálech askeze než za každou cenu dokazovat svobodu.";"PONECHAT";"Funkční, ironicky kontrastuje s předchozí tirádou o svobodě."
"VI";"Alespoň jí zůstalo svobodné rozhodnutí, že si další pivo nedá.";"PONECHAT";"Hořce ironická pointa - jediná ""svoboda"", kterou si dovolí, je sebeomezení, silné zakončení odstavce."
"VI";"Zprávy přinesly reportáž o muži, který zlomil svým dětem třiačtyřicet kostí.";"PONECHAT";"Šokující, konkrétní detail, zavádí závěrečnou meditaci o trestu smrti."
"VI";"Dostal pět let.";"PONECHAT";"Krátké, věcné, dobrý kontrast závažnosti činu a trestu."
"VI";"Klára televizi vypnula.";"PONECHAT";"Funkční, reakce na šokující zprávu."
"VI";"Když se rušil trest smrti, bývala proti tomu.";"PONECHAT";"Funkční, zavádí vývoj jejího názoru."
"VI";"Představa justičního omylu, že by státní mašinérie zabila nevinného, jí zvedala žaludek.";"PONECHAT";"Funkční, dobrý argument pro její dřívější postoj."
"VI";"Ale lidé se s věkem stávají konzervativnějšími – možná moudrostí, možná citovou otupělostí.";"PONECHAT";"Dobrá, sebekritická poznámka, funguje."
"VI";"Dnes už to viděla jinak.";"PONECHAT";"Krátké, zavádí zvrat názoru."
"VI";"Trest smrti by neměl být trestem podle práva, ale odstraněním „antilidí” – dětských vrahů a zrůd týrajících pro potěšení.";"PONECHAT";"Silná, znepokojivá teze, funguje jako charakterizace jejího otupělého/radikalizovaného stavu."
"VI";"Kdo týrá psa, měl by být utracen jako ten pes, kterého týral.";"PONECHAT";"NEJDŮLEŽITĚJŠÍ věta kapitoly - mrazivá dramatická ironie, protože Klára sama v této chvíli týrá Tomáše jako psa, aniž by si to uvědomovala. Vrcholná pointa celé knihy o sebeklamu, nesahat ani slovo."
"VI";"Dopila zvětralé pivo a šla se podívat do lednice.";"PONECHAT";"Funkční přechod k závěrečné, klidné scéně."
"VI";"Našla játra, vepřový žaludek, jogurt, škvarkovou pomazánku a láhev Fanty – to jí bude stačit.";"PONECHAT";"Poslední věta kapitoly - uzavírá vnitřnostní/jogurtový motiv v naprosto klidném, banálním tónu po předchozí mrazivé pointě, dobrý kontrast, nesahat."
"VII";"Cotardův syndrom, syndrom chodící mrtvoly nebo méně známé označení nihilistická bludná porucha je duševní onemocnění pojmenované po neurologovi a psychiatrovi Julesi Cotardovi.";"PONECHAT";"Na rozdíl od fiktivního ""Vögtliho syndromu"" z kap. III jde o SKUTEČNOU psychiatrickou poruchu a informace je zde plotově zásadní (přesně pojmenovává Tomášův stav) - funguje jako věcná, nutná expozice, ne jako satirická vata."
"VII";"Projevuje se pacientovým přesvědčením, že je mrtvý, neexistuje, nemá krev nebo si myslí, že nemá orgány.";"PONECHAT";"Klíčová definiční věta - přesně popisuje Tomášovu situaci, důležité pro čtenáře k pochopení diagnózy."
"VII";"Cotard poprvé představil své poznatky na přednášce, kterou nazval „Du délire des négations“ („Bludy popírání“).";"UPRAVIT";"Historický detail (název přednášky) je funkční, ale následující encyklopedický odstavec o ""madame X"" je dlouhý a zdržuje - zvážit zkrácení celé kazuistiky o polovinu, hlavní informace (Cotard = víra ve vlastní smrt) už zazněla."
"VII";"Popisoval případ ženy, kterou označil jako „madame X“.";"PONECHAT";"Funkční přechod do kazuistiky."
"VII";"Tato pacientka věřila, že je mrtvá a že její tělo je v rozkladu.";"PONECHAT";"Funkční, opakuje klíčovou informaci."
"VII";"V důsledku těchto bludů přestala jíst, protože věřila, že jako mrtvola nemá potřebu potravy.";"PONECHAT";"Funkční detail, i tematicky rezonuje s knihou (jídlo/vnitřnosti jako motiv)."
"VII";"Tento stav Jules Cotard popsal jako formu nihilistického deliria.";"SMAZAT";"Opakuje již řečené (nihilistická bludná porucha z první věty kapitoly) - redundantní."
"VII";"Syndrom se nejčastěji vyskytuje v komorbiditě s jiným vážným psychotickým onemocněním, jako je schizofrenie, bipolární porucha nebo některá z poruch osobnosti.";"PONECHAT";"Funkční, odborně věrohodné."
"VII";"Může se však vyskytovat i samostatně, třeba jako reakce na úraz mozku nebo traumatickou událost.";"PONECHAT";"Klíčové - ""traumatickou událost"" přesně odpovídá Tomášově autonehodě, důležitá provázanost s dějem."
"VII";"Právě Cotardův syndrom byla diagnóza, kterou vyřkl doktor Garnier Kláře, když se ptala na výsledky Tomova komplexního vyšetření osobnosti.";"PONECHAT";"Funkční, uzavírá úvodní expozici a přechází do scény."
"VII";"„Co se s tím dá dělat?“ zeptala se Klára doktora Garniera, usazeného za hnědým masivním stolem.";"PONECHAT";"Funkční úvod scény, barva ""hnědým"" jemně navazuje na motiv ""hnědého údělu""."
"VII";"„To zatím dejme stranou, jsme tu hlavně kvůli vám.";"PONECHAT";"Klíčová manipulativní taktika - Garnier systematicky odvádí pozornost od Tomáše k Kláře, zavádí hlavní téma kapitoly."
"VII";"Toma můžeme probrat později.“";"PONECHAT";"Funkční, slib, který se v kapitole nikdy pořádně nesplní."
"VII";"„Vypadáte dobře, Kláro. Máte nový účes?“";"PONECHAT";"Funkční, zavádí Garnierovu posedlost jejím vzhledem, klíčové pro pozdější manipulaci."
"VII";"„Ano, byla jsem se poprvé od Tomovy nehody ostříhat.“";"PONECHAT";"Funkční, konkrétní časový ukazatel."
"VII";"Usmála se.";"PONECHAT";"Krátké gesto."
"VII";"„Sluší vám to. Vidíte, jak hned prokouknete, když o sebe trochu dbáte?“ usmál se Garnier blahosklonně, jako by chválil školačku.";"PONECHAT";"""Blahosklonně, jako by chválil školačku"" - explicitní, důležitá charakteristika Garnierova povýšeneckého, paternalistického tónu vůči Kláře."
"VII";"„Nedá mi to, ale asi se přece jen budeme muset pobavit o Tomášovi. Žere dobře?“";"PONECHAT";"""Žere"" - Garnier sám používá zvířecí slovník, potvrzuje, že rámec není jen Klářina soukromá fantazie."
"VII";"Klára překřížila nohy.";"PONECHAT";"Krátké gesto, dobrý detail nervozity/obrany."
"VII";"„Řekla bych, že ano. Musím mu ale vyvařovat vnitřnosti.";"PONECHAT";"Funkční, návaznost na motiv vnitřností."
"VII";"Jednak má asi žlučníkové kameny, a za druhé nic jiného nepozře.";"PONECHAT";"Žlučníkový motiv se vrací i zde - napříč knihou konzistentní detail."
"VII";"Žere to jen v psychóze.";"PONECHAT";"Funkční."
"VII";"Když je příčetný, ani si nepřipouští, že by něco takového jedl.“";"PONECHAT";"Funkční, dobře ukazuje rozštěpení jeho vědomí mezi stavy."
"VII";"Garnier si zrovna leštil brýle, zdál se nepřítomen, ale přikyvoval.";"PONECHAT";"Dobrý detail předstírané pozornosti - charakterizuje jeho manipulativní odstup."
"VII";"„U Cotardova syndromu je to zcela běžné, Kláro. Syndrom už ovládá i jeho tělesné funkce. Mění se mu chutě, aby ho mozek přesvědčil, že je někdo jiný... nebo spíš, že je mrtvý.“";"PONECHAT";"Funkční, klinicky věrohodné vysvětlení - dobře propojuje zvířecí motiv s oficiální diagnózou."
"VII";"Klára nad tím přemýšlela a pak se zeptala: „Takže se mu změnila chuť, aby ho přesvědčila, že je mrtvola?“";"PONECHAT";"Funkční, ukazuje její snahu porozumět."
"VII";"„Výborně,“ usmál se Garnier a pokýval hlavou.";"PONECHAT";"Funkční, povýšenecký tón."
"VII";"„Na ženu docela bystrý úsudek, přesně tak to je.";"PONECHAT";"KLÍČOVÁ věta - explicitní misogynie (""na ženu"") definitivně charakterizuje Garniera jako záměrně ponižujícího vůči Kláře, důležitý detail jeho povahy, nesahat."
"VII";"A jak to jde s výchovou? Trestáte ho?“";"PONECHAT";"Přímá, znepokojivá otázka - potvrzuje, že Garnier sám aktivně řídí/schvaluje týrání."
"VII";"„No, ano, ale jen trochu. Měl jste pravdu, jinak to nejde.";"PONECHAT";"KLÍČOVÁ věta - odhaluje, že to byl GARNIER, kdo Kláře poradil bít Tomáše. Definitivně z něj dělá aktivního strůjce násilí v obou realitách knihy, mimořádně důležité, nesahat."
"VII";"Uřízla jsem si lískový proutek.";"PONECHAT";"Funkční, konkrétní."
"VII";"Když se snažil v kuchyni vyškrábat na zeď a strhal si u toho nehty do krve, vzala jsem si ho a třikrát jsem ho švihla přes záda.“";"PONECHAT";"Odpovídá scéně z kap. IV - potvrzuje shodu základní reality, jen s odhalením Garnierova podílu viny."
"VII";"Odmlčela se a čekala, co doktor řekne.";"PONECHAT";"Funkční, ukazuje její potřebu jeho schválení."
"VII";"„Nemáte se za co stydět, děvče,“ uklidnil ji s úsměvem.";"PONECHAT";"""Děvče"" - další znevažující oslovení, pokračuje charakteristika."
"VII";"„Mužská síla se někdy musí zkrotit. Děláte, co můžete. A co okovy?“";"PONECHAT";"Mrazivě věcná otázka o poutech, dobře gradující hrůzu situace, nesahat."
"VII";"„Mám je připravené ve sklepě. Párkrát jsem ho tam připoutala, ale přijde mi lepší nechat ho toulat. Chodí po chodníku, nikoho si nevšímá. Jen jednou vyděsil nějakou babku...“";"PONECHAT";"Odkaz na scénu z konce kap. I - potvrzuje shodu reality mezi kapitolami z různých perspektiv."
"VII";"Garnier si povzdechl.";"PONECHAT";"Krátké gesto."
"VII";"„Nezávidím vám to. Na tak křehkou ženu je to poněkud vyčerpávající.“";"PONECHAT";"""Křehkou"" - další paternalistická charakteristika, konzistentní s misogynním tónem."
"VII";"Naklonil se přes stůl.";"PONECHAT";"Funkční gesto."
"VII";"„Dáme si pauzu. Kávovar mám rozbitý. Buďte tak hodná a skočte mi na recepci pro velké černé espresso. Vy si dejte, co chcete, já to samozřejmě zaplatím. A dejte si venku v klidu cigaretku, já nespěchám. Máme času dost.“";"PONECHAT";"Klíčová věta - Garnier redukuje Kláru na sekretářku/služku, konkrétní projev jeho mocenské kontroly, funguje."
"VII";"Klára se sice chtěla ohradit proti tomu, že ji posílá pro kafe jako sekretářku, ale nohama jí zrovna projela štiplavá bolest.";"PONECHAT";"KLÍČOVÁ věta - první zmínka bolesti nohou, možná spojnice se zdravotním problémem zmíněným později (odst. 63-67) a s pozdější ""plantární hyperémií"" z kap. XII. Důležitý raný signál, nesahat."
"VII";"Nakonec byla ráda, že to může rozchodit.";"PONECHAT";"Funkční, ukazuje její rezignaci/přizpůsobení."
"VII";"Přešlapovala venku mezi popelnicí a popelníkem postaveným na jedné noze.";"PONECHAT";"Konkrétní, funkční detail prostředí."
"VII";"Bolest nohou jí odezněla překvapivě rychle.";"PONECHAT";"Funkční, pokračuje motiv bolesti nohou."
"VII";"Ve světle pouličních lamp zahlédla první letošní vločky.";"PONECHAT";"Poetický, tichý detail, dobrý kontrast k tvrdosti scény uvnitř."
"VII";"Při druhé cigaretě se zaměřila na okna sídlištních paneláků.";"PONECHAT";"Funkční, konkrétní."
"VII";"Jaké to asi je, být normální?";"PONECHAT";"Silná, tichá řečnická otázka - emoční vrchol odstavce, nesahat."
"VII";"Když se vrátila s kávou, Garnier pomalu usrkoval ze svého hrnku.";"PONECHAT";"Funkční přechod."
"VII";"„Nabídnete mi cigaretu, Kláro?“ zeptal se.";"PONECHAT";"Funkční, zavádí následující kontrolní scénu."
"VII";"„Mohu vám jednu umotat,“ řekla a poslepu začala v kabelce hledat tabák.";"PONECHAT";"Funkční."
"VII";"„Nebuďte labuť a dejte mi rovnou tu vaši tabatěrku.“";"PONECHAT";"Funkční, hrubý tón, buduje napětí."
"VII";"Klára ztuhla, ale poslechla.";"PONECHAT";"Krátké, silné, ukazuje submisivitu."
"VII";"Z kapsy džínsů vytáhla stříbrnou tabatěrku a podala mu ji.";"PONECHAT";"Odkaz na nacistickou tabatěrku - klíčový předmět napříč knihou."
"VII";"Doktora Garniera zaujala orlice s křížem na víčku.";"PONECHAT";"Funkční, všímá si symbolu (svastika, i když zde nazvaná ""kříž"" - viz komentář dále)."
"VII";"„Zajímavá rekvizita pro takovou mladou dámu,“ ušklíbl se pobaveně.";"PONECHAT";"Funkční, další paternalistická poznámka."
"VII";"„Hrajete si na drsňačku, viďte?“";"PONECHAT";"Znevažující, bagatelizující otázka, pokračuje charakterizace."
"VII";"Otevřel ji.";"PONECHAT";"Krátké, funkční."
"VII";"Bylo tam ještě šest cigaret.";"PONECHAT";"Funkční, konkrétní počet důležitý pro následující matematiku."
"VII";"Vytáhl jednu z nich, pomalu ji zlomil a hodil ji do své sklenice s vodou.";"PONECHAT";"Šokující, agresivní gesto kontroly - vrchol scény, silné."
"VII";"To samé udělal s druhou.";"PONECHAT";"Krátké, gradující násilí."
"VII";"„Co to děláte?!“ vyhrkla Klára.";"PONECHAT";"Funkční, přirozená reakce."
"VII";"„Kláro, děvče nešťastné,“ pronesl mírně, ale s nesmlouvavou nadřazeností.";"PONECHAT";"Opět ""děvče"" - další znevažující oslovení, konzistentní charakteristika."
"VII";"„Tvrdíte mi, že jich vykouříte maximálně sedm za den. Jen co jste tady, měla jste pět. Krásné ženy by neměly tolik kouřit, škodí to pleti, dělá to vrásky a navíc pak nevoníte moc vábně.“";"PONECHAT";"Klíčová věta - redukuje Kláru čistě na její vzhled/přitažlivost, definitivní potvrzení jeho misogynní kontroly, nesahat."
"VII";"„Nejsem váš pacient, nemáte mi co mluvit do toho, kolik...“";"PONECHAT";"Funkční, pokus o vzdor."
"VII";"„Ale Kláro, klid,“ přerušil ji s blahosklonným úsměvem.";"PONECHAT";"Funkční, přerušuje ji uprostřed věty - mocenské gesto."
"VII";"„Z právního hlediska jste moje pacientka. Já, jako váš lékař, vám říkám, že si tím jen ničíte nervy. Buďte rozumná a nekomplikujte si to. Stačí, abych do zprávy napsal, že péči o partnera nezvládáte, a Tomáš půjde do ústavu. To přece nechcete. Tak se taky snažte.“";"PONECHAT";"KLÍČOVÁ věta - explicitní vydírání, Garnier hrozí ztrátou Tomáše, pokud se Klára nepodřídí jeho kontrole. Zásadní pro pochopení mocenské dynamiky celé kapitoly, nesahat."
"VII";"Posunul jí sklenici se zčernalou vodou.";"PONECHAT";"Funkční gesto ponížení."
"VII";"„Běžte to vylít do záchodu. Nemůžu se na ten sajrajt dívat.“";"PONECHAT";"Funkční, redukuje ji na služebnou roli."
"VII";"Když se Klára s prázdnou sklenicí posadila zpět, Garnier na ni mrkl.";"PONECHAT";"Funkční přechod."
"VII";"„Tak povídejte. Copak dalšího se u vás doma stalo? Určitě jste mi něco zatajila.“";"PONECHAT";"Funkční, manipulativní předpoklad viny."
"VII";"Kláře se třásly ruce.";"PONECHAT";"Krátké, tělesný detail úzkosti."
"VII";"„Spálil si ruku o sporák.“";"PONECHAT";"Klíčová věta - zavádí verzi příhody se sporákem z její perspektivy."
"VII";"„Sám?“";"PONECHAT";"Krátké, funkční, sugestivní otázka."
"VII";"„Ne.“";"PONECHAT";"Krátké, napětí gradující."
"VII";"„Takže vy?“";"PONECHAT";"Funkční, přímé obvinění."
"VII";"„Chtěla jsem rozpálit plotnu, než na ni dám hrnec... odešla jsem pro rýži. Když jsem se vrátila, měl ji přilepenou na sporáku a už se z ní kouřilo. Ošetřila jsem mu to.“";"PONECHAT";"KLÍČOVÁ věta - Klářina verze se přesně shoduje s ""objektivní"" scénou z kap. IV (nešlo o úmysl, ale o nehodu/sebepoškození), na rozdíl od obviňující verze, kterou Tomáš vyprávěl Garnierovi v kap. V. Tohle je důležitý interpretační klíč: naznačuje, že Tomášovo vyprávění je paranoidnější/méně spolehlivé než Klářino, nesahat."
"VII";"„Kláro, Kláro,“ povzdechl si shovívavě.";"PONECHAT";"Funkční, povýšenecký tón."
"VII";"„To je ale od vás velmi neopatrné. Musíte na něj dávat větší pozor.“";"PONECHAT";"Klíčová věta - Garnier obviňuje Kláru i za nehodu, kterou nezpůsobila, pokračuje manipulace vinou."
"VII";"„Moc se omlouvám.“";"PONECHAT";"Funkční, ukazuje internalizovanou vinu."
"VII";"„Ale no tak, slzičky si nechte,“ usmál se.";"PONECHAT";"Znevažující reakce na její emoce, konzistentní charakteristika."
"VII";"„Vlastně se toho tolik nestalo. Může se stát každému. Něco dalšího? Třeba tam u vás ve sklepě?“";"PONECHAT";"Rychlá změna tónu (z výtky na bagatelizaci) - dobrá ukázka gaslightingu, funguje."
"VII";"„Všimla jsem si, že má hlínu za nehty... a že je ve sklepě rozrytá zem.“";"PONECHAT";"Funkční, zavádí motiv hrobů z její perspektivy."
"VII";"„Jak jste to vyřešila?“";"PONECHAT";"Funkční."
"VII";"„Dala jsem mu krumpáč a rýč a začal kopat. Vykopal tam dva hroby vedle sebe.“";"PONECHAT";"Odpovídá scéně z kap. IV, konzistentní."
"VII";"„Vidíte, jak jste šikovná holka,“ zhodnotil to spokojeně Garnier.";"PONECHAT";"Opět ""holka"" - znevažující oslovení, groteskní pochvala za umožnění kopání hrobů."
"VII";"„Aspoň si nezničí nehty. Už tak máte oba problémů nad hlavu.“";"PONECHAT";"Absurdní, černě komická pointa (""problémů nad hlavu"" - slovní hříčka s hroby) uprostřed jinak temné scény."
"VII";"Vrátil jí tabatěrku přes stůl.";"PONECHAT";"Funkční, uzavírá scénu s cigaretami."
"VII";"„Sedm denně, Kláro. Nezapomeňte.“";"PONECHAT";"Funkční, potvrzuje jeho kontrolu nad jejím životem."
"VII";"Opřel se pohodlně do křesla a spojil si prsty.";"PONECHAT";"Konkrétní gesto, dobrý přechod."
"VII";"„Ale pak je tu ještě jedna otázka. Jak se vlastně máte vy?“";"PONECHAT";"Funkční, zavádí druhou část sezení."
"VII";"„Děláte mi radost. Necítím z vás kouř.“";"PONECHAT";"Funkční, pokračuje jeho kontrolní posedlost."
"VII";"„Kouřím stále, ale když jdu na naše sezení, cigarety si neberu.“";"PONECHAT";"Funkční, ukazuje její přizpůsobení jeho pravidlům."
"VII";"„Vím, že stále kouříte, ale oceňuji váš kompromis i upřímnost.“";"PONECHAT";"Funkční, falešně vstřícný tón."
"VII";"„Děkuji, pane doktore.“";"PONECHAT";"Krátké, ukazuje její internalizovanou vděčnost za minimální ústupek."
"VII";"„Zasloužíte odměnu. Dnešní sezení půjde na VZP,“ řekl Garnier, dřív než usedl za stůl, a přitom pokynul Kláře.";"PONECHAT";"Konkrétní, věrohodný detail (zdravotní pojištění), dobrá satira systému."
"VII";"Klára si sedla.";"PONECHAT";"Funkční gesto."
"VII";"„Jak se máte, Kláro?“";"OVĚŘIT";"Otázka se opakuje, jako by sezení začínalo znovu od začátku - podobný smyčkový/repetitivní efekt jako v kap. VI u Tomáše. Buď záměrný strukturální odkaz (obě postavy zažívají podobné časové smyčky), nebo formální nesrovnalost - ověřit záměr, ale pokud jde o odkaz na kap. VI, ponechat jako důležitou paralelu."
"VII";"„Mám se dobře, omezení kouření mi pomohlo, abych se cítila lépe.“";"PONECHAT";"Funkční, ironicky přejímá Garnierův rámec jako vlastní úspěch."
"VII";"„To rád slyším, jsou to dobré zprávy, hlavně pro vás. Nicméně, já bohužel nemám příliš dobré zprávy, ale myslím, že to nebude nic, co by nešlo řešit, tak se nelekejte. No, pojďme rovnou k věci, ale postupně.“";"UPRAVIT";"Věta je záměrně vágní a zdlouhavá (odkládání špatné zprávy) - funguje jako charakterizace manipulativní taktiky, ale zvážit mírné zkrácení pro čtivost."
"VII";"„Jistě, s čím začneme?“ zeptala se nedočkavá Klára a nenápadně si protahovala ztuhlé končetiny.";"PONECHAT";"Funkční, tělesný detail (ztuhlé končetiny) pokračuje motiv bolesti."
"VII";"„Vyhodnotil jsem vaše komplexní vyšetření osobnosti. Máte sklony k chronickému lhaní, ale o tom asi víte, a když vám to řeknu, tak to stejně popřete.“";"PONECHAT";"Mrazivá, nevyvratitelná manipulativní konstrukce (""popřete, což jen dokáže, že lžete"") - dobrá ukázka Garnierovy rétorické pasti, nesahat."
"VII";"Zeširoka se na Kláru usmál, ta mu úsměv v křeči vrátila.";"PONECHAT";"""V křeči"" - dobrý tělesný detail vynuceného, nepřirozeného úsměvu."
"VII";"„Taky jste závislá na nikotinu, ale jak je vidět, i v tom se lepšíte. Kouření je špatný zlozvyk. Podívejte se na mě, já nekouřím a nepiji, a když už, tak jen symbolicky, třeba na Vánoce, víte, jsem abstinent.“";"PONECHAT";"Funguje jako sebestředná, pokrytecká přednáška - dobrá charakterizace jeho narcismu."
"VII";"Zadumal se nad papíry, které třímal v ruce, odložil je a pokračoval spatra: „Jinak si myslím, že budete v pořádku. Mimo těchto drobností jste naprosto duševně zdravá. Gratuluji.“";"PONECHAT";"Ironické ""gratuluji"" k tak povrchnímu vyšetření, dobrá pointa Garnierovy nekompetentnosti/manipulace."
"VII";"„Jé, to se mi ulevilo.“";"PONECHAT";"Funkční, naivní vděčnost."
"VII";"„Bohužel, s Tomem to tak dobré už nebude.“";"PONECHAT";"Klíčový zlom - náhlý přechod k drtivé zprávě, dobré tempo."
"VII";"Zvedl se a šel ke komodě, kam obvykle ukládal zprávy.";"PONECHAT";"Funkční přechod."
"VII";"Masivní komoda nebyla v rohu po jeho pravici jako obvykle, nacházela se až na druhé straně místnosti.";"PONECHAT";"Znepokojivý detail - nábytek se v ordinaci nevysvětlitelně přemísťuje, podobně jako v kap. III. Naznačuje nestabilní, snovou povahu Garnierovy místnosti napříč oběma dějovými liniemi, důležitá stavební linka."
"VII";"Klára se snažila pochopit význam přesunutí tak těžké komody až na druhou stranu téměř patnáctimetrové místnosti.";"PONECHAT";"Funkční, ukazuje její marnou snahu najít v tom logiku."
"VII";"Ordinace byla jinak naprosto pustá a bylo těžké odhadnout, čemu by kde překážela.";"PONECHAT";"Funkční, umocňuje nesmyslnost/iracionalitu prostoru."
"VII";"„Vypadá to, že je to s ním horší, než jsem si myslel. Nevypozorovala jste na něm něco nového v jeho chování?“";"PONECHAT";"Funkční, zavádí dlouhý dialog o snech."
"VII";"Klára ani na chvíli nezaváhala.";"PONECHAT";"Funkční."
"VII";"„No, ano. Mluví často z cesty, a to nejen v psychózách. Má teď noční můry. Jakési vidiny a stále dokola o nich mluví, i když má zrovna zdravé období.“";"PONECHAT";"Funkční, zavádí klíčovou pasáž o Tomášových snech."
"VII";"„A o čem se mu zdá?“ zeptal se Garnier.";"PONECHAT";"Funkční."
"VII";"Klára si dala na čas, než odpověděla.";"PONECHAT";"Funkční, buduje napětí."
"VII";"Sledovala prasklinu na stropě, byla tak nezvykle velká.";"PONECHAT";"Dobrý, tichý vizuální detail - praskliny ve stropě jako metafora praskající reality, funguje."
"VII";"„Mluví o jakémsi žlutém a hnědém údělu člověka, že potřebuje naplnit svůj žlutý úděl a já se trápím svým hnědým údělem. Co to znamená?“";"PONECHAT";"KLÍČOVÁ věta pro celou knihu - explicitně pojmenovává barevný kód (žlutá = jeho stav nebytí/smrti, hnědá = její stav utrpení/žití), definitivně potvrzuje, že motivy nejsou náhodné, ale sdílený, vědomý jazyk mezi postavami. Nejdůležitější interpretační klíč v celé knize, nesahat ani slovo."
"VII";"„Ale to nic. To je normální. Řekněte mi více, vlastně úplně všechno.“";"PONECHAT";"Funkční, bagatelizuje a zároveň dychtivě žádá detaily - dobrá dvojznačnost."
"VII";"„No dobrá. Začíná to věcmi, co se mu reálně staly, ale pak přechází k jakýmsi vidinám budoucnosti, či co. Jo a mluví o tom chronologicky.“";"PONECHAT";"Funkční, důležité upřesnění - sny jsou chronologické, jako skutečné vzpomínky, ne náhodné."
"VII";"„Hádám, že začíná autonehodou.“";"PONECHAT";"Znepokojivě přesný odhad - Garnier zjevně ví víc, než by měl, dobrá nejednoznačnost jeho postavy."
"VII";"„Jak to víte, pane doktore?“";"PONECHAT";"Funkční, přímo se ptá na zdroj jeho vševědoucnosti."
"VII";"„Prosím, pokračujte,“ napomenul ji doktor Garnier.";"PONECHAT";"Klíčové - Garnier záměrně vyhýbá odpovědi na otázku, jak to ví, ponechává tajemství nerozřešené, dobrá, znepokojivá nejednoznačnost jeho charakteru."
"VII";"„Tvrdí, že při nehodě zahynul a teď je odsouzen k bloudění po zemi, a aby došel klidu, musí naplnit svůj žlutý úděl nebytí. Možná proto se tak toulá.“";"PONECHAT";"Funkční, propojuje toulání z kap. I s filozofií ""žlutého údělu""."
"VII";"„Hledá klid,“ doplnil ji doktor Garnier.";"PONECHAT";"Krátké, funkční shrnutí."
"VII";"„Mluví ještě o tom, že má nadpřirozené schopnosti, že umí lézt po stěnách nebo opustit své tělo a létat po domě.";"PONECHAT";"Funkční, potvrzuje shodu s kap. V (astrální cestování)."
"VII";"Mimochodem, pak se mě snaží strašit.";"PONECHAT";"Funkční, odkaz na scény bafnutí."
"VII";"Tuhle rozbil v koupelně skříňku nad umyvadlem se zrcadlem, když se v něm pokoušel zjevit.";"PONECHAT";"Odkaz na ""Krvavou Mary"" scénu z kap. V, konzistentní."
"VII";"Taky se mu zdá o tom, že ho krmím vnitřnostmi a celkově se objevuju často v jeho vidinách.";"PONECHAT";"Funkční, potvrzuje shodu s ostatními kapitolami."
"VII";"Zdá se mu o tom, že ho biju lískovým proutkem a nutím ho kopat ty dva hroby, co si vyhrabal ve sklepě.";"PONECHAT";"Funkční, konzistentní."
"VII";"Prý jsem mu taky držela ruku na rozpáleném sporáku.";"PONECHAT";"Funkční, potvrzuje, že Tomášova obviňující verze existuje jako jeho vlastní ""sen"" i z Klářiny perspektivy - zajímavá vrstva (i ona ví, že on ji takhle vnímá)."
"VII";"Chtěla jsem mu prej ublížit.“";"PONECHAT";"Funkční, uzavírá výčet obvinění."
"VII";"Doktor nic neříkal, nic si nezapisoval.";"PONECHAT";"Znepokojivý detail - jeho nezájem/nezaznamenávání kontrastuje s dřívější pečlivostí, dobrá nejasnost jeho motivace."
"VII";"Kláru napadlo, jestli to neříká úplně nadarmo.";"PONECHAT";"Silná, tichá věta - její rostoucí pochybnost o smyslu celé terapie, důležitá."
"VII";"„Prý jsem zabila jezevčíka, potřela jsem mu ústa jeho krví a zavolala policii.";"PONECHAT";"Odkaz na scénu z kap. V, konzistentní, potvrzuje, že jde o sdílenou (byť rozdílně interpretovanou) skutečnost."
"VII";"Zdá se mu taky o Martinovi, jeho kolegovi z práce, jak se oběsil na platanu.";"PONECHAT";"KLÍČOVÁ věta - potvrzuje Martinovu sebevraždu (naznačenou v kap. IV telefonátem) a propojuje ji s platanem z kap. I (""spodní větev rostla dost nízko, aby se přes ni dalo přehodit lano"") - mimořádně důležitá, tragická stavební linka, nesahat."
"VII";"A pak zase mluví o mně.";"PONECHAT";"Funkční přechod."
"VII";"Nejvíc mluví o mně, pane doktore,“ dodala ještě Klára.";"PONECHAT";"Silná, zranitelná věta - odhaluje její potřebu být středem jeho pozornosti/existence i v jeho šílenství."
"VII";"„Pane doktore, nevíte, jakou mám úlohu v jeho nemocném světě?“";"PONECHAT";"Funkční, hluboká, dojemná otázka o vlastním významu."
"VII";"„Evidentně zásadní, a klidně vám to i upřesním, ale zatím pokračujte, ať neztratíme nit.“";"PONECHAT";"Funkční, opět odkládá odpověď - manipulativní taktika."
"VII";"„Zdá se mu o mně, že jsem byla zavřená v nějakém šíleném, sadistickém klášteře.“";"PONECHAT";"KLÍČOVÁ věta - přímý odkaz na sen z kap. III, kde Tomáš popisoval klášter, ve kterém byla zavřená Klára - a tenhle sen se doslova naplní v kap. XI/XII. Mimořádně důležité proroctví, nesahat."
"VII";"Klára se otřásla při vzpomínce na Tomovo blouznění o Klášteře.";"PONECHAT";"Funkční, tělesná reakce."
"VII";"Tomášovo snové halucinování o řeholních sestrách a sklepě s velkým křížem bylo pro Kláru horším zážitkem než Tomášovo nedůstojné krmení nebo objevení hrobů ve sklepě.";"PONECHAT";"Klíčové - i přes všechno absurdní násilí ji nejvíc děsí právě klášter, což čtenáři (který zná finále knihy) dodává mrazivou dramatickou ironii."
"VII";"Nerada na to vzpomínala a těžko se jí o tom mluvilo před Garnierem, už tak se mu svěřovala více než kdy někomu jinému v životě.";"PONECHAT";"Funkční, ukazuje míru její závislosti na Garnierovi."
"VII";"Těšila se, až odejde domů, zapluje do polstrované židle, hodí si nohy na stůl a zakouří si.";"PONECHAT";"Odkaz na úvodní scénu knihy (kap. I) - dobrá cyklická linka, ukazuje, že tahle rutina je jejím jediným útočištěm."
"VII";"Doktor Garnier na ni hleděl.";"PONECHAT";"Krátké, funkční."
"VII";"Očekával pokračování: „Zdá se mu často o nějakém nechutném klášteře na Šumavě, ale popis připomíná spíš něco jako irskou prádelnu nebo koncentrační tábor.“";"PONECHAT";"""Irskou prádelnu"" je odkaz na skutečné historické Magdalene Laundries (instituce zneužívání žen v Irsku) - silný, věrohodný historický kontext dodávající tíži fiktivnímu klášteru, nesahat."
"VII";"„Vy spolu o tom mluvíte?“";"PONECHAT";"Funkční, klade otázku po zdroji informací."
"VII";"„Ne, ne tak úplně. Když je v pohodě, nepamatuje si to, a když má psychózu, není s ním řeč.“";"PONECHAT";"Funkční."
"VII";"„Jak to, že jste schopná onen klášter tak dobře popsat?“";"PONECHAT";"Funkční, důležitá otázka vedoucí k překvapivému odhalení."
"VII";"„Mluví o tom ze spaní, nebo když halucinuje, nevím, nepoznám v tom rozdíl.“";"PONECHAT";"Funkční, ukazuje její vlastní nejistotu v hranicích reality."
"VII";"„Povězte mi více o tom nechutném klášteře,“ vyzval doktor Kláru.";"PONECHAT";"Funkční."
"VII";"Ta se rozhodla překonat a vyklopit mu to najednou.";"PONECHAT";"Funkční, zavádí následující dlouhou zpověď."
"VII";"„Tomáš je posedlý mými botami, vždycky byl, takže když se mu zdá o klášteře, mluví o tom, jaké mám na sobě boty.";"PONECHAT";"Odkaz na motiv bot napříč knihou (kap. I, IV) - konzistentní."
"VII";"Jsou to těžké kanady vhodné do šumavského terénu, pro práci na poli.";"PONECHAT";"Funkční, konkrétní detail."
"VII";"Jak asi chápete, v klášteře panuje tvrdý režim.";"PONECHAT";"Funkční přechod."
"VII";"Musíme tam s ostatními pacientkami těžce pracovat, vstávat brzy ráno, v nedovolených hodinách nesmíme mluvit a za všechny prohřešky jsme trestány.";"OVĚŘIT";"MIMOŘÁDNĚ DŮLEŽITÝ detail - Klára zde mluví v první osobě množného čísla přítomného času (""musíme"", ""jsme trestány""), jako by v klášteře byla PRÁVĚ TEĎ, ne jako by referovala o cizím snu. Buď jde o gramatický lapsus/vžití se do role při vyprávění, nebo o zásadní signál, že se časové/vyprávěcí vrstvy knihy hroutí a Klára sama již svou budoucnost (kap. XI/XII) prožívá zevnitř. Nutně ověřit s autorem - může jít o nejdůležitější skrytý detail v celé knize."
"VII";"Jak jinak než bitím, zavíráním v korekcích a odebíráním přídělu jídla.“";"PONECHAT";"Funkční, odpovídá popisu kláštera z kap. V (Garnierovy prospekty)."
"VII";"„Zajímavé, jak v tom figuruje Tom?“";"PONECHAT";"Funkční."
"VII";"„Tvrdí, že jsme ho ve sklepě s ostatními řeholními sestrami přikovaly ke kříži a brutálním způsobem jsme ho mučily, přesně řečeno jsme ho zaživa pitvaly, odebíraly jsme mu orgány a řezaly jsme ho.“";"PONECHAT";"Opět první osoba množného čísla (""jsme ho mučily"") - pokračuje znepokojivý jev z předchozí věty, sdílí gramatické vžití se do role mnišky. Silný, hororový obraz, nesahat."
"VII";"Klára se poškrábala na levém zápěstí.";"PONECHAT";"Znepokojivé, tiché foreshadowing - přesné místo jejího budoucího sebepoškození, klíčový detail, nesahat."
"VII";"„To je tak ve zkratce všechno, vlastně…“";"PONECHAT";"Funkční, přerušovaná řeč."
"VII";"Klára se zarazila: „vlastně je tam ještě něco dalšího, něco dalšího, co mě opravdu děsí.“";"PONECHAT";"Funkční, zavádí následující osobní odhalení, opakování ""něco dalšího"" dobře simuluje váhání."
"VII";"„O co jde, Kláro?“";"PONECHAT";"Funkční."
"VII";"„To se těžko vysvětluje, nezní to moc uvěřitelně. Nebudu zacházet do detailů, ale mám jeden zdravotní problém, se kterým se potýkám necelý rok, a přesnou diagnózu jsem dostala teprve nedávno a s Tomášem jsem o tom nikdy nemluvila, ale přesto o něm ví.“";"PONECHAT";"Klíčová věta - zavádí nejmenovaný ""zdravotní problém"", možná spojnice s bolestí nohou zmíněnou dříve v kapitole a s pozdější zmínkou ""plantární hyperémie"" v kap. XII - důležitá, i když nejednoznačná stavební linka."
"VII";"„Jak to myslíte, všiml si něčeho?“";"PONECHAT";"Funkční."
"VII";"„To si asi mohl všimnout, opravdu hodně to bolí, ale co je divné, je, že ze spaní o tom mluví opravdu hodně přesně.“";"PONECHAT";"Funkční, potvrzuje motiv jeho ""věštecké"" přesnosti."
"VII";"„Třeba je empatický,“ řekl doktor Garnier.";"PONECHAT";"Ironicky uklidňující, banalizující vysvětlení nadpřirozeného jevu - dobrá charakteristika jeho manipulativní bagatelizace."
"VII";"„Tomáš byl první, od kterého jsem slyšela diagnózu, doktoři si se mnou nevěděli rady a ke správné diagnóze jsem se dostala až na Tomášův podnět.“";"PONECHAT";"Klíčová věta - mrtvý Tomáš jí pomohl k diagnóze dřív než živí lékaři, silný, nadpřirozený detail."
"VII";"Garnier zaplul rychlým pohybem do křesla a Klára si všimla, jak mohutný člověk to je.";"PONECHAT";"Odkaz na jeho ""golemovskou""/""medvědí"" fyzičnost z předchozích kapitol, konzistentní."
"VII";"„Ach takhle. Takže mi chcete říct, že je něco jako jasnovidec, něco jako černokněžník z pohádky.“";"PONECHAT";"Funkční, zdánlivě zesměšňující, ale zavádí vážnou odbočku."
"VII";"„Co prosím? Já jen popisuji, co jsem viděla, nějaké pohádky si tady opravdu nevymýšlím.“";"PONECHAT";"Funkční, brání se obvinění ze lhaní."
"VII";"„Nerozčilujte se,“ řekl Garnier.";"PONECHAT";"Funkční, typická manipulativní deeskalace."
"VII";"„Takhle jsem to nemyslel, že si něco vymýšlíte, naprosto vám věřím, jen nevím, jestli budete věřit teď vy mně. Podívejte támhle, co vidíte?“ ukázal směrem na knihovnu.";"PONECHAT";"Funkční, zavádí okultní odbočku."
"VII";"„Tam? Myslíte tu knihovnu?“";"PONECHAT";"Krátké, funkční."
"VII";"„Ano, co v ní je?“";"PONECHAT";"Krátké, funkční."
"VII";"„Knihy.“";"PONECHAT";"Krátké, funkční."
"VII";"„Jak vypadají, nepřijde vám na nich něco zvláštního?“";"PONECHAT";"Funkční, buduje napětí sokratovskou metodou."
"VII";"Klára nechápala, co se jí doktor snaží říct, a nebavilo ji to.";"PONECHAT";"Funkční, ukazuje její únavu z jeho her."
"VII";"Přesto s ním hrála jeho hru dál a pak řekla něco, co jí přišlo zvláštní na knihovně už během prvního sezení.";"PONECHAT";"Funkční, drobný detail (všimla si toho už dřív) dodává hloubku."
"VII";"„Jsou tam knihy, které jsou patrně nové, myslím staré maximálně několik desítek let, mají barevné přebaly, mají odborné medicínské tituly. Pak je tam však řada bichlí, vázaných v kůži, knihy opravdu staré, nějaká klasická díla, asi. Tohle jste měl na mysli?“";"PONECHAT";"Funkční, konkrétní popis, zavádí odhalení okultních knih."
"VII";"„Správně, jsou to okultní vědy. Mám tam lexikon sumerských kouzel, Atlas příšer vodních i suchozemských, Nekronomicon apod.“";"PONECHAT";"Šokující odhalení - definitivně naznačuje, že Garnier není obyčejný psychiatr, ale postava s okultní/nadpřirozenou dimenzí, klíčové pro žánrovou nejednoznačnost celé knihy, nesahat."
"VII";"„Kam tím míříte?“";"PONECHAT";"Funkční."
"VII";"„Za desítky let praxe v psychiatrii jsem se setkal s opravdu bizarními jevy, jevy nadpřirozenými, fungujícími na principech z jiných dimenzí a jiných sfér, a nejčastěji tohle vidíme u duševně nemocných.“";"PONECHAT";"Klíčová věta - Garnier otevřeně přiznává nadpřirozenou rovinu příběhu, funguje jako metafikční signál čtenáři, nesahat."
"VII";"„Co?“";"PONECHAT";"Krátké, funkční."
"VII";"„Tom může mít věštecké schopnosti jako jasnovidec nebo čaroděj z pohádky.“";"PONECHAT";"Funkční, přímo pojmenovává to, co čtenář už ví ze snových proroctví - dobré potvrzení."
"VII";"Klára by se zasmála, jenže pak si vzpomněla na další Tomova proroctví, naskočila jí husina a pohladila se po levém zápěstí.";"PONECHAT";"Opět gesto levého zápěstí - potvrzuje záměrné, opakované foreshadowing jejího budoucího zranění, nesahat."
"VII";"„To jen dokresluje regresní test jeho osobnosti. Zhoršuje se. Jeho mrtvá osobnost pohlcuje jeho zdravou podstatu mysli,“ pokračoval v medicínském výkladu Garnier, jako by zrovna nemluvil o jasnovidcích a černokněžnících z pohádek.";"PONECHAT";"Dobrý, znepokojivý kontrast klinického jazyka a okultního obsahu - přesně to, co dělá Garniera nejednoznačným a děsivým, funguje."
"VII";"„Vysvětluje to i jeho začínající nepřátelské chování vůči vám. Zatím to možná tolik nepozorujete, ale do budoucna by pro vás mohl být nebezpečný.“";"PONECHAT";"Funkční, zasévá strach, možná manipulativní příprava na budoucí rozhodnutí."
"VII";"Kláru to nepolekalo.";"PONECHAT";"Krátké, funkční."
"VII";"Byla na vše zvyklá a ještě mnoho dalšího očekávala.";"PONECHAT";"Funkční, ukazuje míru její otupělosti."
"VII";"„Jak to myslíte, pane doktore?“";"PONECHAT";"Funkční."
"VII";"„Všelijak. Tak třeba je přesvědčen, že máte Rettungův syndrom, a začíná si to myslet i v příčetnějších stavech.“";"PONECHAT";"KLÍČOVÁ, závratná věta - Garnier zde tvrdí, že TOMÁŠ diagnostikoval Kláru stejnou (fiktivní) chorobou, kterou on sám diagnostikoval Tomášovi jako pravdu o Kláře v kap. III. Kruhová, sebe-potvrzující manipulace, ukazující, že ""diagnóza"" je jen nástroj kontroly, ne skutečnost. Jedna z nejdůležitějších strukturálních vrstev celé knihy, nesahat."
"VII";"„A co to je ten Rettungův syndrom?“";"PONECHAT";"Funkční - ironické, že se ptá na chorobu, kterou má sama podle Tomáše, zatímco stejnou chorobu ona sama diagnostikovala jemu."
"VII";"„Rettungův syndrom, zkrátka si myslí, že vás autonehoda traumatizovala natolik, že jste duševně onemocněla a máte potřebu se o něj starat.“";"PONECHAT";"Funkční, definice zrcadlí tu z kap. III, jen s obrácenými rolemi."
"VII";"„Asi úplně nerozumím.“";"PONECHAT";"Funkční."
"VII";"„Rettungův syndrom se vyznačuje chronickou potřebou se starat, obvykle o blízkou osobu, a to zejména, když pomoc tolik nepotřebuje, nebo ji nepotřebuje vůbec. Pro chorobu je typické vymýšlet si diagnózy a je to asi způsob, jakým chápe, že se o něj staráte.“";"PONECHAT";"Ironicky sebereferenční - popisuje přesně to, co dělá sám Garnier (vymýšlí si diagnózy), aniž by si to sám uvědomil nebo to bylo záměrné. Skvělá, jemná autorská ironie, nesahat."
"VII";"„No to je hrozné.“";"PONECHAT";"Funkční."
"VII";"„Viďte, že je!“ Garnier se usmál.";"PONECHAT";"Znepokojivě spokojený tón nad údajně hroznou zprávou - dobrá charakterizace jeho odtažitosti."
"VII";"„A co s tím můžeme dělat, pane doktore Garniere?“";"PONECHAT";"Funkční."
"VII";"„Nic.“";"PONECHAT";"Mrazivě lakonická odpověď, silný kontrast k jeho jinak upovídanému stylu, dobrý zlom."
"VII";"„Nic,“ zopakovala si v duchu Klára.";"PONECHAT";"Funkční, ukazuje její zpracování šoku."
"VII";"„Na co sem tedy chodím?“";"PONECHAT";"Silná, oprávněná otázka - poprvé zpochybňuje smysl celé terapie, důležitý moment jasnozřivosti uprostřed manipulace."
"VII";"„Obávám se, že jsme ho nadobro ztratili,“ odvážil se říct Garnier bez varování a projevu empatie.";"PONECHAT";"Klíčová věta, chladně podaná drtivá zpráva, dobrý kontrast k jeho jinak přemrštěné výřečnosti."
"VII";"„Neměl bych to jako doktor takhle říkat, ale nemá cenu lhát, za svou praxi jsem neviděl, aby se někdo z tak těžkého Cotarda dostal, a váš muž je opravdu jeden z těch nejtěžších případů.“";"PONECHAT";"Funkční, dodává falešnou autoritu/definitivnost jeho rozsudku."
"VII";"„Ale… ale, pane doktore, nemůžeme to takhle přece nechat. I kdyby, nějak to musíme řešit.“";"PONECHAT";"Funkční, ukazuje její zoufalý odpor."
"VII";"„Kolik vám je?“";"PONECHAT";"Znepokojivě nesouvisející otázka - signalizuje manipulativní odbočku k tématu jejího věku/budoucnosti."
"VII";"„Dvacet devět.“";"PONECHAT";"Krátké, funkční."
"VII";"„Tak co chcete řešit? To si chcete v tak nízkém věku zničit život s nějakým magorem, co si myslí, že je mrtvola, a ještě s pojišťovákem?“";"PONECHAT";"Vulgární, kruté zlehčení - vrchol Garnierovy manipulace, tlačí ji k opuštění Tomáše, nesahat."
"VII";"„Ale něco se s ním snad bude dít, ne?“";"PONECHAT";"Funkční, poslední pokus najít řešení."
"VII";"„Co pořád řešíte Toma? Myslete na sebe. Minule jste přišla s novým účesem, s naleštěnými kozačkami, a teď co? Sedíte tady rozcuchaná, vlasy jste si upravila jen prsty, je to tak, ne? A řešíte jen nějakou mrtvolu. To nemáte kolem sebe nějakého nápadníka?“";"PONECHAT";"Klíčová, kruté manipulativní přesměrování - redukuje Tomáše na ""nějakou mrtvolu"" a tlačí ji k novému vztahu, definitivní vrchol jeho kontroly nad jejím životem, nesahat."
"VII";"Klára se na Garniera podívala.";"PONECHAT";"Krátké, mlčenlivé gesto, dobrá pauza před jejím zoufalým vyhověním."
"VII";"„Já už teď moc nikam nechodím, ale jedna kolegyně má bratrance. Trochu menší, myslím, že je i o něco mladší, takový tichý, ale je celkem roztomilý a myslím, že nikoho nemá. Za pokus by snad stál.“";"PONECHAT";"Smutná, rezignovaná odpověď - ukazuje, jak snadno se nechá manipulovat k odklonu od Tomáše, silné a tragické."
"VII";"Garnier tleskl rukama.";"PONECHAT";"Krátké, groteskně nadšené gesto."
"VII";"„Tak to vidíte, stačí se jen dívat a je to.“";"PONECHAT";"Funkční, samolibé zakončení jeho manipulace."
"VII";"Doktor začal zapisovat něco do papírů položených na stole, jako by tam Klára vůbec nebyla, jako by vůbec ani nepřišla, jako by snad žádný Tom s Cotardovým syndromem nikdy neexistoval.";"PONECHAT";"Silná, mrazivá gradace tří srovnání (nepřítomnost/nepřítomnost/neexistence) - naznačuje, že Garnier už oba ""vymazal"" ze své pozornosti, funguje jako předzvěst finálního rozhodnutí, nesahat."
"VII";"Po několika minutách se Klára troufla ho vyrušit: „Tak snad něco s ním musíme udělat.“";"PONECHAT";"Funkční, poslední pokus zachránit Tomáše."
"VII";"„Jistě, pracuju na tom. Jen to tady vyplním. Vy mi to podepíšete a do zítra máme po starostech.“";"PONECHAT";"KLÍČOVÁ, mrazivá věta - eufemismus ""po starostech"" naznačuje definitivní, možná smrtelné řešení. Vrchol napětí kapitoly, nesahat."
"VII";"„Co prosím? Jak to myslíte?“";"PONECHAT";"Funkční, šokovaná reakce."
"VII";"„Že mi to tady podepíšete, my všechno zařídíme, vy si zajdete na rande s bratrancem vaší kolegyně nebo s někým jiným, to už je na vás. Někdo se určitě najde, stačí se jen dívat a my už se neuvidíme.“";"PONECHAT";"Chladně věcné, děsivé shrnutí plánu - definitivně odděluje Kláru od Tomáše, klíčová věta."
"VII";"„Ale co bude s Tomem?“ Vykřikla tak, až se lekla svého hlasu, když doktor Garnier řekl, co bude s Tomem – přitom to bylo jen jedno slovo.";"PONECHAT";"NEJSILNĚJŠÍ možné zakončení kapitoly - vypravěč záměrně zatají Garnierovu odpověď (""jen jedno slovo""), čtenáři nechá nejděsivější možnou domýšlivost. Vrcholný cliffhanger celé knihy, nesahat ani slovo."
"VIII";"Jsou děti, které zvládnou psát nápadité povídky a nejde jim moc fyzika.";"PONECHAT";"Dobrý, rytmický úvod anaforou (""jsou děti, které...""), funguje jako otevření kapitoly z pohledu učitelky."
"VIII";"Jsou děti, které umí hrát fotbal, trénují čtyřikrát týdně a do dospělosti si odnesou dobrý základ pro štíhlou postavu v pozdějších letech.";"UPRAVIT";"""Dobrý základ pro štíhlou postavu v pozdějších letech"" je zbytečně vysvětlující/klinická formulace za jednodušší myšlenku - zvážit zkrácení."
"VIII";"Jsou děti, které nechápou záporná čísla, a pak jdou na gympl.";"PONECHAT";"Ironická pointa anaforické trojice, dobrý černý humor učitelské praxe."
"VIII";"Klára projela zbytek písemky jen letmě.";"PONECHAT";"Funkční, návaznost na motiv lajdáctví z kap. III."
"VIII";"V pravém dolním rohu se podepsala a jedním tahem, doprostřed listu, napsala velkou pětku.";"PONECHAT";"Konkrétní, přesný obraz - dobré tempo, uzavírá odstavec akcí."
"VIII";"Někteří rodiče nemají soudnost.";"PONECHAT";"Krátký, úsečný úvod k satirické odbočce."
"VIII";"Každý inženýr ze Škodovky si myslí, že z jeho spratka vyroste génius, když se s ním od tří let bude učit programovat ve FORTRANU, mluvit německy nebo ho bude nutit číst Dostojevského.";"PONECHAT";"Konkrétní, přesná sociální satira, dobrý výčet."
"VIII";"Horší je, že zájem pomine, po páté třídě je strčí na gympl a čekají u poštovních schránek svých bungalovů financovaných třicetiletou hypotékou na dopis o přijetí na Harvard s plným stipendiem.";"PONECHAT";"""Třicetiletou hypotékou"" - přímý odkaz na titulní motiv celé sbírky (Nuda, Hypotéky, Fašismus), důležitá tematická kotva, nesahat."
"VIII";"Jedna taková panička ze sídliště ji dostala na kobereček do ředitelny, okamžitě poté, co paničce na poslední třídní schůzce doporučila dát svého malého génia na učňák.";"PONECHAT";"Funkční, zavádí následující odbočku o slově ""učňák""."
"VIII";"Učňák, to nejsprostější z nejsprostějších slovíček.";"PONECHAT";"Dobrý ironický nadsazený úvod, funguje."
"VIII";"Odvážnější učitelé si ho šeptali se zakrytou pusou, když si potřebovali ulevit, hlavně v období maturit.";"PONECHAT";"Konkrétní, vtipný obraz společenského tabu."
"VIII";"Opravdoví mazáci ho vykřikli, klidně před svou třídou, ale jen Klára byla natolik odvážná, nebo spíš hloupá, že ho řekla před rodičem ve spojitosti s jeho dítětem.";"PONECHAT";"Funkční, dobrá gradace."
"VIII";"Co si však měla počít?";"PONECHAT";"Krátká, řečnická otázka, dobré tempo."
"VIII";"Slovíčko se jí stále častěji objevovalo v asociacích na její studenty a postupně ztrácelo na své vulgárnosti tak rychle, až se jí to slovo začalo líbit.";"PONECHAT";"Funkční, ukazuje její postupné znecitlivění/cynismus."
"VIII";"Dala by všem Scio testy a každý, kdo by se nedostal nad padesát procent, šup s ním na učňák!";"PONECHAT";"Silná, provokativní fantazie, dobrá satira meritokracie."
"VIII";"Podívala se na poškrábanou stěnu v kuchyni – potřebujeme více zedníků a méně pojišťováků.";"PONECHAT";"Ostrá, aforistická pointa - přímo se týká i Tomášovy profese, ironicky sebereferenční, nesahat."
"VIII";"Pomalu pokrčila nohu, kterou měla doposud položenou na židli, v koleni a bylo jí hned jasné, že je něco špatně.";"PONECHAT";"Funkční, zavádí klíčovou pasáž o bolesti nohou."
"VIII";"Pomalu, a přesto odvážně, se nohou dotkla podlahy a pak na ni přesunula celou váhu.";"UPRAVIT";"""Pomalu"" se opakuje dvakrát v jedné větě (na začátku i implicitně v tempu) - zvážit variaci."
"VIII";"Bolest jí vystřelila od klenby přes páteř až do lopatek.";"PONECHAT";"Konkrétní, tělesně přesný popis, silné."
"VIII";"Lekla se.";"PONECHAT";"Krátké, funkční."
"VIII";"Hlubokým dýcháním se pokoušela dostat do meditativního stavu, ve kterém by byla schopna se smířit s bolestí, když už ji nemůže potlačit.";"PONECHAT";"Funkční, ukazuje míru chronické bolesti."
"VIII";"Stoupla si i na druhou nohu, nebylo to tak hrozné jako první krok.";"PONECHAT";"Funkční, konkrétní."
"VIII";"Nikdy předtím si nevšimla, jak jsou vchodové dveře daleko z kuchyně.";"PONECHAT";"Funkční, silný subjektivní posun vnímání prostoru skrz bolest."
"VIII";"Když se nastěhovali, byly to čtyři metry, jen devět krůčků.";"PONECHAT";"Konkrétní, funkční kontrast."
"VIII";"Teď to bylo devět strašlivých kroků!";"PONECHAT";"Silná, krátká věta - stejná vzdálenost, zcela jiný prožitek, funguje jako pointa předchozí věty."
"VIII";"Okno však měla na dosah ruky a dva kroky.";"PONECHAT";"Funkční, kontrast vzdáleností."
"VIII";"Udělala dva kroky směrem k oknu, chytla kliku a zatáhla.";"PONECHAT";"Funkční, konkrétní akce."
"VIII";"Klika se zasekla.";"PONECHAT";"Krátké, gradující napětí."
"VIII";"Klára se do ní opřela silou, která vycházela ze stehenních a lýtkových svalů.";"UPRAVIT";"""Stehenních a lýtkových"" je zbytečně anatomicky přesné - zjednodušit na ""opřela se celou silou nohou""."
"VIII";"Málem se skácela.";"PONECHAT";"Krátké, silné."
"VIII";"Jako by bez jejího vědomí bolest povolila svaly v nohou, a kdyby se nechytla parapetu, spadla by.";"PONECHAT";"Funkční, konkrétní tělesný detail."
"VIII";"Ztracený a hlavně zbytečný boj.";"PONECHAT";"Krátká, hořká pointa - vzdává se otevření okna."
"VIII";"Dobelhala se na židli, hodila si nohy nahoru a z kapsy vytáhla krabičku s léky na bolest.";"PONECHAT";"Odkaz na opakované gesto nohou na nábytku - konzistentní motiv."
"VIII";"Koupila je odpoledne v trafice i se zapalovačem.";"PONECHAT";"Funkční, konkrétní detail."
"VIII";"Zapomněla si jen obstarat popelník, ale dlážděná podlaha se už v minulosti pro stejný účel osvědčila.";"PONECHAT";"Dobrý, ledabylý detail zanedbanosti domácnosti, funguje jako černý humor."
"VIII";"Přestože nás Bůh nenávidí, každé lidské utrpení kompenzoval jedním benefitem.";"PONECHAT";"Silná, aforistická teze - odkaz na motiv Boha napříč knihou, nesahat."
"VIII";"V případě trpících bolestí to je radost z úlevy.";"PONECHAT";"Funkční rozvinutí teze."
"VIII";"Klára tak poznala prostou radost z chůze.";"PONECHAT";"Krátké, funkční."
"VIII";"Od doby, kdy se nemohla bolestí nadechnout, jako by začala nový život, snad prošla reinkarnací.";"PONECHAT";"Silná, mírně přehnaná (ironicky) metafora, funguje jako přechod k následující náboženské odbočce."
"VIII";"Až do 19. století existoval v Indii rituál zvaný satí, při němž byly vdovy upáleny na pohřební hranici svého manžela.";"PONECHAT";"Konkrétní, věcný historický fakt, zavádí temně ironickou fantazii."
"VIII";"Možná, že celý dům vzplál od cigarety, Klára uhořela a ti nahoře zapomněli, že nebyla s Tomem sezdána, a tak se vykoupila a dostala se do nirvány.";"PONECHAT";"Absurdní, černě komická fantazie o vlastní smrti/spáse - dobrá ukázka jejího vyčerpání a černého humoru."
"VIII";"V nirváně totiž nebolí nohy.";"PONECHAT";"Krátká, hořce ironická pointa, silné."
"VIII";"Jenže tam studenti gymnázia umí používat diskriminant.";"PONECHAT";"Absurdní, komická antiklimaktická pointa (nirvána zkažená studenty, co umí matematiku) - dobrý, nečekaný černý humor, nesahat."
"VIII";"Zdálo se jí o nepříjemném zvuku, který se ji snažil zlomyslně probudit, pokusila se ho ignorovat a pokračovat ve spaní.";"PONECHAT";"Funkční, zavádí přechod ke scéně zvonění."
"VIII";"Když ho slyšela podruhé, došlo jí, že spí v kuchyni s hlavou na stole a měla by se zvednout.";"PONECHAT";"Funkční, konkrétní detail vyčerpání."
"VIII";"Potřetí si všimla, že onen zvuk je zvonek a měla by na něj reagovat.";"PONECHAT";"Funkční, dobrá gradace (třikrát než zareaguje) ukazuje míru její otupělosti."
"VIII";"Na další zvonění nečekala, stoupla si na nohu a ta ji rozbolela.";"PONECHAT";"Funkční, návrat motivu bolesti."
"VIII";"Při otevření dveří si jako první všimla dvou pistolí schovaných v pouzdrech u pasu jako doplňků k policejní uniformě.";"PONECHAT";"Klíčová věta - přímo odpovídá scéně z konce kap. I, teď z Klářiny perspektivy, mimořádně důležitá stavební linka mezi kapitolami, nesahat."
"VIII";"„Slečna...?“";"PONECHAT";"Doslovně shodné s kap. I - potvrzuje, že jde o tutéž scénu vyprávěnou znovu z jiné perspektivy."
"VIII";"Druhý strážník významně zachrchlal.";"OVĚŘIT";"V kap. I stejná scéna popisuje ""významné zakašlání"" strážníka, zde ""zachrchlal"" - drobná odchylka ve slovese, buď záměrný detail (paměť/vyprávění se mírně liší), nebo drift - ověřit konzistenci."
"VIII";"„Pardon, paní Klára Vondrušková?“";"PONECHAT";"Doslovná shoda s kap. I."
"VIII";"„Ano, to jsem. Co potřebujete? Stalo se něco?“";"PONECHAT";"Funkční."
"VIII";"Myslela na Tomáše.";"PONECHAT";"Krátká, tichá věta - ukazuje, že její první myšlenka patří jemu, důležitý citový detail."
"VIII";"„Vemte si něco na sebe. Pojedete s námi.“";"PONECHAT";"Doslovná shoda s kap. I."
"VIII";"„Ale proč?“";"PONECHAT";"Funkční."
"VIII";"„Venku je zima a vy jste na lehko.“";"PONECHAT";"Doslovná shoda s kap. I."
"VIII";"„Proč mám jet s vámi?“";"PONECHAT";"Funkční."
"VIII";"Policista, který mluvil, se podíval na svého kolegu a ten pokynul.";"PONECHAT";"Funkční, konzistentní s kap. I."
"VIII";"„Jde o vašeho muže, myslíme, že to je on.“";"PONECHAT";"Funkční, zavádí identifikaci."
"VIII";"„A co s ním je?“";"PONECHAT";"Funkční."
"VIII";"„No, zkrátka…“";"PONECHAT";"Funkční, přerušená věta."
"VIII";"„Potřebujeme vás k identifikaci těla.“";"PONECHAT";"Klíčová, drtivá věta, konzistentní s kap. I."
"VIII";"„Stihnu ještě cigaretu?“";"PONECHAT";"Mrazivě klidná reakce na drtivou zprávu - dobrá charakterizace její otupělosti/závislosti, silné."
"VIII";"…";"PONECHAT";"Typografický předěl, funkční."
"VIII";"Klára ho poznala při vstupu do místnosti, podle kostkované košile a tmavých riflí.";"PONECHAT";"Konkrétní, funkční identifikační detaily."
"VIII";"Oblečení měl zablácené, ruce a obličej zas úplně od krve.";"PONECHAT";"Silný, znepokojivý vizuální detail, dobré vygradování napětí."
"VIII";"„Toma znám a vás taky. Zavolali jsme vás jen jako formalitu.“";"PONECHAT";"Funkční, zavádí postavu koronera/doktora."
"VIII";"Muž v bílém plášti byl o hlavu menší než Klára, obličej měl spíše scvrklý než běžně vrásčitý.";"PONECHAT";"Konkrétní, nezvyklý fyzický popis - odlišný od Garnierova ""golemovského"" vzezření, dobrý kontrast postav."
"VIII";"Nelíbil se jí.";"PONECHAT";"Krátká, přímá reakce, funguje."
"VIII";"„Je to on.“";"PONECHAT";"Krátké, funkční."
"VIII";"„Je mi to jasné.“";"PONECHAT";"Funkční, mírně záhadná reakce."
"VIII";"„Co s ním uděláme?“";"PONECHAT";"Funkční, zavádí hlavní téma kapitoly."
"VIII";"„Nezajímá vás, co se stalo?“ podivil se škaredý muž v plášti.";"PONECHAT";"Funkční, ukazuje jeho překvapení nad její otupělostí."
"VIII";"„Hm, nevím. Možná. Můžu si zajít na cígo?“";"PONECHAT";"Funkční, hovorové, konzistentní charakterizace."
"VIII";"„Můžeme jít ke mně do kanceláře. Normálně tam kouřím a mám tam gauč. Všiml jsem si, jak našlapujete. Můžete se tam natáhnout a v klidu si zapálit.“";"PONECHAT";"Dobrý kontrast k Garnierovým manipulativním gestům - tenhle muž skutečně reaguje na její bolest s empatií, funguje jako charakterizační protipól."
"VIII";"Koroner se jí začal zamlouvat.";"PONECHAT";"Krátké, funkční, zavádí následující sblížení."
"VIII";"Klára vplula do pohovky a muž v plášti si vzal židli určenou pro pacienty a přisunul si ji k pohovce.";"PONECHAT";"Funkční, konkrétní gesto blízkosti."
"VIII";"Kláře zapálil cigaretu, dříve než sobě.";"PONECHAT";"Dobrý, jemný detail zdvořilosti - kontrastuje s Garnierovou kontrolou cigaret v kap. VII."
"VIII";"„Mohla bych ho odvést domů. Vykopal si ve sklepě hrob. Vlastně dva, druhý pro mě. Nevím, možná si do něj sama vlezu.“";"PONECHAT";"Šokující, otevřené přiznání sebevražedných myšlenek - klíčová věta, nesahat."
"VIII";"„Kláro, to nedělejte. Není všem dnům konec. Jste ještě strašně mladá. Máte před sebou celý život.“";"PONECHAT";"Funkční, upřímná lidská reakce - dobrý kontrast ke Garnierově manipulaci."
"VIII";"„Já vím, já vím.“";"PONECHAT";"Funkční, únavné opakování."
"VIII";"„Přece nebudete takhle blbnout kvůli jedné mrtvole.“";"UPRAVIT";"Trochu drsná formulace vzhledem k předchozí empatii postavy - možná záměrný kontrast (i empatický muž ji nakonec bagatelizuje), ponechat jako charakterizační detail."
"VIII";"„No, dobře, ale co s ním? Je tohle vážně konec?“";"PONECHAT";"Funkční."
"VIII";"„Obávám se, že ano.“";"PONECHAT";"Krátké, funkční."
"VIII";"Na Kláru to všechno dolehlo.";"PONECHAT";"Funkční přechod k emočnímu zlomu."
"VIII";"Oči měla vlhké, už nějakou dobu, ale teď začala k tomu i vzlykat.";"PONECHAT";"Funkční, gradace emoce."
"VIII";"„Řeknete mi, co se vlastně stalo?“";"PONECHAT";"Funkční, zavádí následující vysvětlení."
"VIII";"„Jistě. Přivedla ho odchytová služba. Někdo anonymní zavolal na policii, že viděl, jak agresivní zvíře něco ožírá.“";"PONECHAT";"KLÍČOVÁ věta - poprvé v této perspektivě je Tomáš popsán jako doslova skutečné, fyzické ""zvíře"" hlášené třetí stranou, ne jen jako produkt Klářiny/Tomášovy subjektivní percepce. Důležité pro interpretaci celé knihy - naznačuje, že jeho ""zvířecí"" chování je objektivně pozorovatelná realita, ne jen metafora, nesahat."
"VIII";"„Proboha,“ zhrozila se.";"PONECHAT";"Funkční."
"VIII";"„To rozhodně. Toulal se jen kousek od vašeho domu. Odchytová služba se ho s policií snažila uklidnit, komunikovali s ním, když jim došlo, že nereaguje, pokusili se ho chytit do smyčky, jenže se vysmekl a napadl je. Neměli na výběr a museli vystřelit.“";"PONECHAT";"Konkrétní, věcný popis - dobrá, mrazivá byrokratická preciznost líčení násilné události, funguje."
"VIII";"„Něco ožírat?“";"PONECHAT";"Funkční, opakuje klíčové slovo z předchozí repliky."
"VIII";"„Ano, víte, když přijeli, viděli ho, jak je skrčený a zády k nim, jako by tam něco žral. Hned co to skončilo, šli se tam podívat a našli ho tam.“";"PONECHAT";"Funkční, buduje napětí před odhalením."
"VIII";"„Koho?“ zeptala se nervózně, bylo pozdě v noci, byla unavená a vzpomněla si, že si nepřipravila podklady na výklad Coulombových zákonů na zítřejší hodinu fyziky.";"PONECHAT";"Silný, groteskní kontrast - uprostřed hororové zprávy o Tomášovi jí hlavou probleskne banální pracovní starost, dobrá charakterizace disociace/vyčerpání, nesahat."
"VIII";"„Jezevčíka, malého nevinného jezevčíka. Jako šelma z lesa ho chytil ve křoví a zaživa se mu zakousl do kožichu. Ten zuby serval a šlo mu to těžko, má jeden zub čerstvě vylomený.";"PONECHAT";"Odpovídá detailům z verze, kterou Tomáš vyprávěl v kap. V, teď potvrzeno jako objektivní fakt třetí stranou - klíčové pro vyjasnění nespolehlivého vyprávění, nesahat."
"VIII";"Zuby pojišťováka nejsou stvořeny k pojídání malých psíků, na to jsou stvořeny zuby zvířat.";"PONECHAT";"Absurdně věcná, téměř vědecká formulace hororové situace - dobrý černý humor skrze kontrast rejstříku."
"VIII";"Obávám se, že jsme ho plně ztratili.“";"PONECHAT";"Echo Garnierovy fráze z kap. VII (""jsme ho nadobro ztratili"") - potvrzuje, že různí lékaři/postavy opakují stejné fráze, dobrá, znepokojivá konzistence napříč postavami."
"VIII";"„Koho jsme ztratili?“ Klára leknutím vykřikla.";"PONECHAT";"Funkční, dramatický zvrat."
"VIII";"Ve dveřích stál dezorientovaný a zmatený Tomáš.";"PONECHAT";"KLÍČOVÝ zvrat kapitoly - Tomáš je živý, stojí ve dveřích, ne mrtvý. Definitivně mění vyznění celé scény, mimořádně důležité."
"VIII";"Možná nevěděl, kde je, ale chtěl znát kontext debaty v místnosti.";"PONECHAT";"Dobrý, mírně komický detail jeho zmatené, ale zvědavé přítomnosti."
"VIII";"„Fuj, tys mě vylekal. To neumíš zaklepat?“";"PONECHAT";"Groteskně banální reakce po předchozí drtivé zprávě o jeho ""smrti"" - dobrý černý humor, funguje jako anticlimax."
"VIII";"„Promiň.“";"PONECHAT";"Krátké, funkční."
"VIII";"„Hele, vrať se do čekárny. Já tady s koronerem ještě něco řeším.“";"PONECHAT";"Funkční, ukazuje jak rychle Klára přechází zpět do rutinní/panovačné role vůči němu."
"VIII";"„Já nejsem koroner.“";"PONECHAT";"Krátké, komická korekce - konzistentní s předchozím ""muž v plášti"", jehož profese zůstává nejasná."
"VIII";"Klára byla moc unavená, aby rozlišovala mezi koronerem a doktorem.";"PONECHAT";"Funkční, dobrý detail vyčerpání."
"VIII";"„Jo a toho jezevčíka, o tom si ještě promluvíme, to bylo tak strašně hnusný, co jsi udělal,“ vynadala Klára Tomovi.";"PONECHAT";"Groteskní - trestá ho jako dítě/psa za jeho ""provinění"", konzistentní se zvířecím rámcem."
"VIII";"Ten nebyl ještě úplně při smyslech, neměl nejmenší zájem, aby na něj Klára křičela, tak jen mávnul rukou a odklidil se.";"PONECHAT";"Funkční, konkrétní gesto."
"VIII";"„Panenko Maria, jsem se lekla. To je takovej debil. Nečekala jsem, že se tak rychle probudí. Jak dlouho má působit uspávadlo? Vím, že když strejda uspával šipkami býky, spali pak do dvou odpoledne.“";"PONECHAT";"Odkaz na uspávací pušku z kap. V, konzistentní detail, dobré prolnutí verzí."
"VIII";"„To používal asi jiné šipky než odchytová služba. Městští odchytávači většinou uspávají mývaly a středně velké psy. Tomáš je kus chlapa, je skoro zázrak, že ho to uspalo.“";"PONECHAT";"Absurdně věcná, odborně znějící poznámka o dávkování na člověka jako na zvíře - dobrý, znepokojivý černý humor."
"VIII";"„Mohl jste mě varovat. Každopádně, co s ním uděláme?“";"PONECHAT";"Funkční, vrací se k hlavní otázce."
"VIII";"Klára se natáhla na gauči a požádala muže v plášti o cigaretu.";"PONECHAT";"Funkční gesto."
"VIII";"Ten jí podal už zapálenou cigaretu připálenou od své.";"PONECHAT";"Intimní, jemné gesto, dobrý kontrast k předchozím scénám s Garnierem."
"VIII";"Klára si všimla, že je to vlastně docela miláček.";"PONECHAT";"Krátká, funkční, ukazuje její rostoucí náklonnost."
"VIII";"„Tak to vidíte, pane doktore.“";"PONECHAT";"Funkční."
"VIII";"„Nejsem doktor.“";"PONECHAT";"Krátké, opakovaná komická korekce."
"VIII";"„Tak to vidíte, jak já musím fungovat? Vy mi tu říkáte, že nemám důvod si něco udělat, že nemám důvod si lehnout do jednoho z těch hrobů, co vykopal ve sklepě. Víte, jaké to je žít s takovou mrtvolou, s takovým dobytkem?“";"PONECHAT";"Klíčová, zoufalá věta - ""dobytkem"" definitivně potvrzuje zvířecí/odlidšťující rámec i z jejích vlastních úst, nesahat."
"VIII";"Muž v plášti si všiml, že jí zvlhly oči.";"PONECHAT";"Funkční, empatické gesto všímavosti."
"VIII";"Podal jí krabici s kapesníky.";"PONECHAT";"Konkrétní, laskavé gesto - dobrý kontrast k Garnierovu chladu."
"VIII";"„Chcete udělat čaj? Na kávu je už asi pozdě, ale jestli byste chtěla, tak ji udělám…“";"PONECHAT";"Funkční, pokračuje jeho péči/pohostinnost."
"VIII";"„Ne, děkuji.“";"PONECHAT";"Krátké, funkční."
"VIII";"Všimla si, že se jí z bot na pohovku odlepily kousky bláta.";"PONECHAT";"Konkrétní, funkční detail."
"VIII";"Po dlouhé době se zastyděla za svoje chování.";"PONECHAT";"Silná, tichá věta - kontrastuje s jejím jinak otupělým chováním, ukazuje, že tento muž v ní probouzí něco, co Garnier ne."
"VIII";"„Jak dlouho spolu jste?“";"PONECHAT";"Funkční, přátelský rozhovor."
"VIII";"„Dlouho, vlastně je to můj první opravdový vztah, když nebudu počítat štěněčí lásky ze střední.“";"PONECHAT";"Funkční, ""štěněčí lásky"" pokračuje zvířecí vokabulář i v nevinném kontextu, dobrý detail konzistence jazyka."
"VIII";"„Tomu rozumím, nedovedete si představit, že byste byla s někým jiným. Spoléháte se na jednoho člověka, důvěřujete mu, naplánujete si zbytek života, pak se něco stane a vy si uvědomíte, jak křehký je lidský život.“";"PONECHAT";"Funkční, empatická, přemýšlivá reakce."
"VIII";"„Křehký jako ten jezevčík.“";"PONECHAT";"Temný, sebe-uvědomělý černý humor - Klára sama spojuje lidskou křehkost s mrtvým psem, nesahat."
"VIII";"Klára chtěla černým humorem odlehčit situaci, ale spíš se jí udělalo nevolno.";"PONECHAT";"Funkční, ukazuje, že si uvědomuje nevhodnost vlastního žertu."
"VIII";"„Raději o tom nemluvte, zkuste zapomenout,“ řekl muž v plášti.";"PONECHAT";"Funkční, laskavá reakce."
"VIII";"„Máte rád psy?“";"PONECHAT";"Funkční, zavádí odbočku."
"VIII";"„Miluju je. Možná víc než lidi.“";"PONECHAT";"Funkční, mírně znepokojivé (vzhledem ke kontextu) přiznání, dobrá ironie."
"VIII";"„To chápu,“ řekla Klára.";"PONECHAT";"Krátké, funkční - i ona teď ""miluje"" Tomáše jako psa."
"VIII";"Muž v plášti se rozpovídal o zlatém retrívrovi, který mu před lety zemřel přirozenou smrtí, a o tom, že by si chtěl pořídit menšího psa do bytu.";"PONECHAT";"Funkční, humanizující detail postavy."
"VIII";"Klára ho s chutí opravovala – menší plemeno neznamená, že bude lepší do bytu.";"PONECHAT";"Funkční, ukazuje její skutečné znalosti o psech (ironicky relevantní vzhledem k Tomášovi)."
"VIII";"Takový kokršpaněl je lovecké plemeno a na malém prostoru trpí";"PONECHAT";"Funkční pokračování odborného výkladu."
"VIII";"jezevčík zase potřebuje zaměstnat hlavu a honit po zahradě další psy.";"PONECHAT";"Odkaz na jezevčíka - teď v nevinném, informativním kontextu, hořce ironický kontrast k jeho násilné smrti výše."
"VIII";"Chvíli se přátelsky přeli o venčení a o zahradách a Kláru napadlo, jestli je svobodný.";"PONECHAT";"Funkční, zavádí náznak možné budoucí náklonnosti - důležitý paralelní motiv k Garnierovu tlaku na rande s někým jiným."
"VIII";"…";"PONECHAT";"Typografický předěl, funkční."
"VIII";"Muž v plášti nabídl Kláře, že ji odveze domů i s Tomášem.";"PONECHAT";"Funkční, laskavé gesto."
"VIII";"Požádala ho jen o naložení do auta, nebylo to třeba.";"PONECHAT";"Funkční."
"VIII";"Tomáš se na policejní stanici probral a do auta nastoupil jako normální dospělý chlap a seniorní pojišťovací agent, a ne jako zvíře z lesa.";"PONECHAT";"Klíčová věta - explicitně kontrastuje dva stavy (člověk vs. zvíře), potvrzuje kolísání mezi nimi jako centrální motiv jeho postavy, nesahat."
"VIII";"Cestou domů panovalo naprosté ticho, přestože si Tomáš nemohl pamatovat, co se stalo.";"PONECHAT";"Funkční, dobrá tichá atmosféra."
"VIII";"Nemohla se dívat na jeho zakrvácenou hubu, neměl ani tu slušnost si to otřít.";"PONECHAT";"""Hubu"" pokračuje zvířecí slovník, groteskní detail lhostejnosti/otrávenosti, funguje."
"VIII";"Doma se pak strašně pohádali, Tomáš si samozřejmě nic nepamatoval a vytáhl vlastní verzi příběhu.";"PONECHAT";"Funkční, potvrzuje existenci Tomášovy vlastní (odlišné) verze událostí."
"VIII";"Klára měla toho opravdu po krk a poslední, co chtěla slyšet, byla ta kravina o vymyšleném syndromu.";"PONECHAT";"Klíčová věta - Klára sama pochybuje o pravdivosti diagnózy (""vymyšleném syndromu""), důležitý náznak jasnozřivosti navzdory Garnierově manipulaci."
"VIII";"Dřív ho trestala fyzicky jen opravdu nerada, a to v krajních situacích.";"PONECHAT";"Funkční, důležitá informace o eskalaci."
"VIII";"Toho večera chtěla poprvé Tomovi fyzicky ublížit.";"PONECHAT";"Silná, znepokojivá věta - ukazuje eskalaci jejího vlastního vyčerpání/agrese, nesahat."
"VIII";"Ovládla se však a poslala Toma spát do sklepa.";"PONECHAT";"Funkční, ukazuje, že se stále dokáže ovládnout."
"VIII";"Hádce ustoupil, vzal si lopatu.";"PONECHAT";"Funkční, konkrétní."
"VIII";"Klára mu nabídla rýč s tím, že mu to s ním půjde lépe, Tomáš ji ignoroval.";"PONECHAT";"Funkční, malý detail zachovávající jejich napjatou dynamiku."
"VIII";"Klára měla na vyspání jen pár hodin, i ty probděla, vstala rozlámaná a malátná.";"PONECHAT";"Funkční, ukazuje vyčerpání."
"VIII";"Byla si však jistá jako nikdy předtím, zavolala Garnierovi a řekla mu, že to podepíše.";"PONECHAT";"KLÍČOVÁ věta - zavádí rozhodnutí, které se v závěru kapitoly (odst. 90) nakonec nenaplní. Důležitý dramatický oblouk, nesahat."
"VIII";"* * *";"PONECHAT";"Typografický scénický předěl, funkční."
"VIII";"Klára se na schůzku s doktorem Garnierem vůbec netěšila.";"PONECHAT";"Funkční přechod."
"VIII";"Minule ji svým návrhem vyděsil natolik, že raději utekla s chabou výmluvou, že si to musí rozmyslet.";"PONECHAT";"Funkční, vysvětluje časovou mezeru mezi kapitolami VII a VIII."
"VIII";"Tolik se za sebe styděla.";"PONECHAT";"Krátké, silné - ukazuje internalizovaný stud."
"VIII";"Nikdy se nedokázala pro nic rozhodnout, raději hnít na místě, než se jednou odvážit udělat něco, co má koule, a jednou myslet na sebe, ale copak to šlo?";"PONECHAT";"Silná sebekritika, vulgární ""co má koule"" dobře nese její frustraci sama se sebou."
"VIII";"No, asi šlo, stačil jeden podpis a měla by klid, doktor a ostatní příslušníci ústavu by se o vše postarali a Klára by mezitím už mohla být s někým na rande, nebo by jen mohla odpočívat.";"PONECHAT";"Funkční, ukazuje, jak si racionalizuje eutanazii jako cestu k vlastnímu osobnímu štěstí."
"VIII";"Tak zoufale potřebovala odpočinek od toho nánosu hnědého svinstva, ve kterém se poslední rok brodila, jak by to nazval Tomáš, hnědý úděl bytí.";"PONECHAT";"Motiv ""hnědého údělu"" se vrací naposledy explicitně pojmenovaný - důležité shrnutí tohoto opakovaného refrénu, nesahat."
"VIII";"A teď měla řešení doslova na dosah ruky, tedy obou rukou.";"PONECHAT";"Funkční, dobrá slovní hříčka zavádějící následující scénu s propiskou a formulářem."
"VIII";"U pravé ruky na stole doktora Garniera byla položena propiska a u druhé formulář.";"PONECHAT";"Funkční, konkrétní zasazení scény."
"VIII";"Ale dalo by jí svědomí pokoj?";"PONECHAT";"Silná, tichá otázka, zavádí její vnitřní konflikt."
"VIII";"Věděla, že to je nesmysl, ale v těch temnějších chvílích, hlavně v noci, ji přepadaly výčitky svědomí, že to přece ona poslala Toma na nákup v dešti a tím nepřímo zapříčinila stav, ve kterém se Tom nachází, a to nejmenší, co mohla udělat, bylo se o něj až do smrti starat.";"PONECHAT";"Klíčová věta - odhaluje skutečný zdroj její viny (poslala ho tehdy pro mikrotenové sáčky, viz kap. V), silné a důležité."
"VIII";"Anebo ne?";"PONECHAT";"Krátká, otevřená otázka - dobrá nejistota uzavírající odstavec."
"VIII";"V pravačce držela propisku a čekala, že se snad podepíše za ni bez jejího vědomí.";"PONECHAT";"Silná, poetická věta o disociaci od vlastního rozhodnutí, nesahat."
"VIII";"Nervózně cvakala tužkou a prohlížela si její modrý hrot, ne že by se jí tak líbil, ale nedokázala se podívat na papíry položené po její levici, byť si je už dvakrát celé přečetla.";"PONECHAT";"Funkční, konkrétní úzkostné gesto vyhýbání se."
"VIII";"Stále ji tam strašilo to jedno slovo.";"PONECHAT";"Klíčová věta - odkaz na cliffhanger konce kap. VII (""jen jedno slovo""), definitivně propojuje kapitoly, nesahat."
"VIII";"Těch slov v hlavičce vlastně bylo šest: „Potvrzení o nucené eutanazii nesvéprávné osoby.“";"PONECHAT";"VRCHOLNÉ odhalení - konečně čtenář zjistí, co bylo tím zamlčeným slovem: eutanazie. Nejdůležitější informační zvrat celé knihy, definitivně vysvětluje veškerou předchozí hrůzu, nesahat ani slovo."
"VIII";"„Pane doktore, neměla bych nejdřív vyplnit spíš žádost o eutanazii a čekat pak na potvrzení příslušného úřadu?“";"PONECHAT";"Funkční, ukazuje její snahu zpomalit/oddálit proces."
"VIII";"„Ne, ne.“";"PONECHAT";"Krátké, funkční."
"VIII";"Jako obvykle se usmíval.";"PONECHAT";"Krátké, mrazivé gesto - úsměv u eutanazie."
"VIII";"„Žádost byste vyplňovala v případě, že by neměl posudek od tří lékařů o jeho nezpůsobilosti a zařazení do společnosti s nulovou šancí na vyléčení. Navíc jsme vám ještě dodali potvrzení, že je nebezpečný.“";"PONECHAT";"Byrokraticky mrazivý jazyk usnadňující zabití - dobrá, děsivá satira institucionálního násilí."
"VIII";"Narovnal si brýle.";"PONECHAT";"Krátké gesto."
"VIII";"„Stačí váš podpis a okamžitě vyrazí sanitka s policií. Ti ho odvezou do krajské nemocnice, tam dostane poslední vyšetření, hlavně na infekce a pohlavní nemoci. Naposled zkontrolují jeho zdravotní stav, aby nedošlo k pochybení při uspání, a večer dostane injekci.“";"PONECHAT";"Byrokraticky přesný, chladně klinický popis vraždy - vrcholně mrazivá pasáž, funguje přesně díky své věcné neosobnosti, nesahat."
"VIII";"„A jiná možnost není?“";"PONECHAT";"Funkční, poslední pokus najít alternativu."
"VIII";"„Už jsme to řešili,“ pronesl Garnier a protočil oči.";"PONECHAT";"""Protočil oči"" - drobné, ale výmluvné gesto netrpělivosti/pohrdání, dobrá charakterizace."
"VIII";"„Dřív se dávala lobotomie a někde ji snad ještě dávají, ale u takhle těžkého případu by to bylo jen na škodu. Stal by se vypatlanějším a nástup nemoci by to jen urychlilo.“";"PONECHAT";"Funkční, odkaz na možnost lobotomie z kap. V (kterou Tomáš sám podepsal) - důležitá provázanost."
"VIII";"„Mohla bych ho mít i nadále v domácí péči.“";"PONECHAT";"Funkční, poslední odpor."
"VIII";"„Ale Kláro, už jsme to řešili. To nikam nepovede. Jeho stav se bude zhoršovat, stane se agresivním, nejdřív vás bude napadat, pak bude napadat i sousedy a možná vás zabije. On sám upadne do těžké deprese, začne se řezat a pak se taky zabije, nebo se někde zraní při toulání, a pokud to přežijete, ztratíte stresem několik let života, zestárnete dvakrát tolik. To chcete?“";"PONECHAT";"Manipulativní katastrofický scénář - podobná technika jako v kap. III (komoda spadne na dítě), funguje jako konzistentní charakterizace jeho manipulativní rétoriky."
"VIII";"„Ale, vždyť je to všechno moje vina. Přece ho nenechám zabít.“";"PONECHAT";"Silná, přímá věta - poprvé explicitně pojmenovává eutanazii jako ""zabití"", odmítá eufemismus, klíčové."
"VIII";"„Částečně asi ano, ale to už je jedno. Nemůžete to vrátit, jen pokračovat. Znáte tramvajové dilema, ne? Buď rozhodnutím zabijete jednoho člověka, který už je stejně mrtvý, anebo nečinností zahubíte sebe a potenciál zplodit potomka. Získáte tím jen roky utrpení pro sebe a několik dalších lidí včetně Toma, a svědomí neuklidníte, spíš naopak se budete muset vypořádat s novými hříchy.“";"UPRAVIT";"Filozoficky sofistikovaná, ale manipulativní argumentace (falešná dichotomie) - funguje jako charakterizace Garnierovy rétorické obratnosti, i když věta je poměrně dlouhá a hutná, zvážit mírné zkrácení pro čtivost."
"VIII";"„A opravdu by se nenašla nějaká klec? Třeba někde v klášteře mezi duševně chorými. Klidně bych si to zaplatila. To nemůže tolik stát, ne?“";"PONECHAT";"""Klec"" opět zvířecí slovník. Odkaz na klášter jako alternativu (viz kap. V, prospekty) - ironicky, klášter nakonec potká JI samotnou v kap. XI/XII, ne Tomáše, silná dramatická ironie."
"VIII";"„A k čemu by to bylo? Ležel by po zbytek života v kleci a byl by úplně neužitečný. Takhle půjde rovnou na transplantaci orgánů. Seberou mu střeva, žlučník a dají je někomu jinému.“";"PONECHAT";"Mrazivě utilitární zdůvodnění, odkaz na žlučníkový motiv naposledy - jeho ""nemocný"" žlučník nakonec skončí v někom jiném, hořká ironie, nesahat."
"VIII";"Klára přehazovala nohu přes nohu.";"PONECHAT";"Funkční, tělesný detail nervozity."
"VIII";"Šíleně jí ztěžkly, ale v přítomnosti doktora Garniera by se neopovážila ani zeptat, jestli si je může dát nahoru.";"PONECHAT";"Silný kontrast k jejímu běžnému gestu (nohy na stole/nábytku) - v Garnierově přítomnosti ztrácí i tuhle drobnou svobodu, důležitý detail jeho kontroly nad ní."
"VIII";"„Víte, když jsem před třiceti lety byl na stáži v Alabamě – dnes už to bude taky jinak –, nikdo nebral na nemocné ani na blízké takové ohledy. Neexistoval tam žádný luxus v podobě injekcí, poslední prohlídky nebo transplantace. Když místní felčar rozhodl, že je nemocný pro okolí nebezpečný nebo se nehodí na práci, vzal jeho opatrovník pušku a odvedl ho za stodolu. Většinou za svítání, před snídaní ho oplakali a pak pokračovali na pole.“";"PONECHAT";"Mimořádně temná, historicky zakotvená narážka na eugenickou/segregační éru amerického Jihu (""Alabama"") - dodává celé fiktivní eutanazii reálný, děsivý historický kontext skutečného násilí páchaného na zranitelných lidech. Nejtemnější pasáž kapitoly, nesahat."
"VIII";"Klára se rozhodla, že přestane zadržovat slzy, ale i tak se úplně nerozbrečela, slzy jí jen začaly odkapávat na stůl a ucpal se jí nos.";"PONECHAT";"Konkrétní, tělesně přesný popis potlačovaného pláče, silné."
"VIII";"„Máte pravdu, pane doktore Garniere. Uděláme to.“";"PONECHAT";"Klíčová věta - zdánlivě definitivní kapitulace před Garnierovou manipulací, zavádí napětí před závěrečným zvratem."
"VIII";"„Výborně!“ Doktor Garnier zdvihl ruce.";"PONECHAT";"Znepokojivě nadšená reakce na souhlas se zabitím, dobrá charakterizace jeho bezcitnosti."
"VIII";"„Tamhle máte tužku, Kláro, a dělejte, jak sama uznáte za vhodné.“";"PONECHAT";"Falešně respektující formulace (""jak sama uznáte"") po celém procesu vydírání - ironická, funguje."
"VIII";"Klára si vzala propisku mezi prsty a hrála si s ní.";"PONECHAT";"Funkční, zavádí klíčovou závěrečnou scénu váhání."
"VIII";"Zmáčkla ji, hrot vyjel a zase zajel.";"PONECHAT";"Konkrétní, napjaté gesto odkládání rozhodnutí."
"VIII";"Pomalu vyjela hrotem a kontrolovaným stiskem tlačítka s hrotem ještě pomaleji zajela dovnitř propisky.";"PONECHAT";"Pomalé, precizní gesto - dobře simuluje její vnitřní boj, funguje jako napínavé zpomalení před rozuzlením."
"VIII";"Propisku položila tam, kde byla, a lejstro bez podpisu si Garnier vzal k sobě.";"PONECHAT";"NEJDŮLEŽITĚJŠÍ věta celé kapitoly - navzdory veškeré manipulaci a předchozímu slovnímu souhlasu Klára formulář nakonec NEPODEPÍŠE. Tichý, subtilní akt odporu/lásky, klíčový obrat celé knihy, nesahat ani slovo."
"VIII";"„Je to vaše rozhodnutí, nikdo to za vás udělat nemohl. Pokud pro mě už nic nemáte, můžete nadobro odejít.“";"PONECHAT";"Znepokojivě klidná reakce Garniera na nepodepsání - nejasné, zda si vůbec všiml, že nepodepsala, nebo mu to je lhostejné, dobrá nejednoznačnost."
"VIII";"Klára se rozzářila.";"PONECHAT";"Silný, důležitý detail - její úleva/radost, i když čtenáři není zcela jasné z čeho přesně (z nepodepsání, nebo z konce nepříjemného sezení?), dobrá otevřenost interpretace."
"VIII";"„Děkuju, pane doktore Garniere, že jste mi pomohl.“";"PONECHAT";"Ironická věta - děkuje mu, přestože ho fakticky neposlechla, funguje jako tichá, nevědomá vzpoura."
"VIII";"„Za málo.“";"PONECHAT";"Krátké, funkční uzavření."
"VIII";"Cestou po točitém schodišti Klára přemýšlela, kde mají zrovna vnitřnosti ve slevě.";"PONECHAT";"Poslední věta kapitoly - po tak vypjatém, existenciálním rozhodnutí se okamžitě vrací k banální domácí rutině péče o Tomáše. Dokonalý, hořce ironický kontrast vznešeného gesta lásky a všední reality péče, nejlepší možné zakončení kapitoly, nesahat."
"IX";"Kávovar začal dělat ten strašně nepříjemný zvuk mletí naprázdno.";"PONECHAT";"Konkrétní, smyslový detail, dobrý úvod do kancelářské rutiny."
"IX";"Tomáš se podíval do šuplíku nad kávovarem, kde obvykle bývá kilové balení arabiky.";"PONECHAT";"Funkční."
"IX";"Kromě talířů a cukříků tam nic nenašel.";"PONECHAT";"Funkční, banální detail zavádějící kontrast k následující tragické zprávě."
"IX";"„Už jsi o tom slyšel?“ bavila se Veronika s Patrikem před kredencem.";"PONECHAT";"Funkční, zavádí zprávu o Martinově smrti nepřímo, skrze zaslechnutý rozhovor - dobrá technika."
"IX";"„Jo, je to strašný.“";"PONECHAT";"Krátké, funkční."
"IX";"„Kolik mu bylo? 26, 27?“";"PONECHAT";"Mrazivě lhostejný detail - redukují tragédii na demografický údaj, dobrá charakterizace kancelářské otupělosti."
"IX";"„Tak nějak.“";"PONECHAT";"Krátké, funkční."
"IX";"Tomáš se odebral do kanceláře.";"PONECHAT";"Funkční."
"IX";"Nemohl to poslouchat.";"PONECHAT";"Krátké, silné - ukazuje jeho skutečný, hluboký smutek na rozdíl od kolegů."
"IX";"Nejdřív se Martin zabil a pak došlo kafe.";"PONECHAT";"Šokující, groteskní juxtapozice tragédie a banality - přesně v tónu černého humoru knihy, silná pointa odstavce, nesahat."
"IX";"Martinova sebevražda nebyl čin spáchaný v afektu, ale dlouho připravovaná jistota.";"PONECHAT";"Silný, vážný úvod - kontrastuje s předchozí groteskní větou, dobrý tonální zlom."
"IX";"Půl roku chodil po lese a hledal ten správný strom.";"PONECHAT";"Konkrétní, dojemně precizní detail - ukazuje hloubku jeho odhodlání."
"IX";"Zprvu se díval po těch hezkých.";"PONECHAT";"Funkční."
"IX";"Poslední, co chtěl vedle sebe mít, byl krásný kus přírody.";"PONECHAT";"Dojemná, poetická věta - jeho poslední estetická potřeba, silné."
"IX";"Díval se hlavně po těch starých, které podle něj měly v sobě duši.";"PONECHAT";"Funkční, prohlubuje jeho citlivost."
"IX";"V deníku si označoval polohy stromů a komentoval, jak se u nich cítí.";"PONECHAT";"Konkrétní, věrohodný detail, silně dojemný."
"IX";"Jeho rozhodnost zatěžoval další fakt, že si ke stromům začal vytvářet vlastní mytologii.";"PONECHAT";"Funkční přechod."
"IX";"Strom, na kterém by se oběsil, nemohl být jen tak obyčejný, ale strom s velkým „S“.";"PONECHAT";"Dobrý detail jeho hledání smyslu/posvátnosti i ve smrti."
"IX";"Chtěl po stromu, aby mu dal rozhřešení a poslední pomazání.";"PONECHAT";"Silná, náboženská metafora, dobře charakterizuje jeho hlubokou potřebu smyslu."
"IX";"Když to může dělat vysvěcený kněz, proč by ho nemohl zastoupit stoletý platan.";"PONECHAT";"Poetická, dojemná pointa odstavce - přímý odkaz na platan z kap. I/VII, definitivně potvrzuje, kde a jak zemřel, nesahat."
"IX";"Začátkem podzimu začal od své mytologie upouštět, rezignoval i na estetickou stránku stromu a díval se jen po pořádně silných větvích.";"PONECHAT";"Smutná, praktická degradace jeho ideálů pod tíhou zoufalství - silný, tichý obraz zhoršujícího se stavu, nesahat."
"IX";"Tomáš chvíli přemýšlel nad Martinovou sebevraždou a pak šel vyplnit hromadné povinné ručení pro dopravní společnost Kárský a.s.";"PONECHAT";"Mrazivý kontrast - smutek musí okamžitě ustoupit firemní rutině, silná, tichá pointa o necitlivosti pracovního prostředí."
"IX";"Domů se ten večer vrátil pozdě a střízlivý, což byla po takovém dni možná chyba.";"PONECHAT";"Funkční, ironická poznámka o sebemedikaci alkoholem."
"IX";"V domě bylo ticho, Klára už spala a Tomáš dlouho ležel naznak ve tmě";"PONECHAT";"Funkční, tichá atmosféra smutku."
"IX";"z obýváku slabě doznívalo cinkání rázostroje, který nikdo nerozhoupal.";"PONECHAT";"Poetický detail - houpačka dobíhá sama, bez impulzu zvenčí, dobrá metafora doznívajícího dne/smutku, nesahat."
"IX";"* * *";"PONECHAT";"Typografický scénický předěl."
"IX";"K snídani byla opět vydatná porce ovesné kaše.";"PONECHAT";"Funkční přechod do klášterní scény."
"IX";"Slanou hmotu pacientky nabíraly lžícemi z tvrzeného plastu, takže jídelnou nezněl žádný skřípot nerezových příborů o zuby – zvuk, který Kláru už od dětství dováděl k šílenství.";"PONECHAT";"Konkrétní, smyslový detail, dobrá charakterizace citlivosti."
"IX";"Tady pravidla fungovala jinak.";"PONECHAT";"Krátké, funkční."
"IX";"Žádná z žen si během jídla nedovolila ceknout, kýchnout anebo se neočekávaně pohnout.";"PONECHAT";"Funkční, buduje atmosféru útlaku."
"IX";"Celá jídelna byla pod přísným dohledem řeholních sester.";"PONECHAT";"Funkční."
"IX";"Fyzické tresty se tu sice nevykonávaly, ale za drobnější prohřešky, jako bylo vyrušování nebo mluvení v mlčenlivých hodinách, se dávalo klečení na hrachu.";"PONECHAT";"Odkaz na klečení na hrachu z Garnierova popisu v kap. V - potvrzuje shodu s klášterem popsaným dříve."
"IX";"Čas na trest si musely ukrajovat z osobního volna.";"PONECHAT";"Funkční, dobrý byrokraticky krutý detail."
"IX";"Klášter svaté Jany Aloisové měl navíc zákonnou výjimku pro délku směn – dvanáct hodin denně, šest dní v týdnu.";"PONECHAT";"Odkaz na název kláštera z kap. V, konzistentní."
"IX";"Práce zde patřila mezi základní léčebné metody.";"PONECHAT";"Funkční, eufemistický jazyk nucené práce."
"IX";"Klára se rozhlédla po jídelně.";"PONECHAT";"Funkční."
"IX";"Většina žen už seděla rovně s rukama v klíně.";"PONECHAT";"Konkrétní, disciplinovaný obraz."
"IX";"Klára si tu zatím vytvořila jediné pouto, a to s těžkou anorektičkou Anežkou Pokornou.";"PONECHAT";"Funkční, zavádí klíčovou postavu kapitoly."
"IX";"Do kláštera ji přivedli pozdě v noci.";"PONECHAT";"Funkční."
"IX";"Shodila ze sebe o dvě čísla větší mikinu a vypadala spíš jako bílá čára než jako člověk.";"PONECHAT";"Silný, hubený vizuální obraz, funguje."
"IX";"Jediné, co na ní působilo lidsky, byly kosti vystupující z křídově bílé kůže.";"PONECHAT";"Znepokojivý, tělesně přesný detail."
"IX";"Klára si nepamatovala, že by Anežka kdy vydala nějaký zvuk.";"PONECHAT";"Funkční, buduje její přízračnou, éterickou charakterizaci."
"IX";"Nezaznamenala ani vrznutí dveřmi, když vešla do místnosti.";"PONECHAT";"Funkční pokračování."
"IX";"Jako by nedýchala, jako by nekráčela, jen se vznášela centimetr nad podlahou.";"PONECHAT";"Silná, přízračná metafora - dobře předjímá pozdější odhalení, že jde o Klářinu imaginární postavu."
"IX";"O to větším překvapením bylo, že se stala tou největší potížistkou.";"PONECHAT";"Funkční kontrast, zavádí následující líčení."
"IX";"„Když se nebudeš chovat spořádaně, Bůh tě uvidí a někde na světě spáchá genocidu a vina se s tebou potáhne až k poslednímu soudu. To chceš? Zpovídat se před Nejvyšším za tisíce mrtvých v zemích třetího světa?“";"PONECHAT";"Absurdně přehnaná, groteskní forma náboženského vydírání - dobrá satira institucionální manipulace, návaznost na motiv Boha napříč knihou."
"IX";"To jí řekla samotná matka představená, když Anežku opět přistihli při nočním toulání.";"PONECHAT";"""Nočním toulání"" - odkaz na Tomášovo toulání z kap. I, zajímavá paralela mezi postavami."
"IX";"Od té doby na ni nasadili nejpřísnější dozor.";"PONECHAT";"Funkční."
"IX";"Ale Anežka dál sabotovala léčbu a odmítala jíst.";"PONECHAT";"Funkční, konzistentní s anorexií."
"IX";"Sám doktor Garnier nakonec nařídil umístit ji do korekce na dobu neurčitou.";"PONECHAT";"Potvrzuje Garnierovu autoritu i v klášteře - propojuje instituce, důležitá stavební linka."
"IX";"Šeptalo se o tom jako o výkrmu.";"PONECHAT";"Znepokojivé, zvířecí slovo (""výkrm"") aplikované na člověka - pokračuje odlidšťující motiv napříč knihou."
"IX";"Moderní korekce byla dobře vytápěná samotka bez oken, kam pacientce podávali stravu jen přes malé okénko ve dveřích.";"PONECHAT";"Konkrétní, věcný popis - dobrá, znepokojivá byrokratická preciznost."
"IX";"Klára si nedokázala vysvětlit, jak přesně to fungovalo, ale faktem bylo, že se z ní Anežka po čtyřiceti dnech vrátila překvapivě zdravá a i pokožka jí zdravě zbělela.";"PONECHAT";"Znepokojivě nejasný, možná nadpřirozený detail léčby - dobrá nejednoznačnost, koresponduje s okultní rovinou Garniera z kap. VII."
"IX";"Přesto se Klára nebála ničeho víc než právě korekce.";"PONECHAT";"Funkční, zavádí motiv strachu."
"IX";"Rychle dojedla zbytek ovesné kaše.";"PONECHAT";"Krátké, funkční uzavření odstavce."
"IX";"„Proč jsi tady ty?“ zeptala se jí zničehonic Anežka Pokorná.";"PONECHAT";"Funkční, zavádí klíčový dialog kapitoly."
"IX";"Bylo nedělní odpoledne a obě zrovna vyšívaly mandalu do nástěnné tapisérie.";"PONECHAT";"Konkrétní, mírně ironický detail (mandala jako duchovní/meditativní symbol v tak represivním prostředí)."
"IX";"„To je nadlouho,“ řekla Klára a věnovala se dál vyšívání.";"PONECHAT";"Funkční, vyhýbavá odpověď."
"IX";"„Tak to zkrať.“";"PONECHAT";"Krátké, funkční."
"IX";"Klára zvedla oči.";"PONECHAT";"Krátké gesto."
"IX";"Od té doby, co Anežka přišla, neřekla půl slova, a teď se chtěla vybavovat.";"PONECHAT";"Funkční, ukazuje překvapení z náhlé sdílnosti."
"IX";"„Možná jsem mluvila i předtím, ale tvým smyslům nepřišlo důležité, aby to zaregistrovaly. Máš bystré smysly. Chrání tvůj mozek před přetížením.“";"PONECHAT";"Záhadná, filozoficky formulovaná odpověď - první náznak, že Anežka není obyčejná postava, důležitý předěl."
"IX";"Jako by opět mluvila s Tomem.";"PONECHAT";"Klíčová věta - Klára si všímá, že Anežčina řeč připomíná Tomášovu, důležitý předzvěst odhalení jejich propojenosti."
"IX";"Takové řeči ji unavovaly.";"PONECHAT";"Funkční."
"IX";"„Vögtliho syndrom,“ odsekla Klára.";"PONECHAT";"Funkční, mění téma."
"IX";"„Co to je?“";"PONECHAT";"Krátké, funkční."
"IX";"„Rettungův komplex, syndrom záchrany.“";"PONECHAT";"Funkční, konzistentní terminologie napříč knihou."
"IX";"„Znám tu diagnózu. Spíš mi to řekni svými slovy. Zajímají mě projevy.“";"PONECHAT";"Funkční, Anežka tlačí na skutečný obsah, ne nálepku - důležitá terapeutická/sebereflexivní role."
"IX";"Klára odložila šití.";"PONECHAT";"Krátké gesto, zavádí zpověď."
"IX";"„Asi před rokem jsme s mým přítelem Tomem plánovali večeři. Poslala jsem ho do obchodu koupit plecko. Pršelo a Tom byl unavený z práce. Měl čelní náraz. Vzali ho vrtulníkem do krajské nemocnice, ale nic vážného se mu vlastně nestalo. Byl jen otlučený a brzy šel normálně do práce. Jenže nehoda traumatizovala mě. Nechtěla jsem ho nejdřív pustit, bála jsem se, že něco přehlédli, že má vnitřní krvácení...“";"PONECHAT";"MIMOŘÁDNĚ DŮLEŽITÁ pasáž - Klára zde tvrdí, že Tomáš nehodu PŘEŽIL bez vážných následků a vrátil se do práce. To zásadně zpochybňuje/přerámovává celou linku Tomášovy ""smrti"" z kap. I, V atd. jako možná jen Klářinu (nebo jeho vlastní) bludnou interpretaci traumatu, ne doslovnou realitu. Klíč k výkladu celé knihy jako sdílené psychózy dvou traumatizovaných lidí, ne doslovného duchařského příběhu. Nesahat ani slovo."
"IX";"„A tak to začalo,“ doplnila Anežka a Klára přikývla.";"PONECHAT";"Funkční, uzavírá zpověď o počátku."
"IX";"„Hele, nechceš se projít?“ zeptala se Anežka.";"PONECHAT";"Funkční přechod."
"IX";"„Budeme se prostě někde toulat a povídat si. Neboj se, že tě někdo chytne a zavře do korekce.“";"PONECHAT";"Odkaz na toulání - motiv sdílený s Tomášem, zajímavá paralela."
"IX";"Strach z korekce v ní rezonoval hlouběji, než byla ochotna si přiznat.";"PONECHAT";"Funkční, zavádí filozofickou odbočku o pekle."
"IX";"Možná právě takhle nějak vypadá peklo, pomyslela si Klára s chladnou odtažitostí.";"PONECHAT";"Třetí variace tématu pekla v knize (po Garnierovi v kap. V a Klářině vlastní úvaze v kap. VI) - definitivně potvrzený, opakovaný filozofický refrén, nesahat."
"IX";"Není to o ohni a síře";"PONECHAT";"Opakuje formulaci z kap. V - konzistentní refrén."
"IX";"skutečné peklo je ve své podstatě úřednicky deterministické a chladně předvídatelné.";"PONECHAT";"Nová varianta teze - tentokrát zdůrazňuje byrokratickou, ne domácí povahu pekla, funguje jako rozšíření motivu."
"IX";"Je to systém s přesně danými pravidly a následky.";"PONECHAT";"Funkční rozvinutí."
"IX";"Není tu prostor pro chaos ani naději";"PONECHAT";"Silná, aforistická věta."
"IX";"jen ubíjející jistota toho, co přijde.";"PONECHAT";"Funkční dokončení, silné."
"IX";"Zoufalství plodí zoufalé skutky, a za tyto činy jsou pak lidé exemplárně trestáni.";"PONECHAT";"Funkční, aforistické shrnutí."
"IX";"Kruh se uzavírá.";"PONECHAT";"Krátká, silná pointa."
"IX";"Peklo je dokonalý mechanismus, poháněný lidskou slabostí.";"PONECHAT";"Silná, uzavírající aforistická věta odstavce, nesahat."
"IX";"„Peklo jsou plytké diskuze o reality show a včerejším obědě. Peklo jsou mezilidské vztahy,“ řekla Anežka, jako by jí četla myšlenky.";"PONECHAT";"Pokračuje filozofickou hru o pekle, dobrá, trpce vtipná konkretizace."
"IX";"„Hlavně pak debaty o práci jako o poslání,“ odpověděla Klára.";"PONECHAT";"Odkaz na její vlastní úvahu o učitelství jako poslání z kap. III - sebereferenční ironie."
"IX";"„V pekle jsou lidé nuceni vést rozhovory o hovnech, a když se rozhodnou vzdálit od ostatních, jsou potrestáni samotou, a hlavně musejí být sami se sebou,“ navázala Anežka.";"PONECHAT";"Funkční, gradace hry."
"IX";"„To zní jako život.“";"PONECHAT";"Silná, trpce ironická pointa - peklo a život jsou k nerozeznání, klíčová teze knihy, nesahat."
"IX";"„A jak se to liší od pekla?“";"PONECHAT";"Funkční, uzavírá filozofickou hru řečnickou otázkou."
"IX";"Dámy procházely chodbami mezi kamennými klenbami, které jako by neměly začátek ani konec.";"PONECHAT";"Snová, nekonečná architektura - dobrý signál nereálnosti prostoru."
"IX";"Nad hlavními dveřmi visel obří portrét doktora Garniera.";"PONECHAT";"Znepokojivý detail - Garnier jako všudypřítomná, kultovní autorita i v klášteře, propojuje instituce napříč knihou, důležité."
"IX";"„Takže sis začala vymýšlet, že je zraněný,“ navedla ji zpět k tématu Anežka.";"PONECHAT";"Klíčová formulace - ""vymýšlet"" naznačuje, že Klára sama fabrikovala Tomášův stav."
"IX";"„Vsugerovala jsem si, že má Cotardův syndrom. Proč právě to? Podle Garniera to způsobila má neschopnost se v Tomášovi vyznat a pocit viny za to, co se stalo.";"PONECHAT";"KLÍČOVÁ věta - ""vsugerovala jsem si"" definitivně potvrzuje, že Cotardova diagnóza byla Klářin vlastní psychický konstrukt, ne objektivní fakt o Tomášovi. Zásadní interpretační klíč, nesahat."
"IX";"Začala jsem ho bít.";"PONECHAT";"Přímé přiznání, bez omluv."
"IX";"Mlátila jsem ho proutkem, když jsem si myslela, že má psychózu.";"PONECHAT";"Funkční."
"IX";"Krmila jsem ho vnitřnostmi, protože jsem byla přesvědčena, že takovou stravu sám vyžaduje.";"PONECHAT";"Funkční."
"IX";"Chovala jsem se k němu jako k čoklovi.";"PONECHAT";"Definitivní, otevřené přiznání zvířecího rámce vlastními slovy."
"IX";"A dělala jsem i horší věci.“";"PONECHAT";"Funkční, gradace, zavádí ještě temnější odhalení."
"IX";"Hrnuly se jí slzy do očí.";"PONECHAT";"Funkční, tělesná reakce na vlastní zpověď."
"IX";"„Pověz mi o těch horších věcech, Kláro,“ vybídla ji jemně Anežka.";"PONECHAT";"Funkční, terapeutický tón."
"IX";"„Nikomu to neřeknu. Zůstane to mezi námi dvěma a doktorem Garnierem.“";"PONECHAT";"Ironicky nejisté ujištění (""a doktorem Garnierem"" - ne zcela soukromé), dobrá nejednoznačnost."
"IX";"„No dobře,“ hlesla Klára.";"PONECHAT";"Funkční."
"IX";"„Spálila jsem mu ruku o sporák. Držela jsem mu ji tam několik sekund. Vůbec nevím proč.";"PONECHAT";"KLÍČOVÁ věta - definitivně potvrzuje, že šlo o úmyslný čin, ne o nehodu, jak tvrdila jinde (kap. IV, VII). Odhaluje nespolehlivost jejího vlastního vyprávění vůči vnějšímu světu, nesahat."
"IX";"Přinutila jsem ho ve sklepě vykopat hrob. Tedy dva. Pro něj a pro mě.“";"PONECHAT";"Funkční, potvrzuje verzi hrobů."
"IX";"Anežka to dál nekomentovala.";"PONECHAT";"Krátké, funkční, nesoudící reakce."
"IX";"„A co dál?“";"PONECHAT";"Funkční, tlačí na pokračování zpovědi."
"IX";"„V záchvatu jsem ho uspala strejdovou uspávací puškou. Pak jsem zabila sousedovic jezevčíka. Loveckým nožem jsem ho rozřezala a naházela kolem uspaného Toma. Největším kusem masa jsem mu jezdila po tváři, aby to vypadalo, že ho žral.“";"PONECHAT";"KLÍČOVÉ odhalení - Klára sama zavraždila psa a zinscenovala scénu, aby vinu svalila na Tomáše. Definitivně objasňuje záhadu jezevčíka napříč celou knihou, mrazivé a nesahat."
"IX";"Klára se otřásla.";"PONECHAT";"Funkční, tělesná reakce na vlastní vzpomínku."
"IX";"„A pak jsem se pokusila o sebevraždu.“";"PONECHAT";"Klíčová věta - odhaluje první, dosud nezmíněný pokus o sebevraždu, předcházející tomu z kap. XI/XII."
"IX";"„Za to se chodí do korekce.“";"PONECHAT";"Funkční, ironicky věcná reakce na tak závažné přiznání."
"IX";"„Ne tady a ne úplně. Jen jsem si přiložila nůž k zápěstí a čekala, co se stane.";"PONECHAT";"Funkční, upřesňuje závažnost pokusu."
"IX";"Doufala jsem, že je ve mně nějaký impulz, který to rozhodne za mě.";"PONECHAT";"KLÍČOVÁ věta - přímé použití titulního slova ""impulz"" v kontextu rozhodnutí o životě a smrti, tematické jádro celé knihy, nesahat."
"IX";"Nic takového jsem ale nenašla.";"PONECHAT";"Silná, tichá věta - chybějící impulz jako důvod přežití."
"IX";"Trochu jsem se škrábla.";"PONECHAT";"Funkční, konkrétní."
"IX";"Měla jsem pocit, že si to zasloužím za zkaženost mého masa, se kterou jsem se narodila.";"PONECHAT";"Silná, temná věta o vrozeném pocitu viny/nehodnosti, nesahat."
"IX";"Ráno jsem pak dělala, že se nic nestalo.";"PONECHAT";"Funkční, ukazuje popírání."
"IX";"Prostě jsem si vzala housku s jogurtem a hodila nohy na stůl.“";"PONECHAT";"MIMOŘÁDNĚ DŮLEŽITÁ věta - doslovně odpovídá úvodní scéně celé knihy (kap. I). Odhaluje, že úvodní scéna knihy se odehrává ráno PO jejím prvním, nedokonaném pokusu o sebevraždu. Zásadní strukturální klíč pro celé dílo, nesahat ani slovo."
"IX";"„A pomohl ti pobyt tady?“";"PONECHAT";"Funkční."
"IX";"„Nejdřív jsem si to nechtěla připouštět, ale pomohl. Třeba jsem se tu mimoděk zbavila plantární hyperémie – nadměrného prokrvování nohou.";"PONECHAT";"Klíčové - pojmenovává ""plantární hyperémii"" (nemocný stav nohou), který se objevuje i v kap. VII (bolest nohou) a v samotném závěru kap. XII. Definitivně propojuje tři vzdálené pasáže do jedné konzistentní tělesné linky, nesahat."
"IX";"A taky jsem si poprvé připustila, že jsem nemocná.“";"PONECHAT";"Silná, dojemná věta o sebeuvědomění."
"IX";"„A ty tomu věříš?“ zeptala se Anežka a upřeně se na ni podívala.";"PONECHAT";"Funkční, zavádí pochybnost."
"IX";"„Tomu, že máš ten syndrom, že to je ten pravý důvod, proč jsi v tomto koncentráku? Možná se tě pokusil jen Tomáš zbavit.“";"PONECHAT";"KLÍČOVÁ, znepokojivá věta - poprvé zpochybňuje celý rámec knihy, naznačuje, že Tomáš mohl manipulovat proti Kláře stejně jako ona proti němu. Radikálně destabilizuje důvěru v kteroukoli verzi příběhu, nesahat."
"IX";"„To by doktor Garnier nepřipustil!“";"PONECHAT";"Funkční, naivní obrana autority."
"IX";"„No a kolikrát jsi s ním mluvila? Řešil tvoje problémy s tebou, nebo s Tomem? Zamysli se.“";"PONECHAT";"Funkční, ostrá, střízlivá otázka."
"IX";"Klára si za roky učitelství mistrně osvojila schopnost dlouze rozvažovat.";"PONECHAT";"Funkční, charakterizační detail."
"IX";"Upřímně se zamyslela a došlo jí, že Garnier dal mnohem více na Toma.";"PONECHAT";"Klíčová věta - Klára si konečně sama uvědomuje asymetrii, kterou čtenář viděl už dávno, důležitý moment jasnozřivosti."
"IX";"S ní se po celou dobu zacházelo jako s bláznem.";"PONECHAT";"Silná, hořká věta uzavírající její prozření."
"IX";"„Co jsi vlastně zač?“ zeptala se Klára s náhlým podezřením.";"PONECHAT";"Funkční, zavádí hlavní odhalení kapitoly."
"IX";"„Já jsem ty, Kláro. Jsem tvoje sebereflexe.“";"PONECHAT";"KLÍČOVÉ odhalení - explicitně potvrzuje, že Anežka je Klářina vlastní projekce/vnitřní hlas, ne samostatná postava. Definitivní vysvětlení celé konverzace jako vnitřního dialogu, nesahat."
"IX";"„Anežka“ – to přece byla její imaginární kamarádka z dětství, do níž promítala charakterové rysy, po kterých toužila.";"PONECHAT";"Funkční, doplňuje biografický kontext k odhalení."
"IX";"A Pokorná byla její mlčenlivá žákyně.";"PONECHAT";"Funkční, vysvětluje odkud pochází jméno/příjmení postavy."
"IX";"„Hele, něco ti ukážu. Pamatuješ, jak sis v šestnácti dělala test reality?“";"PONECHAT";"Funkční, zavádí ověření snu."
"IX";"Anežka zdvihla levou ruku a pravým ukazováčkem si hladce projela skrz dlaň.";"PONECHAT";"Konkrétní, klasický motiv ""testu reality"" v lucidním snění, funguje."
"IX";"Kláře to ihned docvaklo.";"PONECHAT";"Krátké, funkční."
"IX";"Podívala se na svou ruku a udělala to samé, aniž by pocítila jakýkoliv protitlak.";"PONECHAT";"Funkční, potvrzuje test."
"IX";"Celé tohle byl jen lucidní sen.";"PONECHAT";"Definitivní odhalení - celá klášterní scéna byla sen, klíčové pro interpretaci, nesahat."
"IX";"„Možná bych se měla probudit a dostat se odsud,“ zašeptala Klára.";"PONECHAT";"Funkční, zvažuje útěk ze snu."
"IX";"„Nebo pojď se mnou,“ řekla Anežka.";"PONECHAT";"Funkční, zavádí následující děsivou vizi."
"IX";"Na nic nečekaly a prošly pod podobiznou doktora Garniera.";"PONECHAT";"Funkční, opět Garnierův portrét jako brána/autorita."
"IX";"Mezi dvěma sloupy se za nimi objevilo levotočivé schodiště.";"PONECHAT";"Snový, matoucí prostorový detail, dobrá nereálnost."
"IX";"Nevěděla, jak hluboko šly, ale hliněnou podlahu jejich vlastního sklepa poznala bezpečně.";"PONECHAT";"Klíčové - klášterní sen se propojuje s jejich domácím sklepem, sbližuje obě reality, důležité."
"IX";"Stejně tak si všimla vykopaného hrobu – ale jen jednoho.";"PONECHAT";"Znepokojivý detail - jen jeden hrob, ne dva jako předtím, možná naznačuje, že jeden z nich už zemřel."
"IX";"Vzadu za hrobem byl ke čtyřcípému kříži ve tvaru X přivázán Tomáš.";"PONECHAT";"Vrcholný, hororový obraz - realizace snu, který Tomáš popsal Garnierovi v kap. III, teď z Klářiny (snové) perspektivy, definitivní uzavření této stavební linky."
"IX";"„Nelitujte ho, pacientky. Sám se rozhodl pro to, být nemocný. Má, co chtěl. Řezejte dál,“ oznámila diktátorsky starší sestra, která na pitvu dohlížela.";"PONECHAT";"Mrazivá, dehumanizující řeč - viní oběť za vlastní utrpení, silná satira institucionální krutosti."
"IX";"Měl otevřený bachor a jeho odhalená kůže byla simpsonovsky žlutá.";"PONECHAT";"Neobvyklé, popkulturní přirovnání (""simpsonovsky"") - uzavírá barevný motiv žluté groteskním, moderním způsobem, funguje jako záměrný tonální kontrast k hororu."
"IX";"Musel mu vytéct žlučník.";"PONECHAT";"Uzavírá žlučníkový motiv násilným, definitivním způsobem."
"IX";"To, co se dělo pod ním, připomínalo výjev z ladovské zabijačky.";"PONECHAT";"Silné, kulturně zakotvené přirovnání (Josef Lada, česká lidová malba) - dobře domestikuje horor do známého, folklorního rámce, nesahat."
"IX";"Usměvavé pacientky z břicha vytahovaly vnitřnosti, maso, a pouštěly mu žilou.";"PONECHAT";"Uzavírá vnitřnostní motiv napříč celou knihou v nejexplicitnější, nejhororovější podobě."
"IX";"Všechno to házely do kýblů a odnášely neznámo kam.";"PONECHAT";"Funkční, konkrétní detail."
"IX";"Drobná blondýnka se usmívala ze všech nejvíc, když stála na štaflích a vší silou z něj vytahovala tenké střevo.";"PONECHAT";"Groteskní, znepokojivý detail - radost z násilí, silná pointa hororové vize."
"IX";"„Neuvěřitelné, kolik se do jednoho čuráka vejde střev a žlučníků.“";"PONECHAT";"Vulgární, černě komická závěrečná replika - přesně v tónu knihy, dobrý kontrast hrůzy a hovorové vulgarity, nesahat."
"IX";"Tomáše probudil vlastní křik.";"PONECHAT";"KLÍČOVÝ zvrat - přechod ze sna zpět do reality, potvrzuje, že sen sdíleli oba (nebo že jde o Tomášovu vlastní noční můru), nesahat."
"IX";"Na noční můry byl zvyklý, ale tahle byla obzvlášť ohavná.";"PONECHAT";"Funkční, potvrzuje opakovanost jeho nočních můr napříč knihou."
"IX";"Klára nenechala Tomáše dlouho bdít samotného.";"PONECHAT";"Funkční, ukazuje péči."
"IX";"Musela si všimnout, že se klepe a lapá po dechu.";"PONECHAT";"Konkrétní, funkční."
"IX";"Objala ho jako pejska.";"PONECHAT";"Definitivní, něžná verze zvířecího motivu - péče, ne trest, dobrý smířlivý tón na konci kapitoly."
"IX";"„Zase ty sny.“";"PONECHAT";"Krátké, funkční, ukazuje rutinní povahu jeho nočních můr."
"IX";"Dal si čas na odpověď.";"PONECHAT";"Krátké, funkční."
"IX";"„Taky. Ale hlavně mě už sere ten žlučník.“";"PONECHAT";"Poslední věta kapitoly - po tak vypjaté, hororové a filozofické scéně se vrací k naprosto banální, vulgární stížnosti na žlučník. Dokonalý, přízemní, černě komický kontrast, nejlepší možné zakončení kapitoly, nesahat."
"X";"Tomáš se zrovna vracel z pláže s Natálkou.";"PONECHAT";"Záměrně matoucí, snový úvod - nejasné, kdo je ""Natálka"" a čí je to sen, funguje jako dezorientující vstup do kapitoly."
"X";"Nezdálo se, že by pospíchali.";"PONECHAT";"Funkční, idylický tón."
"X";"Procházeli se a kochali se červánky nad hladinou ve společnosti stydlivých racků.";"UPRAVIT";"""Stydlivých"" je nezvyklý, mírně samoúčelný přívlastek k rackům - zvážit škrtnutí nebo nahrazení konkrétnějším detailem."
"X";"Klára je pozorovala z dřevěné terasy.";"PONECHAT";"Klíčové - Klára je pozorovatelka vlastního snu zvenčí, což naznačuje složitou vrstvu snu-o-sobě."
"X";"Na chvíli odvrátila zrak a Tomáš už stál vedle ní.";"PONECHAT";"Typická snová logika (náhlá změna místa) - dobrý signál, že jde o sen."
"X";"Pověděl jí, že Natálka je uložena v posteli, a konečky prstů jí drbal po zádech.";"PONECHAT";"Funkční, zavádí intimní scénu."
"X";"Naklonil k ní hlavu a pomalu jí foukl teplý vzduch do ucha";"PONECHAT";"Konkrétní, smyslný detail."
"X";"zježilo jí to chloupky na rukách.";"PONECHAT";"Tělesná reakce, funguje."
"X";"V posteli si pak užívala každý jeho úd, chtěla s ním splynout v jednu šťastnou chlupatou kouličku.";"PONECHAT";"""Chlupatou kouličku"" pokračuje zvířecí motiv i v intimní, snové scéně - konzistentní, důležité."
"X";"Tolik to milovala, dokonce na chvíli zapomněla, že šuká mrtvolu.";"PONECHAT";"Šokující, mrazivá pointa odstavce - definitivně odhaluje, o čem sen skutečně je (vina/touha po mrtvém/nemocném partnerovi), nesahat."
"X";"Probudila se.";"PONECHAT";"Krátký, ostrý přechod ze snu do reality."
"X";"Existuje vícero druhů ticha.";"PONECHAT";"Funkční, filozofický úvod do nočních úvah."
"X";"Ticho velmi brzy ráno, spíše ještě v noci, bývá takové intenzivnější a prázdnější.";"UPRAVIT";"""Intenzivnější a prázdnější"" jsou dva vágní komparativy vedle sebe - zvážit konkrétnější popis."
"X";"Pruh světla pouliční lampy, pronikající do pokoje skrz okno, se rýsoval na části bílé zdi a stropu a končil kousek před zaprášeným lustrem.";"PONECHAT";"Konkrétní, poeticky přesný obraz nočního prostoru, dobrá atmosféra."
"X";"V obývacím pokoji se ve tmě poklidně schovával rázostroj.";"PONECHAT";"Návrat symbolu impulzu, tichý a nehybný - dobrá stavební linka."
"X";"Prázdnota nočního ticha se začala plnit jejím lapáním po dechu.";"PONECHAT";"Silná věta, zavádí gradaci úzkosti."
"X";"To se jí začala dotýkat tísnivá bolest reality, v níž byl Tomáš už přes rok duševním kriplem.";"PONECHAT";"Tvrdé slovo ""kriplem"" ukazuje míru její frustrace/sebenenávisti, funguje."
"X";"Proč proboha po něm chtěla, aby jel do Tesca, ještě za takového deště?";"PONECHAT";"Klíčová věta - vrací se k osudnému dni nehody, zdroj její viny."
"X";"Copak si tam ta líná neschopná píča nemohla dojet sama?";"PONECHAT";"Šokující - mluví o sobě samé ve třetí osobě vulgárními výrazy, silný obraz sebenenávisti, nesahat."
"X";"Vzpomínky na Toma se jí rozlily v prsních svalech s takovou prudkostí, jako by tam dostala pěstí od svalnatého násilníka.";"PONECHAT";"Silná, násilná somatická metafora emoce, funguje."
"X";"Otevřela ústa a zhluboka se nadechla.";"PONECHAT";"Funkční, tělesná reakce."
"X";"Bolest se jí po dvou úderech srdce přesunula pod žaludek.";"PONECHAT";"Konkrétní, tělesně přesný popis úzkosti, dobré."
"X";"V už ne tolik tiché tmě si pomalu připouštěla, že se to už nikdy nezmění, a to skutečně nikdy.";"PONECHAT";"Funkční, gradace zoufalství."
"X";"Cukla sebou do strany.";"PONECHAT";"Krátké, tělesné gesto."
"X";"Tom zůstane navždy uslintaným magorem.";"PONECHAT";"Tvrdé, definitivní tvrzení, dobrá gradace."
"X";"Bolest se s dalšími dvěma údery přesunula k srdeční oblasti.";"PONECHAT";"Pokračuje motiv fyzického putování bolesti, konzistentní."
"X";"Vyhrkly jí slzy do očí.";"PONECHAT";"Funkční."
"X";"Připustila si k sobě všechny emoce a pokusila se vědomě rozbrečet.";"PONECHAT";"Funkční, zavádí následující nezdařený pokus o pláč."
"X";"Všechno to byla jen její vina.";"PONECHAT";"Klíčová, opakovaná teze viny."
"X";"Nešlo to úplně dobře, slzy jako hrachy jí klouzaly po tváři, ale nebyl to opravdový ozdravný pláč.";"PONECHAT";"Silné rozlišení mezi fyzickým a emočním pláčem, dobrý detail disociace."
"X";"Pouze fyziologická reakce těla.";"PONECHAT";"Krátká, chladná, klinická věta - dobře ukazuje její odtržení od vlastních emocí."
"X";"Pomalu přestala myslet na stažené svaly, ne proto, že by se snad uvolnily, ale protože vědomí, že s Tomem je už absolutní konec, bylo daleko drásavější.";"PONECHAT";"Funkční, ukazuje hierarchii bolesti (emoční nad tělesnou)."
"X";"Ve skutečnosti byla za tu bolest ráda.";"PONECHAT";"Znepokojivá věta - touha po bolesti jako formě trestu, klíčové pro pochopení sebepoškozování v kapitole."
"X";"Sama to celé zapříčinila a bylo jedině spravedlivé, že dostane svůj kousek bolesti.";"PONECHAT";"Silná, uzavírající teze odstavce - logika sebepoškozování jako spravedlnosti, nesahat."
"X";"Zkusila to ještě jednou.";"PONECHAT";"Funkční, zavádí druhý pokus o dechové cvičení."
"X";"Zhluboka se nadechla nosem, delší dobu dech zadržovala a pak, co nejpomaleji to šlo, vypouštěla vzduch srdíčkem vytvořeným mezi rty.";"PONECHAT";"Konkrétní, přesný popis techniky, funguje."
"X";"Nechala sebou projít všechny pocity a emoce.";"PONECHAT";"Funkční, terapeutický jazyk."
"X";"Prožívala je se stoickým přístupem jako běžný somatický projev.";"PONECHAT";"Klinický jazyk zde funguje jako charakterizace jejího naučeného, odosobněného přístupu k vlastní úzkosti - záměrné, ne chybné."
"X";"Při třetím opakování si všimla, že při zadržení dechu cinká zuby.";"PONECHAT";"Konkrétní, tělesný detail selhávající techniky."
"X";"Zabila Toma, udělala z něj debilního kripla.";"PONECHAT";"Klíčová, opakovaná sebeobviňující myšlenka, gradující k rozhodnutí ublížit si."
"X";"Dechová cvičení nezabírala a začala zase lapat po dechu.";"PONECHAT";"Funkční, potvrzuje selhání techniky."
"X";"Věděla totiž, že tyhle techniky tu nejsou pro ni.";"PONECHAT";"Silná, sebedestruktivní myšlenka - odmítá si dovolit úlevu."
"X";"Dechová cvičení jsou od toho, aby uvolňovala tělo při neopodstatněných projevech úzkosti, ne aby smyla vinu za to, že z lenosti zabila svého partnera.";"PONECHAT";"Klíčová, mrazivá věta - explicitně odmítá odpuštění sama sobě, silná pointa odstavce, nesahat."
"X";"Vina se dá smýt jen dvěma způsoby.";"PONECHAT";"Funkční, zavádí racionalizaci sebepoškozování."
"X";"Tím prvním je náprava škod.";"PONECHAT";"Funkční."
"X";"U zabití to není pochopitelně možné.";"PONECHAT";"Krátká, definitivní věta - zavírá první možnost, vede k druhé (trest)."
"X";"Vzpomněla si, jak si jako sedmiletá vrazila třísku hluboko pod nehet.";"PONECHAT";"Funkční, zavádí dětskou vzpomínku."
"X";"Máma jí pak nůžkami stříhala nehet na ukazováčku, milimetr po milimetru.";"PONECHAT";"Konkrétní, bolestivý detail, dobrá atmosféra."
"X";"Nebyl to sice nejbolestivější zážitek v jejím životě.";"PONECHAT";"Funkční."
"X";"Pamatovala si ho však díky té hrůze, kdy s každým střižením přišla větší bolest než ta předchozí.";"PONECHAT";"Funkční, konkrétní."
"X";"Nemusela by si stříhat nehty, stačilo by tam vrazit špendlík.";"PONECHAT";"Znepokojivý přechod od vzpomínky k současné fantazii sebepoškozování."
"X";"Jednou už to udělala, ale ne dostatečně hluboko.";"PONECHAT";"Funkční, potvrzuje opakovanost sebepoškozování."
"X";"Mohla by si teď vrazit pod každý nehet jeden špendlík.";"PONECHAT";"Šokující, konkrétní fantazie."
"X";"Pod malíček třeba jeden, pod palec na noze třeba šest.";"PONECHAT";"Absurdně přesná, groteskní kalkulace - dobrá ukázka jejího zoufalého, téměř rituálního myšlení."
"X";"Kulhala by pak světem bez nehtů, a kdyby se jí pak někdo zeptal na Toma, ukázala by mu prsty a slíbila, že až dorostou, vrazí si tam další špendlíky.";"PONECHAT";"Groteskní, cyklická fantazie trestu jako komunikace/vysvětlení - silná, znepokojivá pointa odstavce, nesahat."
"X";"Další vlnu projíždějící tělem už nezvládla vleže.";"PONECHAT";"Funkční, přechod k pohybu."
"X";"Vyskočila z postele, přešlapovala po místnosti sem a tam";"PONECHAT";"Funkční, konkrétní neklid."
"X";"taková špína, jakou sama byla, si nezasloužila spát v posteli pro lidi.";"PONECHAT";"Silná, sebedehonestující věta - opět zvířecí/nečistý rámec aplikovaný na sebe, ne na Tomáše, důležitý obrat motivu."
"X";"Jak se jen mohla sama převalovat v posteli, když se Tom válel v díře ve sklepě?";"PONECHAT";"Funkční, vina jako motor akce."
"X";"Vrazila pěstí do zdi, lehce.";"PONECHAT";"Konkrétní gesto."
"X";"Bála se dát pořádnou, ale na krátké uklidnění jí to stačilo.";"PONECHAT";"Funkční, ukazuje omezenou míru sebepoškozování."
"X";"Zběsile prohrabala deku, dokud nenašla krabičku s cigaretami.";"PONECHAT";"Funkční, konkrétní."
"X";"Cestou ven si pak představovala, jak se jí otevírá zápěstí a z něj kouká maso.";"PONECHAT";"Živá, znepokojivá fantazie, dobré vygradování napětí."
"X";"Vypadalo jako uzený losos.";"PONECHAT";"Šokující, groteskně kulinární přirovnání vlastního zranění - přesně v tónu černého humoru knihy, nesahat."
"X";"Na dvoře si stoupla vedle hliníkové popelnice s umazaným víkem.";"PONECHAT";"Odkaz na popelnici napříč celou knihou, konzistentní kotva."
"X";"Prokřupla si záda, protáhla krk směrem k nebi, zkřížila nohy, prsty naznačila imaginární žiletkou pohyb po obou zápěstích, vytáhla si cigaretu a zapálila si.";"UPRAVIT";"Dlouhý řetězec šesti akcí v jedné větě - zvážit rozdělení pro lepší tempo, zvlášť gesto se ""žiletkou"" zaslouží vlastní, izolovaný důraz."
"X";"Ještě párkrát si pořádně potáhla a polovina první cigarety byla pryč.";"PONECHAT";"Funkční, konkrétní."
"X";"Nikotin jí nedodával dostatek toho, co potřebovala.";"PONECHAT";"Funkční, ukazuje nedostatečnost obvyklé úlevy."
"X";"S druhou cigaretou chodila po dvoře jako hlídací pes, který ucítil cizího psa.";"PONECHAT";"Silné přirovnání - definitivně otáčí zvířecí motiv i na Kláru samotnou, ne jen na Tomáše, důležité."
"X";"František Horvát jako obvykle nemohl spát a po nesčetných převaleních na posteli to vzdal a rozhodl se pro první náhodnou činnost, která mu přišla ve 2:20 na mysl.";"PONECHAT";"Funkční, zavádí novou vedlejší postavu - vnějšího svědka."
"X";"V obýváku roztáhl závěsy od vstupu na lodžii, otevřel dveře a vylezl ven.";"PONECHAT";"Funkční, konkrétní."
"X";"Noční chlad ho překvapil – počasí jako v říjnu.";"PONECHAT";"Funkční, atmosférický detail."
"X";"Opřel se o zábradlí a ihned si všiml nervózní osoby naproti přes ulici.";"PONECHAT";"Funkční, zavádí pozorování Kláry zvenčí."
"X";"Přešlapovala ve velkých pantoflích, v teplácích po kolena a zahřívala se jen cigaretou.";"PONECHAT";"Konkrétní, vizuální detail z vnější perspektivy - důležité, protože potvrzuje Klářinu fyzickou přítomnost objektivně, ne jen subjektivně."
"X";"Blonďaté vlasy, sousední rodinný domek naproti přes ulici – a hned mu docvaklo, že to musí být Klárka Vondrušková.";"PONECHAT";"Funkční, identifikace zvenčí."
"X";"Chudák holka, vůbec to neměla jednoduché.";"PONECHAT";"Funkční, ukazuje sousedovo soucitné, ale povrchní vnímání."
"X";"Měla by přestat zoufale přešlapovat na místě a jít si lehnout k Tomášovi.";"PONECHAT";"KLÍČOVÁ věta - soused předpokládá, že Tomáš je doma a živý, potvrzuje vnější, ""objektivní"" verzi reality, kde není mrtvý ani zvíře, jen obyčejný partner, důležité pro celkovou interpretaci."
"X";"Otočila se na něj.";"PONECHAT";"Funkční, napjatý moment kontaktu."
"X";"Dívali se do očí a František měl na chvíli pocit, jako by mu četla myšlenky.";"PONECHAT";"Znepokojivý, mírně nadpřirozený detail - konzistentní s motivem Klářiny/Tomášovy ""věštecké"" schopnosti z kap. VII."
"X";"Odvrátil zrak a významně se podíval do dáli.";"PONECHAT";"Funkční, gesto trapnosti."
"X";"Když se odvážil podívat znovu před dům, zahlédl jen zavírající se dveře.";"PONECHAT";"Funkční, uzavírá scénu pozorování."
"X";"„Dělá dobře, snad nenechá Tomáše dlouho čekat,“ pomyslel si František Horvát.";"PONECHAT";"Hořce ironická poslední myšlenka souseda - naprosto neví, co se doma skutečně děje, silný kontrast vnějšího a vnitřního pohledu na situaci, dobrá pointa odstavce."
"X";"Z kufříku s nářadím vytáhla vysunovací řezák.";"PONECHAT";"Funkční, zavádí klíčovou scénu sebepoškozování/pokusu o sebevraždu."
"X";"Srdce se jí znenadání rozbušilo.";"PONECHAT";"Funkční, tělesná reakce."
"X";"Vysunula lichoběžníkovou čepel, dívala se na ni.";"PONECHAT";"Konkrétní, napjaté gesto."
"X";"Pak promluvila k Bohu:";"PONECHAT";"Funkční, zavádí motiv Boha napříč knihou z její vlastní, zoufalé perspektivy."
"X";"„Bože, kde jsi? Pane, prosím.“";"PONECHAT";"Zoufalá, přímá modlitba - silná, holá věta."
"X";"Pomaleji, ale stále zhluboka dýchala.";"PONECHAT";"Funkční, drží napětí scény."
"X";"„Nejsem dobrá křesťanka, ale ani tak špatná osoba, přeci.“";"PONECHAT";"Silná, obhajující věta - ukazuje její potřebu morálního ospravedlnění před vlastním činem."
"X";"Trochu si promyslela slova:";"PONECHAT";"Funkční, dobré napjaté zpomalení."
"X";"„Doufala jsem, že když budu žít podle svědomí, tak to bude stačit a z toho nejhoršího mě dostaneš.“";"PONECHAT";"Silná věta o zklamané víře, funguje."
"X";"Bůh nic neříkal.";"PONECHAT";"Krátká, mrazivá věta - ticho jako odpověď, silné a úsporné, nesahat."
"X";"Přiložila si lichoběžník čepele k místu s vystupujícími cévami na levém zápěstí.";"PONECHAT";"Napjaté, konkrétní gesto - klíčový moment, potvrzuje opakované foreshadowing levého zápěstí napříč knihou."
"X";"„Bože, je tohle opravdu konec? Prosím. Řekni něco.“";"PONECHAT";"Zoufalá, opakovaná modlitba, funguje jako gradace napětí."
"X";"Naposled jí Bůh odpověděl, když jí bylo šestnáct.";"PONECHAT";"Funkční, zavádí klíčovou vzpomínku."
"X";"V opilosti tak trochu podvedla svého prvního kluka.";"PONECHAT";"Funkční, konkrétní detail minulosti."
"X";"Nebyla dost zkušená, aby se s něčím takovým sama snadno vyrovnala.";"PONECHAT";"Funkční."
"X";"Tehdy se jednoho večera obrátila k Bohu a ptala se ho na to, co má dělat.";"PONECHAT";"Funkční, zavádí odpověď."
"X";"Bůh jí jen řekl, že je kurva.";"PONECHAT";"MRAZIVÁ, klíčová věta - odhaluje, že ""hlas Boha"" v její mysli je ve skutečnosti internalizovaný, krutý vnitřní hlas sebenenávisti. Vysvětluje, proč jí teď ""Bůh"" mlčí (možná proto, že už není schopná ho slyšet jako kritika, nebo protože sama sebe odsoudila natolik, že žádný další verdikt už nepotřebuje). Klíčové pro pochopení náboženského motivu v celé knize, nesahat."
"X";"Dívala se na ostří čepele u tepny.";"PONECHAT";"Napjaté gesto, drží scénu."
"X";"Ještě naposled promluvila k Bohu.";"PONECHAT";"Funkční přechod."
"X";"Pak už jen čekala na to, co se stane.";"PONECHAT";"Funkční, gradace napětí."
"X";"Nemohla uvěřit tomu, co se děje.";"PONECHAT";"Funkční, disociativní reakce."
"X";"„To opravdu dneska umřu? Prostě si proříznu tepnu a zítra budu už jen mrtvá. Takhle to má opravdu skončit?“";"PONECHAT";"Silná, nedůvěřivá vnitřní otázka, funguje jako vrchol napětí scény."
"X";"Neměla odvahu, ale nečekala na ni.";"PONECHAT";"Funkční, zavádí klíčové rozlišení."
"X";"Čekala na něco trochu jiného.";"PONECHAT";"Funkční, buduje napětí před klíčovým slovem."
"X";"Čekala na impulz.";"PONECHAT";"KLÍČOVÁ věta - přímé, titulní slovo knihy v kontextu rozhodnutí o životě a smrti, nejdůležitější tematický moment celé knihy, nesahat."
"X";"Impulz, který provede ten pohyb ruky, další impulz, který přitlačí, až to začne bolet.";"PONECHAT";"Rozvíjí titulní motiv konkrétně a fyzicky - impulz jako mechanický, vnější/vnitřní spouštěč činu, klíčové, nesahat."
"X";"„Teď to skončí?“";"PONECHAT";"Krátká, napjatá otázka."
"X";"Nikdy nezašla tak daleko, nevěděla, ve který moment má ten impulz přijít, ani jak vypadá.";"PONECHAT";"Funkční, pokračuje motiv impulzu."
"X";"Nemohla pochopit, jak člověk může jít vědomě proti pudu sebezáchovy.";"PONECHAT";"Filozoficky přesná úvaha, funguje."
"X";"Ten impulz musí přijít zevnitř, to přece nemůže být vědomé.";"PONECHAT";"Klíčová, uzavírající úvaha o povaze impulzu - musí přijít samovolně, ne z vůle, důležité pro pochopení titulu knihy, nesahat."
"X";"„Bože, prosím, lituju všeho, co jsem kdy udělala. Řekni mi, co mám dělat.“";"PONECHAT";"Funkční, poslední zoufalá modlitba před ústupem."
"X";"Vzpomněla si na otce.";"PONECHAT";"Funkční, zavádí banální, ale životodárnou vzpomínku."
"X";"Příští týden ho musí odvézt k zubaři.";"PONECHAT";"Banální, ale klíčová věta - triviální povinnost jako to, co ji nakonec zastaví, silná, tichá pointa (ne velké gesto, ale malá rutina zachraňuje život)."
"X";"Odložila nůž a dala se do pláče.";"PONECHAT";"Funkční, emoční uvolnění."
"X";"Byla na sebe naštvaná, že je tak slabá.";"PONECHAT";"Silná, sebekritická věta - i přežití vnímá jako selhání."
"X";"Znovu vzala nůž.";"PONECHAT";"Krátké, napjaté - stupňuje ambivalenci."
"X";"Dala ruku v pěst a v místě napjaté kůže pod palcem se lehce škrábla.";"PONECHAT";"Konkrétní, kompromisní gesto - menší sebepoškození místo plného pokusu."
"X";"Sebepoškozování je podobné porcování vepřového, prostě se jen řeže do prasete.";"PONECHAT";"Šokující, groteskní přirovnání sebe k jatečnému zvířeti - definitivně obrací zvířecí motiv na Kláru samotnou, klíčové, nesahat."
"X";"Strašně se bála nože.";"PONECHAT";"Funkční, ukazuje ambivalentní strach."
"X";"Raději ho úplně uklidila.";"PONECHAT";"Funkční, uzavírá scénu s nožem."
"X";"Na prstu se jí objevilo pár kapek krve.";"PONECHAT";"Konkrétní, funkční."
"X";"Byla na sebe pyšná, že si dokázala ublížit.";"PONECHAT";"Mrazivá, znepokojivá věta - pýcha ze sebepoškození, silná a nesahat."
"X";"Bylo to tedy dost slabé, ale věřila si, že to zvládne hlouběji.";"PONECHAT";"Funkční, ukazuje eskalační logiku."
"X";"Pak si vzpomněla na radu s gumičkami.";"PONECHAT";"KLÍČOVÁ věta - přímo odkazuje na Garnierovo klinické, bagatelizující vysvětlení z kap. III (""neškodná forma sebepoškozování""). Teď čtenář vidí, jak vypadá ""ta rada"" prožitá zevnitř - devastující kontrast k Garnierově chladné, odosobněné definici, nesahat."
"X";"V příborníku nahmatala krabičku nesourodých gumiček, takovou tu, kterou má každá hospodyně schovanou v některém z kuchyňských šuplíků.";"PONECHAT";"Konkrétní, banální detail - dobrý kontrast banality předmětu a vážnosti činu."
"X";"Nahrabala tři stejné a pak ještě jednu.";"PONECHAT";"Konkrétní, precizní detail přípravy."
"X";"Dala si je na předloktí, ruku nastavila tak, aby dlaň směřovala k podlaze.";"PONECHAT";"Funkční, přesný popis gesta."
"X";"Natáhla svazek gumiček, jak nejvíc jí to šlo, a pustila.";"PONECHAT";"Napjaté, konkrétní gesto."
"X";"Štíplo to víc, než čekala.";"PONECHAT";"Funkční, tělesná reakce."
"X";"Ještě to párkrát rychle za sebou zopakovala, dokud v ní přetrvával impulz.";"PONECHAT";"Opět klíčové slovo ""impulz"" - definitivně potvrzuje titulní motiv jako řídící sílu jejího jednání, nesahat."
"X";"S radostí a pýchou sledovala, jak jí čáry na ruce otékají a fialoví.";"PONECHAT";"Znepokojivá, ale upřímná radost z výsledku - silný, syrový detail."
"X";"Stigmata špíny.";"PONECHAT";"Silná, náboženská metafora - obrací posvátný pojem ""stigmata"" (Kristovy rány) na sebenenávist, mrazivé a poetické, nesahat."
"X";"Normální kůže je pro hodné holky, ne pro ni.";"PONECHAT";"Klíčová, tichá věta o vnitřní nehodnosti - silné shrnutí jejího sebeobrazu, nesahat."
"X";"Prsty si po ránách přejela.";"PONECHAT";"Funkční, tělesný detail."
"X";"Hrubé jako vrstevnice na mapě.";"PONECHAT";"Krásná, přesná poetická metafora (vystouplé jizvy jako vrstevnice na mapě) - přesně ten typ úsporné, věcné poetičnosti, o kterou usiluješ, nesahat."
"X";"Tehdy se cítila konečně celistvá a naplněná.";"PONECHAT";"Silná, znepokojivá věta - sebepoškození jako cesta k pocitu celistvosti, klíčové pro pochopení jejího psychického stavu."
"X";"Mohla jít už v klidu spát.";"PONECHAT";"Poslední věta kapitoly - klidný, téměř úlevný tón po tak vypjaté scéně, dobrý, tichý a znepokojivý závěr, nesahat."
"XI";"„Jako vždycky, Jakube,“ řekl seržant Kalousek a podal mu alkohol tester.";"PONECHAT";"Funkční úvod do zcela nové dějové linky (policie) - dobrý, nečekaný přechod od Kláry/Tomáše."
"XI";"„Ty mi nevěříš?“";"PONECHAT";"Funkční, zavádí motiv nedůvěry vůči Jakubovi."
"XI";"„Jsou to předpisy. A upřímně… chci mít jistotu,“ dodal seržant.";"PONECHAT";"Funkční, naznačuje Jakubovu minulost s alkoholem."
"XI";"Jakub Švarc to dál nekomentoval.";"PONECHAT";"Krátké, charakterizuje jeho stoický temperament."
"XI";"Vzal si oběma rukama přístroj a bez dalšího odkladu do něj foukl.";"PONECHAT";"Funkční, konkrétní."
"XI";"Tester se rozpípal.";"PONECHAT";"Krátké, funkční."
"XI";"„Tak co? Ukaž mi to.“";"PONECHAT";"Funkční."
"XI";"„Nula celá nula šest,“ řekl Jakub bez viditelných emocí.";"PONECHAT";"Funkční, ""bez viditelných emocí"" dobře charakterizuje jeho vyprahlost."
"XI";"„To nemyslíš vážně. Dýchni ještě jednou.“";"PONECHAT";"Funkční, ukazuje nedůvěru."
"XI";"Jakub neuposlechl a podal alkohol tester seržantovi.";"PONECHAT";"Funkční, gesto klidné jistoty."
"XI";"Ten se podíval na displej.";"PONECHAT";"Krátké, funkční."
"XI";"Svítilo na něm 0,00.";"PONECHAT";"Konkrétní, funkční pointa."
"XI";"Jakub Švarc se na svého šéfa usmál.";"PONECHAT";"Krátké gesto, dobrá tichá satisfakce."
"XI";"„Moc vtipné.“";"PONECHAT";"Krátké, funkční."
"XI";"„Můžu už jít na směnu? Už je to nějaká doba, co jsem nějakému hašišákovi pořádně zmaloval hubu. Děláme to ještě, nebo je to dnes moc nekorektní?“ zeptal se Jakub.";"PONECHAT";"Drsný, cynický humor - dobrá charakterizace ""staré školy"" policisty, funguje."
"XI";"„Nebyl jsi pryč ani rok, co čekáš, že by se mělo změnit?“";"PONECHAT";"Klíčové - ""nebyl jsi pryč ani rok"" - časová kotva odpovídající roku od nehody/smrti syna, důležitá pro chronologii."
"XI";"Jakubovi se zachmuřil výraz.";"PONECHAT";"Krátké gesto."
"XI";"„Já vím, ale mně to přijde jako padesát let. Když jsem před týdnem přišel škemrat o návrat, nikoho jsem tu nepoznal. Všechny staré páky jsou pryč, ale zato je tu spousta dětí v uniformách s pistolkami. Cítím se tu jak na kovbojském maškarním.“";"PONECHAT";"Dobrá, hovorová charakterizace jeho odcizení a stárnutí, silné přirovnání (""kovbojský maškarní"")."
"XI";"Seržant Kalousek nevěnoval Jakubovým bonmotům pozornost.";"PONECHAT";"Funkční."
"XI";"„Ještě si sedni. Promluvíme si,“ řekl a sám se posadil.";"PONECHAT";"Funkční, buduje napětí před vážným rozhovorem."
"XI";"„A o čem? Chci do terénu.“";"PONECHAT";"Funkční, ukazuje jeho neochotu k rozhovoru."
"XI";"„Sedni, je to rozkaz.“";"PONECHAT";"Krátké, funkční."
"XI";"„Tak přece se něco změnilo,“ podotkl Jakub, zatímco si došel pro židli do rohu místnosti a postavil ji před stůl.";"PONECHAT";"Funkční, ironická poznámka."
"XI";"Seržant chvíli mlčel, jako by zapomněl, co chtěl vlastně říct.";"PONECHAT";"Funkční, buduje napětí."
"XI";"Jakub se cítil víc znuděný než rozpačitý";"PONECHAT";"Funkční, charakterizace."
"XI";"věděl přesně, co se šéfovi honí hlavou.";"PONECHAT";"Funkční."
"XI";"Bylo by lepší, kdyby se na to vykašlal.";"PONECHAT";"Funkční, vnitřní myšlenka."
"XI";"Ani jeden o tuhle debatu nestojíme, pomyslel si.";"PONECHAT";"Funkční, dobrá empatická domněnka."
"XI";"„Tak jak se máš?“ řekl nakonec Kalousek.";"PONECHAT";"Odkaz na opakovanou, otravnou frázi z kap. III (""Jak se máte?"") - teď v jiném, mužském/policejním kontextu, dobrá stavební linka."
"XI";"„Děláš si ze mě prdel?“";"PONECHAT";"Ostrá, hovorová reakce na prázdnou frázi - přesně reaguje na to, co Tomáš v kap. III jen tiše nesnášel, tady je to řečeno nahlas."
"XI";"Kalousek odvrátil zrak a zatahal se za límec u košile.";"PONECHAT";"Konkrétní gesto nervozity."
"XI";"„Jsme rádi, že ses vrátil. Vždycky jsi byl skvělý policista a chlap. Ve sboru jsi dokonce taková naše lokální legenda.“";"PONECHAT";"Funkční, zavádí očekávané ""ale""."
"XI";"Jakub čekal na „ale“.";"PONECHAT";"Krátké, funkční, dobrá ironie odhalující strukturu rozhovoru."
"XI";"„… Ale.“";"PONECHAT";"Krátké, komicky předvídatelné, funguje."
"XI";"„Už jsme o tom mluvili. Myslel jsem, že jsme to uzavřeli, a doufal jsem, že to budeš respektovat,“ přerušil ho Jakub.";"PONECHAT";"Funkční, ukazuje jeho podráždění."
"XI";"„Já vím, ale chci se naposled zeptat, jestli se něco nezměnilo. Pochop mě, chci ti vyjít ve všem vstříc, ale taky zodpovídám za celý sbor a jeho práci. Nemůžu dopustit, aby se tady cokoliv stalo.“";"PONECHAT";"Funkční, ukazuje Kalouskovu opatrnou byrokratickou úzkost."
"XI";"„Co tím chceš říct? Co by se asi mělo stát? Bojíš se, že půjdu ožralej do služby a někoho třeba napadnu? Nebo že mi mrdne v hlavě a začnu na náměstí kolem sebe střílet?“";"PONECHAT";"Ostrá, vulgární konfrontace - Jakub sám pojmenovává obavy, které Kalousek neřekl nahlas, silné a funkční."
"XI";"Seržant se vzchopil.";"PONECHAT";"Krátké gesto."
"XI";"„Řekněme si to na rovinu. I když pomineme to, co se ti stalo, nebo to, že jsi měl problémy s pitím…“";"PONECHAT";"Funkční, opatrně naráží na tragédii."
"XI";"„Už nepiju.“";"PONECHAT";"Krátké, obranné, ironicky kontrastuje s testerem 0,06 z úvodu."
"XI";"„… že jsi měl problémy s pitím. Pak je tu ještě ten problém, že jsi starý.“";"PONECHAT";"Funkční, přímá věková diskriminace."
"XI";"Jakub nic neříkal.";"PONECHAT";"Krátké, silné mlčení."
"XI";"„Neříkám, že musíš hned do penze. Mohl bych ti najít nějaké místo v kanclu. Třeba na dispečinku nebo…“";"PONECHAT";"Funkční, nabídka degradace."
"XI";"„Nebo bych mohl dělat sekretářku. Mohl bych tu vařit kafe, psát na stroji hlášení a rovnou si vzít sukni. Co jiného taky s vychlastaným dědkem, co se mu oběsil kluk.“";"PONECHAT";"Klíčová, drtivá věta - poprvé explicitně zmiňuje Jakubovu tragédii (syn se oběsil) přímo jeho vlastními, sarkastickými, sebeponižujícími slovy. Silná charakterizace jeho bolesti skrze hořký humor, nesahat."
"XI";"„Jakube, takhle jsem to nemyslel.“";"PONECHAT";"Funkční, provinilá reakce."
"XI";"„Ser na to,“ řekl Jakub.";"PONECHAT";"Krátké, vulgární, uzavírá téma."
"XI";"Seržant Kalousek vstal a narovnal se.";"PONECHAT";"Funkční, přechod k praktickým věcem."
"XI";"„Rozumím, už o tom nebudeme mluvit. Potřeboval bych probrat ještě organizační záležitosti. Takže, jak jsme se domluvili. Nástupní den jsi měl oficiálně včera. Máš všechno?“";"PONECHAT";"Funkční, byrokratický přechod - dobrý kontrast po emočně vypjaté výměně."
"XI";"„Jo, včera jsem byl za tím blonďákem.“";"PONECHAT";"Funkční."
"XI";"„Jaromír,“ doplnil ho Kalousek.";"PONECHAT";"Odkaz na jméno Jaromír z kap. VI (Tomášův kolega) - buď náhodná shoda jmen, nebo jemná stavební linka napříč zdánlivě nesouvisejícími dějovými liniemi."
"XI";"„No, asi ten, to je jedno. Všechno jsem vyfasoval a šel jsem zase domů.“";"PONECHAT";"Funkční."
"XI";"„To bychom tedy měli. Na směnách jsme se domluvili, že budeš dělat osmičky a jen denní. Tedy včetně víkendů a svátků, ale bude to jen základní směna – čtyřicet hodin týdně.“";"PONECHAT";"Funkční, byrokratický detail, dodává věrohodnost."
"XI";"„Jasně.“";"PONECHAT";"Krátké, funkční."
"XI";"„A na první směně v terénu jsme se domluvili na středu, čtvrtek, nebo až na pondělí?“";"PONECHAT";"Funkční, důležité pro následnou časovou linku vyšetřování."
"XI";"„Na dnešek,“ řekl Jakub a protáhl si záda.";"PONECHAT";"Funkční."
"XI";"„Už je vlastně čtvrtek. Nějak to přestávám vnímat.“";"PONECHAT";"Klíčová věta - potvrzuje, že je čtvrtek, důležité pro časovou osu Klářina úmrtí (zemřela ve středu v noci, viz odst. 109)."
"XI";"„No nic, poslední věc. Máme tu nového kluka, co chce na kriminálku. Momentálně dělá hlídkaře, je tam asi tři měsíce. Zatím jsme s ním neměli žádný průser, ale nevím. Ještě nevím, co si o něm mám myslet,“ řekl nejistě Kalousek a pak dodal: „Nechci ho hned dávat na kriminálku, nevím, jestli se na to hodí. Po tobě chci, abys s ním nějakou dobu jezdil na hlídky, trochu ho zaučil a pak mi dal report, jestli se hodí ke kriminálce.“";"PONECHAT";"Funkční, zavádí nového parťáka - důležité pro pozdější, mrazivé odhalení jeho jména."
"XI";"„Dej mi tři měsíce a buď se tam bude hodit, nebo uteče od policie.“";"PONECHAT";"Funkční, charakterizace Jakubovy přímočarosti."
"XI";"„Něco takového jsem čekal, že řekneš. Dobře, domluveno. Kluk na tebe čeká dole. Nějaké dotazy?“";"PONECHAT";"Funkční."
"XI";"Švarc se přihlásil.";"PONECHAT";"Krátké, funkční."
"XI";"„Prosím,“ vyzval ho Kalousek.";"PONECHAT";"Krátké, funkční."
"XI";"„Jak se jmenuje?“";"PONECHAT";"Funkční, zavádí klíčové odhalení jména."
"XI";"Seržant Kalousek otevřel ústa, ale nepromluvil hned.";"PONECHAT";"Znepokojivé zaváhání - naznačuje, že ví, jak jméno zabolí, dobrá předzvěst."
"XI";"„Jmenuje se Dostál.“";"PONECHAT";"Funkční."
"XI";"„A křestním?“";"PONECHAT";"Funkční, gradace napětí."
"XI";"„Je to Martin. Martin Dostál.“";"PONECHAT";"MRAZIVÁ, klíčová věta - jméno nového parťáka je shodné s Jakubovým zemřelým synem (a zároveň i s Tomášovým kolegou Martinem z kap. II/IV/IX, který také spáchal sebevraždu oběšením). Nejsilnější, nejtemnější detail celé kapitoly, nesahat ani slovo."
"XI";"Jakub Švarc sloužil u policie přes třicet let.";"PONECHAT";"Funkční, zavádí biografický odstavec."
"XI";"První mrtvé tělo viděl v devatenácti jako rotný u Veřejné bezpečnosti, když mladému páru z činžáku na Pardubicku začala prosakovat voda skrz strop a z bytu nad nimi se linul hnilobný zápach.";"PONECHAT";"Konkrétní, historicky zakotvený detail (Veřejná bezpečnost = socialistická policie), dobré ukotvení jeho dlouhé kariéry."
"XI";"Zamčené dveře museli vyrazit.";"PONECHAT";"Funkční, předjímá pozdější scénu vyrážení dveří u Kláry - dobrá stavební linka."
"XI";"V posteli ležela paní Novotná; bylo by jí 78, ale zemřela už v 76.";"PONECHAT";"Konkrétní, funkční."
"XI";"Šlo o bizarní anatomický úkaz, jako by mrtvou tetku nakreslil Salvador Dalí.";"PONECHAT";"Silné, originální přirovnání (surrealistický rozklad těla), dobrý černý humor, nesahat."
"XI";"Obličej se zvedal obludně vysoko, přestože jeho okraje prosákly skrz matraci až na podlahu, a hrudník byl nepřirozeně propadlý skrz žebra jako eidam skrz rošty mastného grilu.";"PONECHAT";"Groteskní, hyperrealistický obraz rozkladu - drastický, ale funkční, přesně v tónu hororové groteskní estetiky knihy."
"XI";"Policista stojící nejblíže prohlásil: „Dejte vařit vodu, uděláme si z báby černej čaj. Mladej vypadá, že mu je blbě.“";"PONECHAT";"Šokující černý humor jako obranný mechanismus policistů - důležitá charakterizace profesní otupělosti, funguje jako předzvěst Jakubovy vlastní pozdější podobné poznámky u Klářina těla."
"XI";"Jakub se ten večer podruhé v životě opil do bezvědomí a z popíjení si pak udělal nenápadnou celoživotní rutinu.";"PONECHAT";"Funkční, zavádí jeho alkoholismus."
"XI";"Dvě tři piva, jeden, dva, tři, čtyři panáky – samozřejmá denní norma, která nikdy neohrozila službu";"PONECHAT";"Konkrétní, věrohodný detail dlouhodobého alkoholismu."
"XI";"na šichtě nasával všechno to svinstvo jako houba a držel to v sobě až do hospody třetí cenové.";"PONECHAT";"Silná metafora (""nasával jako houba""), dobrá charakterizace jeho emoční potlačenosti."
"XI";"K tomu měl ještě jednu pro policii přínosnou vlastnost, získanou výchovou a umocněnou vojnou: naprostou poslušnost.";"PONECHAT";"Funkční, dodává historicko-sociální kontext jeho generace."
"XI";"Rozkaz byl rozkaz a kariéra strmě stoupala.";"PONECHAT";"Funkční."
"XI";"Daň platil doma.";"PONECHAT";"Krátká, silná pointa - cena kariérního úspěchu, dobrý přechod k rodinné tragédii."
"XI";"Po smrti syna Martina nezbyl jemu ani jeho ženě Markétě nikdo, o koho by se opřeli";"PONECHAT";"Klíčová věta - potvrzuje jméno mrtvého syna (Martin) definitivně, kontext pro mrazivou pointu s novým parťákem."
"XI";"vzájemně se nenáviděli a obviňovali z jeho smrti – on v řídkých chvílích střízlivosti, ona ve svých příčetnějších obdobích.";"PONECHAT";"Silná, symetrická věta o vzájemném obviňování - dobrá paralela k Tomáš/Klára dynamice napříč celou knihou (oba páry ničí vzájemná vina po tragédii), nesahat."
"XI";"…";"PONECHAT";"Typografický scénický předěl."
"XI";"„Kde jste ji viděla naposled?“";"PONECHAT";"Funkční, zahajuje vyšetřovací scénu."
"XI";"„Ve středu, normálně ve škole.“";"PONECHAT";"Klíčová věta - potvrzuje časovou osu (naposledy viděna ve středu)."
"XI";"„Ve škole? Neříkala jste, že jí je devětadvacet?“ zeptal se Jakub Švarc paní Petrželkové.";"PONECHAT";"Funkční."
"XI";"„Možná už třicet, nejsem si jistá. Je to moje kolegyně, také učitelka.“";"PONECHAT";"Funkční, potvrzuje Klářino povolání."
"XI";"„Rozumím.“";"PONECHAT";"Krátké, funkční."
"XI";"„Kontaktovali jste ji, nebo někdo jiný z učitelského sboru?“";"PONECHAT";"Funkční."
"XI";"„Samozřejmě,“ odpověděla Petrželková.";"PONECHAT";"Funkční."
"XI";"„Ve čtvrtek jsme se jí zkoušeli dovolat. Nebrala to.“";"OVĚŘIT";"Časová nesrovnalost - o dva odstavce výše bylo řečeno, že šlo o středu, teď ""ve čtvrtek"" - buď záměrně matoucí svědecká výpověď (charakterizace zmatené paní Petrželkové), nebo nekonzistence k opravě. Vzhledem k dalším zmatkům v její výpovědi (odst. 61-63) jde pravděpodobně o záměr."
"XI";"„A vám to nepřišlo divné? Co jste dělali potom?“";"PONECHAT";"Funkční."
"XI";"„S ředitelem jsme jeli k ní domů.“";"PONECHAT";"Funkční."
"XI";"„Kdy?“";"PONECHAT";"Krátké, funkční."
"XI";"„Před chvílí. Hned potom jsme jeli sem. Nikdo neotevíral a už nám to přišlo divné.“";"PONECHAT";"Funkční."
"XI";"Švarcovi se sevřel žaludek.";"PONECHAT";"Krátké, tělesná reakce - profesionální předtucha, funguje."
"XI";"„Divné to samozřejmě je. Proč jste nezavolala policii okamžitě?“";"PONECHAT";"Funkční, frustrace z opožděné reakce."
"XI";"„Nevěděla jsem, že můžu. Mysleli jsme, že policie může vyhlásit pátrání až po osmačtyřiceti hodinách od zmizení. A navíc jsme si mysleli, že je jí jen špatně.“";"PONECHAT";"Funkční, věrohodný lidový mýtus (48 hodin), dobrá charakterizace laické neznalosti."
"XI";"Ježíši Kriste, tohle nedopadne dobře, pomyslel si Jakub.";"PONECHAT";"Silná, tichá věta - jeho profesní instinkt už tuší nejhorší, funguje jako narůstající napětí."
"XI";"„Čtyřicet osm hodin? Kde jste na to proboha přišla? To je jedno. Měla jste nám zavolat neprodleně.“";"PONECHAT";"Funkční, frustrovaná reakce."
"XI";"Petrželková se začala třást a něco koktat.";"PONECHAT";"Funkční, tělesná reakce na stres."
"XI";"Jakub si uvědomil, že začal zbytečně panikařit; stačilo, že už před ním seděla vyděšená žena.";"PONECHAT";"Silná, sebereflexivní věta - ukazuje jeho profesionalitu i přes vlastní úzkost."
"XI";"Sám se musel uklidnit.";"PONECHAT";"Krátké, funkční."
"XI";"„To nic, nic se neděje. Všechno v klidu projdeme a pak k ní zajedeme.“";"PONECHAT";"Funkční, uklidňující tón."
"XI";"Obrátil se ke dveřím.";"PONECHAT";"Krátké gesto."
"XI";"„Moniko, přineste mi sklenici vody. A vy si dáte něco?“";"PONECHAT";"Funkční, zavádí komickou odbočku o čaji."
"XI";"„Mátový čaj, prosím,“ řekla paní Petrželková.";"PONECHAT";"Funkční."
"XI";"„Moniko, ještě mátový čaj prosím.“";"PONECHAT";"Funkční."
"XI";"„Mátový nemáme.“";"PONECHAT";"Krátké, funkční, zavádí komickou vsuvku uprostřed napětí."
"XI";"„Tak lipový, prosím.“";"PONECHAT";"Funkční."
"XI";"„Ten taky nemáme. Mohla bych vám nabídnout černý, bylinkový, s lesními plody…“";"PONECHAT";"Absurdní, protahovaná byrokratická scéna - dobrá komická úleva před tragickým rozuzlením, funguje jako kontrastní tempo."
"XI";"„Moniko, prosím vás,“ přerušil ji Švarc.";"PONECHAT";"Funkční, jeho netrpělivost."
"XI";"„Nejsme kavárna. Prostě přineste tu vodu a nějaký čaj!“";"PONECHAT";"Funkční, frustrovaná replika."
"XI";"Otočil se zpět k ženě.";"PONECHAT";"Krátké gesto, návrat k vážnému tématu."
"XI";"„Vy mi zatím všechno popořadě zopakujte. Říkala jste Petrželková?“";"PONECHAT";"Funkční, restart výslechu."
"XI";"„To je moje jméno.“";"PONECHAT";"Krátké, funkční."
"XI";"„Pardon. Jak se tedy jmenuje pohřešovaná?“";"PONECHAT";"Funkční."
"XI";"„Klára Vondrušková.“";"PONECHAT";"KLÍČOVÁ věta - definitivní potvrzení, o koho jde, čtenář si spojí souvislosti s celou předchozí knihou, silný moment poznání."
"XI";"„Věk?“";"PONECHAT";"Krátké, funkční."
"XI";"„Třicet, devětadvacet, možná jednatřicet…“";"PONECHAT";"Funkční, dobrá charakterizace nejisté svědkyně."
"XI";"„Takže kolem třiceti.“";"PONECHAT";"Krátké, funkční."
"XI";"Švarc si udělal poznámku do formuláře.";"PONECHAT";"Krátké gesto, dobrý rytmus úředního postupu."
"XI";"„Kdy jste ji začali pohřešovat?“";"PONECHAT";"Funkční."
"XI";"„Včera, kolem osmé ráno, když nepřišla do školy.“";"PONECHAT";"Funkční, další časový bod."
"XI";"„A pak jste se jí zkoušeli dovolat. Když to nebrala, tak jste za ní vyrazili?“";"PONECHAT";"Funkční, rekapitulace."
"XI";"„Ano, ale jeli jsme za ní až dnes. A potom hned sem.“";"PONECHAT";"Funkční."
"XI";"Jakub Švarc se podíval na hodiny.";"PONECHAT";"Krátké gesto."
"XI";"Bylo půl sedmé večer.";"PONECHAT";"Funkční, konkrétní čas."
"XI";"„Až dnes? To jste ji celý včerejšek nehledali?“";"PONECHAT";"Funkční, frustrace nad zpožděním."
"XI";"„Vždyť jsme za ní s ředitelem dnes jeli.“";"PONECHAT";"Funkční."
"XI";"„Je půl sedmé večer,“ zopakoval Švarc nevěřícně.";"PONECHAT";"Funkční, opakuje pro důraz."
"XI";"„No… měli jsme toho hodně, jsou maturity… Mysleli jsme, že je jí jen špatně. Nějak nás to nenapadlo.“";"PONECHAT";"Funkční, mrazivě banální omluva za zpoždění, které stálo drahocenný čas."
"XI";"Jakub Švarc si slyšitelně povzdechl.";"PONECHAT";"Krátké gesto frustrace."
"XI";"„Myslíte, že by mohla být nebezpečná sama sobě?“";"PONECHAT";"Funkční, klíčová otázka."
"XI";"Do místnosti vešla Monika a na stůl položila tác s čajem a karafou vody.";"PONECHAT";"Funkční přechod."
"XI";"„To je černý čaj?“ zeptala se paní Petrželková.";"PONECHAT";"Absurdní, banální otázka uprostřed vážného vyšetřování - dobrý černý humor kontrastu."
"XI";"„Ten já teď nemůžu pít, večer bych vůbec nespala. Mám nové prášky na srdce a mám co dělat, abych před dvanáctou zabrala. Opravdu tam nemáte lipový?“";"PONECHAT";"Groteskně detailní, nepodstatná odbočka - výborně charakterizuje otupělost/banalitu reagující na blížící se tragédii, nesahat, funguje přesně díky své nepatřičnosti."
"XI";"„Myslíte, že by si mohla něco udělat?“ zopakoval Švarc důrazněji.";"PONECHAT";"Funkční, znovu klade klíčovou otázku."
"XI";"„Klára?“";"PONECHAT";"Krátké, zavádí odpověď."
"XI";"„Ano,“ přikývl.";"PONECHAT";"Krátké, funkční."
"XI";"„Proboha, snad ne. Tak mladá, vždyť měla všechno před sebou.“";"PONECHAT";"Funkční, konvenční, ale upřímná reakce."
"XI";"„Neměla nějaké problémy? Nestalo se jí v poslední době něco?“";"PONECHAT";"Funkční."
"XI";"„No, co já vím, tak dochází k psychologovi. To kvůli jejímu partnerovi.“";"PONECHAT";"Funkční, potvrzuje existenci ""psychologa"" (Garniera) i z vnějšího, objektivního pohledu."
"XI";"„Žijí spolu?“";"PONECHAT";"Funkční."
"XI";"„Ne.“";"PONECHAT";"Krátké, funkční."
"XI";"„Máte na něj kontakt?“";"PONECHAT";"Funkční."
"XI";"„Ne… on nežije.“";"PONECHAT";"KLÍČOVÝ zvrat - z vnějšího, objektivního pohledu svědkyně potvrzuje, že Tomáš je skutečně mrtvý. Zásadní pro definitivní vyjasnění reality knihy, nesahat."
"XI";"Švarc odložil tužku, opřel se do židle a upřeně se na paní Petrželkovou podíval.";"PONECHAT";"Funkční, gesto překvapení/zájmu."
"XI";"„Prosím?“";"PONECHAT";"Krátké, funkční."
"XI";"„Zemřel. Před rokem, při autonehodě. Hrozná tragédie.“";"PONECHAT";"KLÍČOVÁ věta - definitivně, z nezávislého vnějšího zdroje potvrzuje, že Tomáš skutečně zemřel při autonehodě před rokem. Rozhoduje mezi konkurenčními verzemi příběhu z kap. IX (kde Klára ve snu tvrdila, že přežil) - potvrzuje, že to byla lež/sebeklam, a Tomáš je opravdu mrtev. Nejdůležitější objektivní fakt v celé knize, nesahat ani slovo."
"XI";"Petrželková se na chvíli odmlčela a ukazováčkem si posunula brýle ke kořenu nosu.";"PONECHAT";"Konkrétní gesto, dobrý rytmus před dalším odhalením."
"XI";"„Myslím, že to zvládá, ale… Nechci, abyste si myslel, že jsem blázen. Nejsem žádná vědma ani nejsem pověrčivá, ale člověk nikdy neví, co je mezi nebem a zemí.“";"PONECHAT";"Funkční, zavádí následující znepokojivé odhalení o Klářině chování."
"XI";"O čem to zase mele? pomyslel si Švarc.";"PONECHAT";"Funkční, ukazuje jeho netrpělivost."
"XI";"Jestli neměl Kalousek pravdu.";"PONECHAT";"Krátké, sebekritická myšlenka - odkaz na scénu z úvodu kapitoly o jeho způsobilosti."
"XI";"Jsem na to už starý a unavený.";"PONECHAT";"Silná, tichá věta o vyčerpání."
"XI";"Měl jsem se rovnou zeptat na adresu a tu bábu poslat domů.";"PONECHAT";"Funkční, sebekritická myšlenka."
"XI";"Jenže také věděl, že v tomhle případě už nemá cenu spěchat.";"PONECHAT";"Klíčová, tichá věta - jeho zkušenost mu už napovídá, že je pozdě, silné foreshadowing."
"XI";"Za třicet let u policie zažil tohle tolikrát, že přesně tušil, co ho po příjezdu na místo čeká.";"PONECHAT";"Funkční, potvrzuje jeho pochmurnou předtuchu."
"XI";"„On tam s ní stále žije,“ pronesla najednou Petrželková.";"PONECHAT";"Šokující, klíčová věta - odhaluje, že Klářino chování bylo pozorováno i zvenčí (kolegyní), potvrzuje, že nešlo jen o čtenářský dojem, ale o objektivně pozorovatelné bludy."
"XI";"„Prosím?“";"PONECHAT";"Krátké, funkční."
"XI";"„Já si myslím, že ve skutečnosti neodešel. Že tam s ní žije dál, jako duch nebo anděl,“ vysvětlila.";"PONECHAT";"KLÍČOVÁ věta - definitivně, z vnějšího zdroje potvrzuje, že celá ""ghost Tomáš"" linka byla Klářin sdílený, pozorovatelný blud, ne objektivní realita ani jen čtenářská konvence. Zásadní pro interpretaci celé knihy, nesahat."
"XI";"„A na to jste přišla jak?“";"PONECHAT";"Funkční."
"XI";"„Sama to říkala. Že tam s ní je. Mluvila o tom, že se jí zjevuje v zrcadle, že mu normálně vaří. Myslí si, že tu nehodu přežil a je teď jen nemocný.“";"PONECHAT";"Funkční shrnutí - potvrzuje, že Klára svým kolegům otevřeně mluvila o svém bludu, dobrá tragická charakterizace jejího zoufalství a osamělosti (nikdo jí nepomohl dřív)."
"XI";"„Já teď asi vůbec nechápu,“ přerušil ji Švarc.";"PONECHAT";"Funkční, ukazuje jeho zmatení."
"XI";"„No, říkám, že se tu může dít něco, čemu nerozumíme. Jednou třeba měla incident se sousedovic jezevčíkem. Prý ten její Tomáš, ten duch, toho jezevčíka roztrhal a pak se ztratila jeho hlava. To by si přece Klára jen tak nevymyslela.“";"PONECHAT";"Definitivně potvrzuje jezevčíkovu vraždu jako skutečnou, veřejně známou událost - a naivní důvěru kolegyně v Klářinu nadpřirozenou verzi příběhu (""to by si nevymyslela"") jako tragickou ironii, čtenář už z kap. IX ví, že si to vymyslela/udělala sama."
"XI";"„Martine!“ zařval Švarc směrem ke dveřím.";"PONECHAT";"Klíčové - první výkřik jména ""Martine"", zavádí gradující napětí kolem tohoto jména napříč zbytkem kapitoly."
"XI";"„Ano, šéfe?“ ozvalo se z chodby.";"PONECHAT";"Funkční."
"XI";"„Klíče od auta. Okamžitě vyrážíme.“";"PONECHAT";"Funkční, zavádí finální akt kapitoly."
"XI";"…";"PONECHAT";"Typografický scénický předěl."
"XI";"„Jedeme správně?“ zeptal se Martin.";"PONECHAT";"Funkční."
"XI";"„Na to se vykašli, prostě se drž hasičů,“ odsekl Jakub.";"PONECHAT";"Funkční, drsný, praktický tón."
"XI";"„A ještě tu nejsme. Trochu to tady znám, myslím, že je to o pár ulic vedle.“";"PONECHAT";"Funkční."
"XI";"Martin na křižovatce zahnul doleva, přesně jako řidič hasičského vozidla před ním.";"PONECHAT";"Funkční, konkrétní."
"XI";"„Až tam budem, tak neparkuj hned u vchodu, ať případně neblokujeme přístupovou cestu pro nosítka.“";"PONECHAT";"Funkční, profesionální detail - mrazivě předjímá, že nosítka budou skutečně potřeba."
"XI";"„Já vím, vím.“";"PONECHAT";"Krátké, funkční."
"XI";"„A nedržkuj pořád.“";"PONECHAT";"Krátké, drsné, charakterizuje Jakubovu podrážděnost/mentorský styl."
"XI";"Sotva to dořekl, uvědomil si, že to přehnal.";"PONECHAT";"Funkční, sebereflexe."
"XI";"Byl ale příliš unavený na to, aby filtroval, co říká a co si jen myslí.";"PONECHAT";"Funkční, dobrá charakterizace jeho vyčerpání."
"XI";"Na druhou stranu, byl už v pozici, kdy si mohl dovolit říkat, co chtěl.";"PONECHAT";"Funkční, ukazuje jeho seniorní status/rezignaci."
"XI";"Hasičské auto zaparkovalo na trávníku; Martin zastavil vedle něj na chodníku.";"PONECHAT";"Funkční, konkrétní."
"XI";"Během necelé minuty dorazila i očekávaná záchranná služba.";"PONECHAT";"Funkční, buduje napětí gradací příjezdů složek."
"XI";"Martin přistoupil ke dveřím tak blízko, že se jich málem dotkl nosem, pak si levou nohou odměřil jeden krok dozadu.";"PONECHAT";"Konkrétní, komické gesto mladické horlivosti."
"XI";"Švarc tušil, co přijde, ale už ho nestihl zastavit.";"PONECHAT";"Funkční, buduje napětí."
"XI";"Martin se napřáhl a vší silou kopl do oblasti zámku.";"PONECHAT";"Funkční, akce."
"XI";"Noha mu ale po hladkém kovu sjela a on sám málem ztratil rovnováhu.";"PONECHAT";"Komické selhání - dobrá úleva napětí před vážnou scénou uvnitř."
"XI";"„Au! Kurva! Do píči!“";"PONECHAT";"Vulgární, komická reakce, funguje jako odlehčení."
"XI";"„Co tady, proboha, předvádíš?!“ okřikl ho Švarc.";"PONECHAT";"Funkční."
"XI";"„Co asi?!“";"PONECHAT";"Krátké, funkční."
"XI";"„Uhni, jen překážíš hasičům. Tak uhni!“";"PONECHAT";"Funkční."
"XI";"Martin odstoupil od dveří a málem vrazil do dvou mužů v kombinézách s hydraulickými nůžkami.";"PONECHAT";"Funkční, komická choreografie chaosu."
"XI";"„Jsou to bezpečnostní dveře, ty nevykopneš, ani kdyby ses rozkrájel,“ pokračoval Jakub.";"PONECHAT";"Funkční, pokračuje mentorský tón."
"XI";"„Takhle blbě bys nevykopl ani stoletý zrezivělý zámek. I běžný zámek je z pořádného kusu tvrzeného kovu. Když už chceš vyrazit dveře, musíš mířit na futra, na rám. Tam je dřevo, které můžeš při dostatečné síle prorazit.“";"PONECHAT";"Funkční, technický výklad zde funguje jako charakterizace zkušeného mentora, ne jako zbytečná vata - kontextově odlišné od problematických klinických pasáží jinde."
"XI";"Hasiči mezitím dveře s pomocí hydrauliky otevřeli.";"PONECHAT";"Funkční, akce pokračuje."
"XI";"„Jdeme první,“ zavelel Švarc.";"PONECHAT";"Funkční."
"XI";"„Paní Vondrušková, policie! Jste v pořádku?“";"PONECHAT";"Funkční, standardní policejní protokol."
"XI";"Nikdo se neozval.";"PONECHAT";"Krátká, mrazivá věta ticha."
"XI";"„Martine, buď opatrný. Ta ženská je zjevně šílená.“";"PONECHAT";"Trpce ironické - Jakub varuje před ""šílenou ženou"", nevěda, že najdou jen její tělo, silná dramatická ironie."
"XI";"„Dobře.“";"PONECHAT";"Krátké, funkční."
"XI";"„Běž doprava, já vezmu kuchyň.“";"PONECHAT";"Funkční, rozdělují prostor."
"XI";"V kuchyni nic nebylo, a tak Jakub Švarc přešel do obývacího pokoje.";"PONECHAT";"Funkční, přechod."
"XI";"Místnosti dominovala televize, gauč a vitrína s cetkami.";"PONECHAT";"Odkaz na popis obýváku z kap. VI - konzistentní prostor."
"XI";"Pokoj však působil zvláštně, poloprázdně.";"PONECHAT";"Funkční, buduje zlověstnou atmosféru."
"XI";"Bylo v něm sice dost porcelánu a sošek, ale chyběly jakékoliv fotografie nebo osobnější předměty.";"PONECHAT";"Znepokojivý detail - absence osobních věcí, možná naznačuje, že je odstranila/schovala před smrtí, dobrý, tichý detail."
"XI";"Jeho pozornost upoutaly další police.";"PONECHAT";"Funkční přechod."
"XI";"Ležel na nich prach, ve kterém byly zřetelné čisté obrysy – negativní stopy po předmětech, které odtud někdo nedávno odnesl.";"PONECHAT";"Silný, detektivně přesný detail - naznačuje přípravu/rozloučení před smrtí, funguje jako tichá stopa."
"XI";"„Tady čistý, jdu nahoru,“ ozval se Martin z chodby.";"PONECHAT";"Funkční, koordinace prohlídky."
"XI";"„Dobře, běž. Já se podívám ještě tady dole.“";"PONECHAT";"Funkční."
"XI";"Švarcův pohled padl na jednu zvláštní hračku; už ji někde viděl.";"PONECHAT";"Funkční, zavádí symbol rázostroje z vnějšího, cizího pohledu poprvé."
"XI";"Rázostroj, pomyslel si.";"PONECHAT";"Krátké, funkční, potvrzuje rozpoznání."
"XI";"Dřevěný podstavec, dva ocelové rámy a mezi nimi pět kuliček zavěšených na tenkých strunách.";"PONECHAT";"Návrat technického popisu houpačky - tentokrát z pohledu cizího pozorovatele (policisty), dobrá stavební linka symbolu napříč celou knihou."
"XI";"Pohybují se v monotónním, předem daném rytmu, dokud jim nedojde energie.";"PONECHAT";"Funkční, filozofická meditace nad symbolem."
"XI";"Nemohou se urvat z rámu ani si zvolit nehybnost.";"PONECHAT";"Silná metafora osudové determinace - rezonuje s celým příběhem Kláry a Tomáše, nemohli uniknout své dráze."
"XI";"Dokonce i ten pohyb, jediná činnost, pro kterou byly stvořeny, nevychází z nich samých.";"PONECHAT";"Klíčová filozofická věta o nedostatku svobodné vůle, nesahat."
"XI";"Čekají, dokud vnější síla nerozhodne jinak a neudělí jim prvotní impulz.";"PONECHAT";"TITULNÍ věta knihy - ""impulz"" jako vnější, ne vlastní síla, definitivně uzavírá symbolický význam houpačky jako metafory celého příběhu (oba hrdinové čekali na impulz zvenčí, který nikdy nepřišel jako záchrana, jen jako zkáza). Nejdůležitější symbolická věta celé knihy, nesahat ani slovo."
"XI";"„Šéfe! Našel jsem ji! Honem!“";"PONECHAT";"Funkční, vrchol napětí."
"XI";"Kam bys spěchal, chlapče? pomyslel si Švarc.";"PONECHAT";"Mrazivě smutná, zkušená myšlenka - už ví, že spěchat nemá smysl, silné a tiché."
"XI";"Hnilobný zápach zaznamenali už před dveřmi ložnice.";"PONECHAT";"Funkční, smyslový detail potvrzující nejhorší."
"XI";"Scéna uvnitř vypadala, jako když malíř spadne ze štaflí a převrhne kýbl s červenou barvou.";"PONECHAT";"Silné, distancované přirovnání - použití obrazu malby místo přímého popisu krve je účinný, méně explicitní způsob vyjádření hrůzy, funguje."
"XI";"Tak nějak vypadá místo činu po tepenném krvácení.";"PONECHAT";"Funkční, profesně věcný komentář."
"XI";"Zasažena byla hlavně postel; zjevně se podřezala v ní.";"PONECHAT";"Funkční, potvrzuje způsob smrti."
"XI";"Klára Vondrušková měla hlubokou podélnou rýhu na levém zápěstí – věděla, co dělá.";"PONECHAT";"KLÍČOVÁ věta - ""podélnou"" definitivně potvrzuje naplnění proroctví z kap. III (""kdyby se chtěla zabít, musela by se říznout podélně""). Uzavírá tuhle stavební linku s naprostou přesností, nesahat ani slovo."
"XI";"Pitva později ukázala, že k úmrtí došlo ve středu v noci.";"PONECHAT";"Funkční, definitivní časová kotva."
"XI";"I kdyby Petrželová zavolala policii hned ve čtvrtek ráno, už by bylo pozdě.";"PONECHAT";"Silná, drtivá věta - potvrzuje, že žádná rychlejší reakce by ji nezachránila, tragická nevyhnutelnost, nesahat."
"XI";"„Martine, jsi nějakej zelenej. Škoda, že není v pokročilejším stádiu rozkladu, mohli bychom ji odtáhnout do kuchyně a udělat ti z ní čaj,“ řekl Švarc bez známky pohnutí.";"PONECHAT";"Šokující, opakuje přesně stejný černý humor jako kolega u prvního mrtvého těla v jeho devatenácti letech (odst. 50) - definitivně uzavírá kruh jeho profesní otupělosti, nesahat."
"XI";"Martin se na chodbě pozvracel.";"PONECHAT";"Funkční, kontrastní reakce nováčka."
"XI";"Jakub mu podal kapesník a pak ho vybídl, aby s ním šel prohledat zbytek domu.";"PONECHAT";"Funkční, laskavé gesto přes drsnou fasádu."
"XI";"To, co našli ve sklepě, však zvedlo žaludek i jemu.";"PONECHAT";"Silná věta - i tak otrlý veterán je nakonec zasažen, gradace hrůzy."
"XI";"Do sklepa vedlo jednoduché schodiště stlučené z hrubých dřevěných prken.";"PONECHAT";"Funkční, konkrétní."
"XI";"Přesto bylo bytelné a policisté po něm bez obav sestoupili.";"PONECHAT";"Funkční."
"XI";"První, čeho si Jakub všiml, byl zdroj zápachu: miska se zbytky nespecifikovatelného psího pokrmu, plná masařek tučných jako čmeláci.";"PONECHAT";"Konkrétní, hororový detail - potvrzuje existenci ""psí misky"" z vnějšího, objektivního pohledu, uzavírá zvířecí motiv definitivně."
"XI";"Pokrmem se živily už i jejich larvy – drobní červíci připomínající bílé, hladové nitě.";"PONECHAT";"Silný, znepokojivý obraz rozkladu - odkaz na motiv ""červů"" ze snídaně v kap. VI, mrazivá stavební linka."
"XI";"Sklep byl špatně osvětlený, ale i tak si okamžitě všimli podlahy z udusané hlíny a nepřehlédli obdélníkovou jámu, připomínající otevřený hrob.";"PONECHAT";"Potvrzuje existenci hrobů z vnějšího pohledu - definitivní realita, ne jen bludná fantazie."
"XI";"Vedle ní však bylo něco možná ještě děsivějšího – hrob již zasypaný.";"PONECHAT";"MIMOŘÁDNĚ silné, otevřené zakončení kapitoly - zasypaný hrob ponechává čtenáři nejděsivější možnou otázku (co nebo kdo je v něm?) bez odpovědi. Nejlepší možný cliffhanger na konci předposlední kapitoly, nesahat ani slovo."
"XII";"Bože já se pobliju, pomyslela si Klára.";"OVĚŘIT";"V souboru je mezi ""Bože"" a ""já"" dvojitá mezera - drobný formátovací detail k opravě. Věta samotná je silná, funguje."
"XII";"Hlava se jí točila tak silně, až měla pocit, že se s ní převrací celá postel a prudce dopadá na podlahu.";"PONECHAT";"Silný, tělesně přesný popis závratě, dobré napětí."
"XII";"Byla unavená a pokusila se usnout pomocí jakési amatérské meditace.";"PONECHAT";"Funkční, ""amatérské"" dobře ukazuje improvizovanost jejího zvládání."
"XII";"Nešlo to.";"PONECHAT";"Krátké, úsporné."
"XII";"Tělo spánek odmítalo.";"PONECHAT";"Krátká, silná věta - tělo jako samostatný aktér odporu."
"XII";"Místo slastného upadnutí do bezvědomí se bolest neustále stupňovala.";"PONECHAT";"Funkční, dobrý kontrast toužené a skutečné zkušenosti."
"XII";"K nevolnosti se přidala křeč břišních svalů, k točení hlavy zase migréna, která přehlušila všechno ostatní.";"PONECHAT";"Konkrétní, gradující výčet tělesných příznaků, funguje."
"XII";"„Probouzí se,“ zaslechla Klára.";"PONECHAT";"Funkční, zavádí scénu v nemocnici/klášteře."
"XII";"„Už asi hodinu. Nechte ji zatím být, je úplně zřízená. Četli jste anamnézu?“";"PONECHAT";"Funkční, klinický jazyk zde odpovídá kontextu (lékařský rozhovor o pacientce), nepůsobí jako vata."
"XII";"Klára zachytila hlasy a s údivem si uvědomila, že před chvílí opravdu na okamžik usnula.";"PONECHAT";"Funkční."
"XII";"Teď však byla opět vzhůru — a jako každé ráno si vzpomněla na Tomáše.";"PONECHAT";"Funkční, zavádí retrospektivu."
"XII";"Už je to přes rok.";"PONECHAT";"Krátká, silná časová kotva - konzistentní s ""367 dny"" z kap. I a ""před rokem"" napříč knihou."
"XII";"Rok, co jsem ho poslala pro ten posraný kus masa, vybavilo se jí.";"PONECHAT";"Vulgární, upřímná vzpomínka - odkaz na plecko z kap. V, konzistentní."
"XII";"Vzpomínala, jak se mu po dvou hodinách snažila dovolat.";"PONECHAT";"Funkční, konkrétní."
"XII";"Po paměti vytočila jeho číslo na pevné lince.";"PONECHAT";"Konkrétní, dobový detail (pevná linka), funguje."
"XII";"Okamžitě se ozvalo zvonění z obýváku — telefon zůstal na nabíječce.";"PONECHAT";"Silný, mrazivý detail - telefon je doma, on ne, dobré tiché budování napětí."
"XII";"Po dalších dvou hodinách to už nevydržela, nasedla do své Toyoty a vyjela Tomáše hledat.";"PONECHAT";"Funkční, zavádí následující scénu."
"XII";"Klářina Toyota měla to nejlepší dávno za sebou, takže ji nepřekvapilo, že musí trochu víc šlápnout na plyn, aby se rozjela.";"PONECHAT";"Konkrétní, charakterizační detail vozu."
"XII";"Co ji ale zarazilo, bylo mírné zhoupnutí vozu, jako by přejela přes něco pod zadní nápravou.";"PONECHAT";"Funkční, buduje napětí před odhalením."
"XII";"Zastavila a šla to zkontrolovat.";"PONECHAT";"Krátké, funkční."
"XII";"Byl to místní toulavý jezevčík.";"OVĚŘIT";"KLÍČOVÁ, ale problematická věta - nabízí TŘETÍ, odlišnou verzi smrti jezevčíka (nehoda pod koly auta), která si protiřečí jak s Tomášovou verzí z kap. V (uspal a rozsápal ho on sám), tak s Klářiným vlastním doznáním z kap. IX (zabila ho nožem a inscenovala vraždu). Pokud je to záměr (ukázat, že ani jedna vzpomínka není spolehlivá a realita se dál rozpadá), je to silný uzavírací tah; pokud ne, je to vážná kontinuitní nesrovnalost, kterou je nutné vyřešit - doporučuji probrat s autorem, zda jde o vědomou, poslední vrstvu nespolehlivého vyprávění, nebo o chybu."
"XII";"Patřil paní Dostálové, co má v Karlově ulici kadeřnictví.";"OVĚŘIT";"Příjmení ""Dostálová"" je zajímavá shoda se jménem ""Martin Dostál"" z kap. XI (mrtvý syn i nový parťák policisty Švarce) - pokud jde o záměrnou stavební linku propojující zdánlivě nesouvisející postavy, ponechat a případně zdůraznit; pokud je to náhoda, nevadí, ale stojí za ověření."
"XII";"Často se toulal a Klára se opakovaně bála, že se mu něco stane.";"PONECHAT";"Trpce ironické - obávala se něčeho, co sama nakonec (v této verzi) způsobila, silná ironie."
"XII";"Bylo to zvláštní — na Tomášovu nehodu vzpomínala každý den, ale zrovna toho rána se jí vybavovalo všechno ostřeji.";"PONECHAT";"Funkční."
"XII";"Jako by v tom byla jistá míra nadhledu, bez obvyklé lítosti.";"PONECHAT";"Funkční, ukazuje neobvyklý psychický stav (léky? disociace?)."
"XII";"Najednou před sebou znovu viděla zbytky jezevčíka, jako by to byla fotografie: připomínal marmeládu plnou rozlámaných kostí hozenou na kožešinu.";"PONECHAT";"Silné, groteskní přirovnání (""marmeláda""), přesně v tónu černého humoru knihy."
"XII";"Jen hlava zůstala celá a ještě chvíli lapala po dechu.";"PONECHAT";"Znepokojivý, hororový detail, funguje."
"XII";"Klára zapomněla na Tomáše, běžela do garáže pro lopatu a se slzami v očích a odporem v každé buňce těla ho seškrábla z asfaltu.";"PONECHAT";"Silný, tělesně přesný obraz, funguje."
"XII";"Během improvizovaného pohřbu si umazala víko od popelnice.";"PONECHAT";"Odkaz na hliníkovou popelnici napříč celou knihou - poslední, drobná stavební linka, dobré uzavření motivu."
"XII";"Sotva lopatu vrátila na své místo, stáhl se jí žaludek — snad už popáté toho dne.";"PONECHAT";"Doslovná shoda s kap. I - definitivně potvrzuje, že jde o stejnou scénu/den, jen z jiné, rozšířené perspektivy."
"XII";"Na chodníku zastavilo policejní auto.";"PONECHAT";"Funkční, konzistentní."
"XII";"Dva policisté vystoupili a zamířili rovnou k ní.";"PONECHAT";"Funkční."
"XII";"„Slečna…?“ Druhý strážník významně zakašlal.";"PONECHAT";"Doslovná shoda s kap. I - potvrzená, konzistentní scéna."
"XII";"„Pardon. Paní Klára Vondrušková?“";"PONECHAT";"Doslovná shoda."
"XII";"„Ano, to jsem já. Co se děje?“";"PONECHAT";"Funkční."
"XII";"Jezevčík, blesklo jí hlavou.";"PONECHAT";"Klíčová, krátká věta - její první instinktivní myšlenka patří psovi, ne Tomášovi, silný detail viny/priority."
"XII";"„Vezměte si něco na sebe. Pojedete s námi.“";"PONECHAT";"Doslovná shoda s kap. I."
"XII";"„Ale proč?“";"PONECHAT";"Funkční."
"XII";"„Venku je zima a vy jste nalehko.“";"PONECHAT";"Doslovná shoda."
"XII";"„Proč mám jet s vámi?“";"PONECHAT";"Funkční."
"XII";"Policista se podíval na kolegu, který jen přikývl.";"PONECHAT";"Funkční."
"XII";"„Jde o vašeho muže. Myslíme, že je to on.“";"PONECHAT";"Funkční."
"XII";"„A co s ním je?“";"PONECHAT";"Funkční."
"XII";"„No, zkrátka…“";"PONECHAT";"Funkční, přerušená věta."
"XII";"„Potřebujeme vás k identifikaci těla.“";"PONECHAT";"Klíčová, drtivá věta."
"XII";"Tomáš zemřel při převozu sanitkou.";"PONECHAT";"KLÍČOVÁ věta - definitivně, potřetí (po kap. IX a XI) potvrzuje Tomášovu smrt, tentokrát s konkrétním detailem (zemřel při převozu, ne na místě). Uzavírá otázku jeho osudu s jistotou, nesahat."
"XII";"Co se stalo a kde to vlastně jsem? pomyslela si Klára.";"PONECHAT";"Funkční, zavádí dezorientovanou scénu."
"XII";"Otevřela oči a první, co uviděla, byly masivní kamenné klenby.";"PONECHAT";"Odkaz na architekturu kláštera/Garnierovy ordinace napříč knihou, konzistentní."
"XII";"Vypadalo to jako někde na hradě nebo v klášteře.";"PONECHAT";"Funkční."
"XII";"Nemůžu být na záchytce?";"PONECHAT";"Funkční, ukazuje její zmatenou racionalizaci."
"XII";"Ale ta přece nevypadá jako hrad, uvažovala.";"PONECHAT";"Funkční."
"XII";"Na druhou stranu, na záchytce nikdy nebyla a nemohla vědět, jak to tam vypadá.";"PONECHAT";"Funkční, dobrá logická smyčka zmatku."
"XII";"Stejně tak si nepamatovala, že by něco pila, ale to je u opice normální.";"PONECHAT";"Funkční, věrohodná racionalizace."
"XII";"Musím se zvednout.";"PONECHAT";"Krátké, funkční."
"XII";"Tělo se nepohnulo.";"PONECHAT";"Krátká, mrazivá věta - kontrastuje s předchozí myšlenkou, silné napětí."
"XII";"Klára nemohla pohnout žádnou částí těla od krku dolů.";"PONECHAT";"Silná, děsivá věta - dočasná paralýza po ztrátě krve, dobré vygradování hrůzy."
"XII";"„Ááá! Pomoc! Pomoc!“";"PONECHAT";"Krátký, úsečný výkřik paniky - dobrý kontrast k předchozímu klidnému vnitřnímu monologu."
"XII";"„Už je tady s námi,“ řekl cizí hlas.";"PONECHAT";"Funkční."
"XII";"„Vítejte!“ řekl jiný.";"PONECHAT";"Krátké, mírně znepokojivě vřelé přivítání, dobrý kontrast."
"XII";"Klára nad sebou najednou uviděla jeptišky.";"PONECHAT";"Funkční, potvrzuje klášter."
"XII";"„Co se to děje? Kde to jsem?“";"PONECHAT";"Funkční."
"XII";"„To nic, slečno, odpočívejte,“ řekla jedna z nich.";"PONECHAT";"Funkční, uklidňující tón."
"XII";"„Nebojte, tělo se brzy probere.“";"PONECHAT";"Mírně záhadná formulace (""tělo se probere"", ne ""vy se proberete"") - zvážit, zda je to záměrné odosobnění, nebo náhodná formulace, funguje jako znepokojivý detail."
"XII";"Kláře se nakonec podařilo na chvíli usnout a velmi jí to pomohlo.";"PONECHAT";"Funkční."
"XII";"Nevolnost a bolest hlavy postupně odeznívaly a začala cítit své končetiny.";"PONECHAT";"Funkční, konkrétní."
"XII";"Ještě si nedokázala sednout, ale už dokázala hýbat chodidlem a napnout stehenní svaly";"PONECHAT";"Konkrétní, tělesně přesný popis zotavování."
"XII";"ruce měla plně pod kontrolou.";"PONECHAT";"Funkční pokračování."
"XII";"To ji uklidnilo.";"PONECHAT";"Krátké, funkční."
"XII";"Ať se stalo cokoliv, není ochrnutá.";"PONECHAT";"Funkční, uzavírá úlevu."
"XII";"Návrat citu s sebou také přinášel pronikavou bolest.";"PONECHAT";"Funkční přechod k popisu bolesti."
"XII";"Cítila se, jako by prošla celým inkvizičním procesem.";"PONECHAT";"Silné, historicky zakotvené přirovnání."
"XII";"Klouby ji bolely, jako by ji někdo natáhl na skřipec.";"PONECHAT";"Pokračuje inkviziční metaforu konkrétně, funguje."
"XII";"Při zatnutí lýtkových svalů myslela na to, jaké to je, když někomu nasadí španělskou botu.";"PONECHAT";"Další konkrétní mučicí nástroj, dobrá gradace metafory."
"XII";"Nejsilnější však bylo pálení levého zápěstí";"PONECHAT";"Klíčové - definitivně potvrzuje, že šlo o levé zápěstí, konzistentní se všemi předchozími náznaky napříč knihou."
"XII";"všimla si, že má na ruce obvaz.";"PONECHAT";"Funkční, konkrétní."
"XII";"Zdálo se jí, že se pod ním množí ohniví mravenci a hodují na její poraněné tkáni.";"PONECHAT";"Silná, hororová smyslová metafora bolesti, funguje."
"XII";"„Jak se cítíte?“ zeptala se jeptiška.";"PONECHAT";"Funkční."
"XII";"„Všechno mě strašně bolí.“";"PONECHAT";"Funkční."
"XII";"„To je v pořádku,“ řekla řeholní sestra.";"PONECHAT";"Funkční."
"XII";"„Vážně?“";"PONECHAT";"Krátké, funkční."
"XII";"„Znamená to, že se vám obnovuje nervová soustava a regeneruje svalstvo. Několik dní to bude bolet jako čert, ale všichni jsme si tím prošli.“";"PONECHAT";"Znepokojivá poslední věta (""všichni jsme si tím prošli"") - naznačuje, že sebepoškození/pokus o sebevraždu je v tomto klášteře běžnou, sdílenou zkušeností mezi jeptiškami/pacientkami, mrazivé a funkční."
"XII";"Cože? pomyslela si Klára, ale nechtěla se ptát nahlas.";"PONECHAT";"Funkční."
"XII";"Pak jí to došlo.";"PONECHAT";"Krátké, funkční."
"XII";"Začala si vzpomínat.";"PONECHAT";"Krátké, funkční, buduje napětí před odhalením."
"XII";"„Já se…“";"PONECHAT";"Přerušená věta, dobré napětí."
"XII";"Sestra už byla na odchodu, ale když uslyšela Klárčin hlas, ihned se k ní otočila.";"PONECHAT";"Funkční."
"XII";"„Ano?“";"PONECHAT";"Krátké, funkční."
"XII";"„Já se…“";"PONECHAT";"Opakování přerušené věty - dobré vygradování napětí před finálním odhalením."
"XII";"„Já… já jsem se podřezala?“";"PONECHAT";"Silná, klíčová věta - Klára si sama, nejistě, uvědomuje vlastní čin. Dobrý, otevřený konec této scény před přechodem do nové, upravené pasáže."
"XII";"…";"PONECHAT";"Typografický scénický předěl, funkční."
"XII";"Klára sledovovala z okna travnaté kopce, s rysy jakoby dítě načrtlo několik zelených vlnek, bez květin a asfaltovcýh silnic.";"OVĚŘIT";"Silný, poetický obraz (kopce jako dětská kresba) funguje výborně. Obsahuje ale několik překlepů k opravě: ""sledovovala"" → ""sledovala"", ""jakoby"" → ""jako by"", ""asfaltovcýh"" → ""asfaltových""."
"XII";"Na kopcích stály bílé satelitní domky, všechny stejné, přesto jiné, mezi domky foukal chladný vánek, který necítila a za obzorem se táhly veleohor, které neviděla.";"OVĚŘIT";"""Veleohor"" je nejasné/pravděpodobně překlep (patrně ""velehory"") - opravit. Jinak silná, poetická věta s dobrou paradoxní strukturou (necítila vánek, neviděla hory - smyslová prázdnota přítomná i v nepřítomnosti)."
"XII";"Předměstí bylo místem, kde by se chtěla narodit, ráda na něj vzpomínat, ale nikdy by se do něj nechtěla vrátit.";"PONECHAT";"Krásná, melancholická uzavírající věta odstavce - přesná, úsporná formulace nostalgie bez sentimentality, nesahat."
"XII";"Seděla na nerezovém invalidním vozíky polstrovaným umělou kůží z která podle stavu musela pamatovat stovek zadků a propocených zad v ordinaci.";"OVĚŘIT";"Několik gramatických překlepů k opravě: ""vozíky"" → ""vozíku"", ""z která"" → ""z které"", ""pamatovat stovek"" → ""pamatovat stovky"". Obsahově dobrý, groteskní detail (invalidní vozík plný cizích tělesných stop)."
"XII";"Ordiance byla obludně velká a bez oken.";"OVĚŘIT";"Překlep ""Ordiance"" → ""Ordinace"". Popis (obrovská, beze oken místnost) je konzistentní s ordinací z kap. III/VII."
"XII";"Klenutý strop se opíral o masivní gotické pilíře a drželi ho pevně jako ústava podpírá republiku.";"UPRAVIT";"Gramatická shoda: ""pilíře...drželi"" by mělo být ""pilíře...držely"" (neživotné, mn. č.). Přirovnání (""jako ústava podpírá republiku"") je originální a funkční politická satira, ponechat."
"XII";"Místnost byla cvelá zaplněna nábytkem potažebým bílými plachtami potežené silnou vrstvou prachu.";"OVĚŘIT";"Více překlepů k opravě: ""cvelá"" → ""celá"", ""potažebým"" → ""potaženým"", ""potežené"" → nejspíš ""pokrytou"" nebo podobně - věta potřebuje po opravě překlepů ještě syntaktické projasnění (dvě po sobě jdoucí příčestí ""potaženým...pokryté"" znějí kostrbatě)."
"XII";"Okny dopadaly sluneční paprsky na dřevěnou podlahu, které podle vzhledu pamatovala došlápnutí chodidel mnichů z dob Lucemburků.";"UPRAVIT";"Shoda podmětu nejasná - ""které"" gramaticky odkazuje na ""paprsky"", ale smysl věty naznačuje, že ""pamatuje"" podlaha. Doporučuji přeformulovat, např. ""na dřevěnou podlahu, která podle vzhledu pamatovala došlapy mnišských chodidel z dob Lucemburků."" Obraz samotný (podlaha ""pamatující"" staletí) je krásný a poetický, zaslouží gramaticky čistší podobu."
"XII";"Teď na ní stál njeméně tři metry vysoký muž s dlaněmi jak lžíce od bagru.";"OVĚŘIT";"Překlep ""njeméně"" → ""nejméně"". Přirovnání dlaní ke lžíci od bagru je silné, groteskní, dobře navazuje na Garnierovu ""medvědí tlapu""/""prácku"" z předchozích kapitol."
"XII";"Za sebou měl stěnu se zaámovanými akademickými tituly, které ve stínu trochu zářily.";"OVĚŘIT";"Překlep ""zaámovanými"" → ""zarámovanými"". Detail ""trochu zářily"" dobře předjímá následující surrealistickou proměnlivost titulů."
"XII";"První kterého si Klára všimla byl z medicíny první lékařské fakulty Karlovy univerzity, na dalším si všimla titulu Ph.d napsaného před jmnénem, kterré nemohla rozlušit.";"OVĚŘIT";"Překlepy: ""jmnénem"" → ""jménem"", ""kterré"" → ""které"". Obsahově funkční - důvěryhodný první titul kontrastuje s nečitelným druhým, dobrý přechod k absurdnějším titulům dále."
"XII";"Na jiné papíře byla vytištěna kniha s nápisem Domina nustio illvmea a okolo kniihy University of Oxford.";"OVĚŘIT";"Překlep ""kniihy"" → ""knihy"". ""Domina nustio illvmea"" působí jako záměrná, nesmyslná pseudolatina (součást absurdního žertu o falešných titulech) - pokud je to záměr, ponechat; pokud ne, ujasnit význam nebo nahradit srozumitelnější frází."
"XII";"Samozřejmě nechyběl ani titul z hymalajské magie získaný na MIT.";"OVĚŘIT";"Překlep ""hymalajské"" → ""himálajské"". Absurdní kombinace (""himálajská magie"" + prestižní MIT) je dobrý vrchol žertu o Garnierových fiktivních titulech, nesahat na vtip, jen opravit pravopis."
"XII";"Alespoň takhle to při příjezdu zargeistrovala Klára.";"OVĚŘIT";"Překlep ""zargeistrovala"" → ""zaregistrovala""."
"XII";"Tituly se všelijak měnily, přibývali a zas mizely.";"OVĚŘIT";"Gramatická shoda: ""tituly...přibývali"" by mělo být ""přibývaly"" (neživotné, stř./mn. č.). Obsahově silná, znepokojivá věta - proměnlivost titulů dobře simuluje halucinační/snovou nejistotu vnímání po pokusu o sebevraždu, nesahat na obsah."
"XII";"Bílý plášť, plnovous a tolik akademických titulů, ,,Pane vy jste Bůh?” zeptala se Klára.";"UPRAVIT";"Uvozovky "",, """" neodpovídají českému úzu (a ani zbytku knihy, kde se důsledně používá „ “) - sjednotit formátování s celým dílem. Otázka ""Pane vy jste Bůh?"" navazuje na motiv ""mrtvého Boha"" a Garniera jako Boha z kap. I/III/VI, silná stavební linka."
"XII";"Bůh se zasmal: ,,proč ne? Jsem tedy Bůh. Bůh je přeci mrtev. Pomodlíme se Kláro?”";"UPRAVIT";"Opravit uvozovky na „ “. Odpověď (lhostejné přiznání božství, hned následované ""pomodlíme se"") je dobrá, ironicky přiznaná absurdita, konzistentní s tónem Garniera."
"XII";"„Pane,” špitla Klára a všimla si, že má obvázané zápěstí, co se stalo?";"UPRAVIT";"Opravit uvozovky. Věta míchá přímou řeč a nepřímou otázku bez jasného oddělení (""co se stalo?"" by mělo být buď v uvozovkách jako její myšlenka, nebo odděleno jinak) - zvážit rozdělení pro srozumitelnost."
"XII";"„Pane mohu mít tři přání? Mám na ně nárok.”";"UPRAVIT";"Opravit uvozovky a doplnit čárku po oslovení (""Pane, mohu...""). Motiv ""tří přání"" jako z pohádky dobře kontrastuje s vážností situace (po pokusu o sebevraždu), funguje jako regresivní, dětinská touha po jistotě."
"XII";"„Přání můžete mít kolik chcete…”";"UPRAVIT";"Opravit uvozovky. Vyhýbavá odpověď - typický Garnierův styl (slibuje vše a nic), konzistentní charakterizace."
"XII";"Garnier se podívla na kuličky na rázostroji, nehoupaly se.";"OVĚŘIT";"Překlep ""podívla"" → ""podíval"". Nehybné kuličky houpačky - opakovaný symbol stagnace/čekání na impulz, silné a funkční v této scéně (Klára čeká na odpověď, houpačka čeká na popud)."
"XII";"Přát si mohu cokoliv, ale kdo mi to vyplní, když Bůh je mrtev… všichni jsou mrtví… Tomáš je mrtev.";"PONECHAT";"Přechod z dialogu do vnitřního monologu bez uvozovek - stylisticky nejasné, ale funkčně silné, gradace ""mrtvý"" tří úrovní (Bůh, všichni, Tomáš) je účinná, nesahat na obsah, jen zvážit typografické oddělení od okolní přímé řeči."
"XII";"Tomáš je mrtev a já ho zabila.";"PONECHAT";"KLÍČOVÁ věta - přímé přiznání viny, přesně na místě po celé knize plné nepřímých, matoucích verzí viny/neviny. Nejjasnější a nejtvrdší formulace v celé knize, nesahat."
"XII";"„Prosím vás Kláro, copak na tom záleží jeslti je Bůh mrtev, nebo to jsem já?";"UPRAVIT";"Opravit uvozovky a překlep ""jeslti"" → ""jestli"", doplnit čárku po oslovení. Otázka je filozoficky silná (je rozdíl mezi smrtí Boha a smrtí doktora/muže?), dobrá."
"XII";"Co když je Bůh někdě tam za kopci, tam za těmi domky ve kterých byste se chtěla narodit, vzpomínat na ně v dobrém, ale nikdy byste se do nich nevrátila, co když byldí tam v horách, na které nevidíte, žije v jeskyni a živí se kořínky jako nějaký chlupatý hobit.";"OVĚŘIT";"Překlepy: ""někdě"" → ""někde"", ""byldí"" → patrně ""bydlí"". Krásně navazuje na Klářin úvodní obraz kopců/domků (odst. 35) - Garnier jí to ""vrací"" jako možnou skrýš Boha, silná stavební linka uvnitř nové pasáže. Přirovnání k hobitovi je hravé, možná až příliš odlehčující tón uprostřed vážné scény - zvážit, zda to sedí k celkovému vyznění."
"XII";"Co když Bůh byl se mnou zde popraven nacisty v tři a čtyřicátem za to, že vyvedl Židy z Egypta?";"PONECHAT";"Silná, temně absurdní věta - propojuje motiv ""mrtvého Boha"" s konkrétní historickou hrůzou (nacistická poprava), troufalá, ale funkční eskalace tématu, konzistentní s knihou, která si nebere servítky (viz nacistická tabatěrka)."
"XII";"Kláro…?,”";"UPRAVIT";"Opravit uvozovky a interpunkci (kombinace otazníku, čárky a uvozovek je nadbytečná/zmatečná - zvolit jednu). Krátké, otevřené oslovení, funguje jako zaváhání."
"XII";"Přistoupil doktor blíže ke Kláře, už nebyl tak obrovský, stále měl dobré dva metry, ale už vypadal jako člověk.";"PONECHAT";"Silný detail - Garnierova fyzická velikost se mění podle kontextu/vnímání, podobně jako v kap. III (""golemovská postava""), konzistentní motiv jeho nadpřirozené/proměnlivé podstaty."
"XII";"„Kláro? Mylsíte… že by Hitler dokázal zabít Boha?”";"UPRAVIT";"Opravit uvozovky a překlep ""Mylsíte"" → ""Myslíte"". Otázka je filozoficky provokativní a riskantní, ale funguje jako vyvrcholení předchozí odbočky o nacistech - zvážit, zda ještě dál rozvíjet, nebo nechat jako otevřenou, nezodpovězenou otázku (aktuálně zůstává bez odpovědi, což může být záměr)."
"XII";"„Pane doktore…” Klára to stejně chtěla zkusit a poždála o dvě věci po kterých touží každá mladá vdova po pokuse o sebevraždu, o balení grmaových neurolů a další sérii Zoufalých manželek.";"UPRAVIT";"Opravit uvozovky a překlepy: ""poždála"" → ""požádala"", ""grmaových"" → ""gramových"". Skvělá, trpce ironická pointa scény - po vší filozofické/existenciální tíze věty o Bohu a nacistech skončí banální, prozaickou žádostí o prášky a televizní seriál. Přesně ten typ antiklimaktického, černého humoru, který definuje tón celé knihy, nesahat na obsah, jen opravit pravopis."
"XII";"V lednici kromě hovězích ledvin a vepřových jater byly jen dva bílé jogurty.";"UPRAVIT";"Silný kontrastní obraz (syrové vnitřnosti vs. jogurt v lednici) - nese atmosféru, ponechat. Ale ""bílé"" u jogurtu je samozřejmost, žádná informace navíc - škrtnout přívlastek."
"XII";"Klára jeden vytáhla a v mikrovlnce přihřála tvrdou housku, z níž setřela zrnka máku a soli.";"PONECHAT";"Konkrétní smyslový detail (mák, sůl, tvrdost housky = zanedbanost, samota). Zvážit nahradit jméno ""Klára"" zájmenem/elipsou v příští revizi - jméno se v pasáži opakuje zbytečně často, oslabuje to plynulost."
"XII";"Klára měla v plánu se nasnídat, než se Tomáš probere";"PONECHAT";"Zakládá vyhýbavost a napětí mezi postavami, funkční informace pro scénu, drží se úsporně."
"XII";"nesnášela ten stalkerský pohled, kterým na ni každé ráno zíral a slintal.";"UPRAVIT";"""Slintal"" je silný zvířecí/zombie obraz - ponechat. ""Stalkerský"" je anglicismus, vybočuje z básnického rejstříku celé knihy - nahradit českým slovem (""vtíravý"", ""dotěrný"", ""hladový""). ""Ten"" je hovorová berlička - škrtnout."
"XII";"Možná by svůj hnědý úděl snášela lépe, kdyby měla alespoň hodinu denně na regeneraci.";"PONECHAT";"""Hnědý úděl"" je potvrzený, opakovaný motiv napříč celou knihou (kap. III, IV, VII) - ponechat beze změny, žádný překlep. ""Regenerace"" je mírně klinický výraz, ale sedí k jejímu učitelskému/racionalizujícímu způsobu myšlení."
"XII";"Hodila si nohy na stůl a skoro skopla nedojedenou snídani.";"PONECHAT";"Konkrétní fyzické gesto, dobré tempo. ""Nedojedenou"" nese informaci – nedokončený, přerušený rituál. Odkaz na úvodní scénu knihy."
"XII";"Nemohla to vydržet, začala se jí motat hlava a jediné, co jí opravdu pomohlo, bylo odkrvení nohou.";"UPRAVIT";"Věta funguje a nese informaci o jejím stavu. ""Opravdu"" je čistá vycpávka bez informační hodnoty – škrtnout."
"XII";"Po několika minutách se jí ustálil dech a ustupující bolest v oblasti holení a kotníku byla tím nejpříjemnějším, co obvykle za celý den zažila.";"SMAZAT / DRASTICKY UPRAVIT";"""V oblasti holení a kotníku"" zní jako lékařská zpráva, ne próza. Zpomaluje scénu hned po silném předchozím odstavci. Pokud zůstat, zredukovat na holý obraz úlevy bez anatomického popisu."
"XII";"Správně by v takové poloze měla zůstat alespoň hodinu třikrát denně, obzvláště po ránu, kdy ji bolely nohy nejvíc.";"SMAZAT";"Čistě instruktážní věta, jako z letáku od lékaře. Nenese atmosféru ani emoci, jen vysvětluje – ubírá tempo scéně bezprostředně po pokusu o sebevraždu a v přítomnosti ""oživlého"" Tomáše."
"XII";"Bohužel pro její plantární hyperémii neměl nikdo moc pochopení.";"UPRAVIT";"Motiv ""nikdo jí nevěří/nerozumí"" je tematicky silný (osamělost, neviditelnost) – zachovat pocit. ""Plantární hyperémie"" je teď (po kap. VII a IX) plně etablovaný, funkční motiv napříč knihou, ne nadbytečný latinismus jako se mohlo zdát izolovaně - přesto ""Bohužel"" je slabá vycpávka, škrtnout."
"XII";"Neobtěžovala se to říct ani Tomášovi.";"PONECHAT";"Úsporně ukazuje emoční odstup a rezignaci – přesně ten typ minimalismu, o který usiluješ. Nejsilnější věta z trojice o nepochopení bolesti."
"XII";"Dokonce ani praktický lékař jí tu chronickou bolest nevěřil.";"SMAZAT";"Opakuje tutéž myšlenku jako předchozí a následující věta (""nikdo jí nevěřil"") – tři věty na jednu myšlenku je redundance. Ponechat nejsilnější formulaci (""Neobtěžovala se to říct ani Tomášovi.""), tuto škrtnout."
"XII";"Až druhý ortoped jí stav správně diagnostikoval, ale kromě krátké úlevy po pojmenování příčiny jí to stejně nepřineslo žádné přínosy.";"SMAZAT";"Zdravotní backstory zpomaluje scénu v citově vypjatém okamžiku. ""Přínosy"" je byrokratické slovo mimo rejstřík knihy. Nenese atmosféru, jen vysvětluje minulost."
"XII";"Plantární hyperémie se dá léčit pouze klidovým režimem a odstraněním stresových faktorů, a i tak se bolesti v intervalech vracejí.";"SMAZAT";"Nejhorší provinění v pasáži – čte se jako opsaná encyklopedická definice nemoci. Úplně mimo literární hlas knihy, ničí atmosféru a tempo."
"XII";"Otevřela sáček s tabákem";"PONECHAT";"Konkrétní gesto, dobrý rytmus, plynule uvádí další obraz."
"XII";"permanentní absťák jí připomínal největší životní radost.";"UPRAVIT";"Silná ironie (absťák = největší radost) – obsah zachovat. ""Permanentní"" je latinismus, nekonzistentní s drsným hovorovým rejstříkem okolních vět (""slintal"", ""dement"") – nahradit českým ""věčný"" nebo ""trvalý""."
"XII";"Rovnala tabák žmouláním papírku mezi prsty a snažila se nedívat na toho dementa v rohu.";"PONECHAT";"""Dement v rohu"" je krutý, syrový obraz přesně v tónu, který kniha používá jinde (""píčoviny"", satira o AI apod.) – funkční a silné, nesahat."
"XII";"„Da da da…“";"PONECHAT";"Už teď dokonale minimalistické – dětské/šílené zabroukání. Nejsilnější obraz odosobnění a rozpadu v celé pasáži. Nesahat."
"XII";"Začala si pobrukovat tu nejotravnější melodii, která ji zrovna napadla.";"UPRAVIT";"""Zrovna"" je vycpávka bez informační hodnoty – škrtnout."
"XII";"Zaměstnávalo to její mozek a odvádělo od okolních vjemů, jako byl třeba Tomáš, který se začal nepředvídatelně pohybovat po kuchyni, nebo fakt, že si zrovna máčí chodidlo v jogurtu.";"UPRAVIT";"Klíčová pointa celé kapitoly i knihy – Tomášův loutkovitý/""oživlý"" pohyb a jogurt na noze (návrat motivu jogurtu z kap. I) – obsah bezpodmínečně zachovat, je to poslední věta celé knihy. Ale ""zaměstnávalo... a odvádělo od okolních vjemů"" a spojky ""jako byl třeba"" / ""nebo fakt, že"" jsou těžkopádné – zjednodušit na dva syrové obrazy vedle sebe. Zvážit, zda tahle banální, cyklická domácí scéna (odkaz zpět na úplný začátek knihy) není tou nejlepší možnou poslední větou celého díla přesně v současné podobě - uzavírá kruh Tomáš/jogurt/kuchyně, se kterým kniha začala."
